topology,family,regime,seed,condition,group,N_eligible,N_valid,realized_mean_cost,believed_mean_cost,realized_validity_rate,believed_validity_rate,mean_believed_realized_cf_displacement,ΔB_g_vs_L2,N_found,N_common_found_fourway,realized_cost_common_found_fourway,N_common_found_pairwise_vs_L2,realized_cost_common_found_pairwise_vs_L2,N_valid_subset,realized_cost_valid_subset,seed_idx
triangle,linear,additive,3134173889,L0,-1,2004,2004,4.656271973136073,4.656271973136073,1.0,1.0,0.0,0.1924833118592364,2004,2004,4.656271973136073,2004.0,4.656271973136073,2004,4.656271973136073,0
triangle,linear,additive,3134173889,L0,1,411,411,0.779765581280288,0.779765581280288,1.0,1.0,0.004626084533608819,0.02701771990558932,411,411,0.779765581280288,411.0,0.779765581280288,411,0.779765581280288,0
triangle,linear,additive,3134173889,L1-oracle,-1,2004,2004,4.523629824198854,4.523629824198854,1.0,1.0,0.08938112214593716,0.0598411629220168,2004,2004,4.523629824198854,2004.0,4.523629824198854,2004,4.523629824198854,0
triangle,linear,additive,3134173889,L1-oracle,1,411,411,0.7604856605495304,0.7604856605495304,1.0,1.0,0.01031711415095032,0.00773779917483175,411,411,0.7604856605495304,411.0,0.7604856605495304,411,0.7604856605495304,0
triangle,linear,additive,3134173889,L1-discovered,-1,2004,2004,4.523629824198854,4.523629824198854,1.0,1.0,0.08938112214593716,0.0598411629220168,2004,2004,4.523629824198854,2004.0,4.523629824198854,2004,4.523629824198854,0
triangle,linear,additive,3134173889,L1-discovered,1,411,411,0.7604856605495304,0.7604856605495304,1.0,1.0,0.01031711415095032,0.00773779917483175,411,411,0.7604856605495304,411.0,0.7604856605495304,411,0.7604856605495304,0
triangle,linear,additive,3134173889,L2,-1,2004,2004,4.463788661276837,4.463788661276837,1.0,1.0,0.0,,2004,2004,4.463788661276837,,,2004,4.463788661276837,0
triangle,linear,additive,3134173889,L2,1,411,411,0.7527478613746986,0.7527478613746986,1.0,1.0,0.0,,411,411,0.7527478613746986,,,411,0.7527478613746986,0
triangle,linear,additive,3888140183,L0,-1,1980,1980,4.6708868568915465,4.6708868568915465,1.0,1.0,0.0,0.2466556268831006,1980,1980,4.6708868568915465,1980.0,4.6708868568915465,1980,4.6708868568915465,1
triangle,linear,additive,3888140183,L0,1,410,410,0.7614108654090799,0.7614108654090799,1.0,1.0,0.005345771229532045,0.03705190404712955,410,410,0.7614108654090799,410.0,0.7614108654090799,410,0.7614108654090799,1
triangle,linear,additive,3888140183,L1-oracle,-1,1980,1980,4.429680842947954,4.429680842947954,1.0,1.0,0.00983170877848541,0.005449612939508519,1980,1980,4.429680842947954,1980.0,4.429680842947954,1980,4.429680842947954,1
triangle,linear,additive,3888140183,L1-oracle,1,410,410,0.7249072455906203,0.7249072455906203,1.0,1.0,0.0013585353818243136,0.0005482842286699263,410,410,0.7249072455906203,410.0,0.7249072455906203,410,0.7249072455906203,1
triangle,linear,additive,3888140183,L1-discovered,-1,1980,1980,4.429680842947954,4.429680842947954,1.0,1.0,0.00983170877848541,0.005449612939508519,1980,1980,4.429680842947954,1980.0,4.429680842947954,1980,4.429680842947954,1
triangle,linear,additive,3888140183,L1-discovered,1,410,410,0.7249072455906203,0.7249072455906203,1.0,1.0,0.0013585353818243136,0.0005482842286699263,410,410,0.7249072455906203,410.0,0.7249072455906203,410,0.7249072455906203,1
triangle,linear,additive,3888140183,L2,-1,1980,1980,4.424231230008446,4.424231230008446,1.0,1.0,0.0,,1980,1980,4.424231230008446,,,1980,4.424231230008446,1
triangle,linear,additive,3888140183,L2,1,410,410,0.7243589613619503,0.7243589613619503,1.0,1.0,0.0,,410,410,0.7243589613619503,,,410,0.7243589613619503,1
triangle,linear,additive,242446310,L0,-1,1974,1974,4.693451950791773,4.693451950791773,1.0,1.0,0.0,0.1397425506923593,1974,1974,4.693451950791773,1974.0,4.693451950791773,1974,4.693451950791773,2
triangle,linear,additive,242446310,L0,1,456,456,0.7459818089274496,0.7459818089274496,1.0,1.0,0.004651999023115823,0.02048636828013206,456,456,0.7459818089274496,456.0,0.7459818089274496,456,0.7459818089274496,2
triangle,linear,additive,242446310,L1-oracle,-1,1974,1909,4.550054980457443,4.550054980457443,0.9670719351570415,1.0,0.005070079651564974,-0.0036544196419709962,1974,1974,4.550054980457443,1974.0,4.550054980457443,1909,4.542158493815864,2
triangle,linear,additive,242446310,L1-oracle,1,456,455,0.7253455816233825,0.7253455816233825,0.9978070175438597,1.0,0.0005655545293578872,-0.00014985902393505057,456,456,0.7253455816233825,456.0,0.7253455816233825,455,0.7247313262225701,2
triangle,linear,additive,242446310,L1-discovered,-1,1974,1909,4.550054980457443,4.550054980457443,0.9670719351570415,1.0,0.005070079651565082,-0.0036544196419709962,1974,1974,4.550054980457443,1974.0,4.550054980457443,1909,4.542158493815864,2
triangle,linear,additive,242446310,L1-discovered,1,456,455,0.7253455816233825,0.7253455816233825,0.9978070175438597,1.0,0.0005655545293578872,-0.00014985902393505057,456,456,0.7253455816233825,456.0,0.7253455816233825,455,0.7247313262225701,2
triangle,linear,additive,242446310,L2,-1,1974,1974,4.553709400099414,4.553709400099414,1.0,1.0,0.0,,1974,1974,4.553709400099414,,,1974,4.553709400099414,2
triangle,linear,additive,242446310,L2,1,456,456,0.7254954406473175,0.7254954406473175,1.0,1.0,0.0,,456,456,0.7254954406473175,,,456,0.7254954406473175,2
triangle,linear,additive,1421188080,L0,-1,1986,1986,4.66641595642203,4.66641595642203,1.0,1.0,2.8107363424512815e-05,0.3255767144791202,1986,1986,4.66641595642203,1986.0,4.66641595642203,1986,4.66641595642203,3
triangle,linear,additive,1421188080,L0,1,426,426,0.7215897906648676,0.7215897906648676,1.0,1.0,0.006158679616833048,0.037676420453431114,426,426,0.7215897906648676,426.0,0.7215897906648676,426,0.7215897906648676,3
triangle,linear,additive,1421188080,L1-oracle,-1,1986,1844,4.332856750730348,4.332856750730348,0.9284994964753273,1.0,0.013522427423771547,-0.007982491212562337,1986,1986,4.332856750730348,1986.0,4.332856750730348,1844,4.312758506550138,3
triangle,linear,additive,1421188080,L1-oracle,1,426,425,0.683746718075777,0.683746718075777,0.9976525821596244,1.0,0.0018110156234009895,-0.000166652135659473,426,426,0.683746718075777,426.0,0.683746718075777,425,0.6845674695475634,3
triangle,linear,additive,1421188080,L1-discovered,-1,1986,1844,4.332856750730348,4.332856750730348,0.9284994964753273,1.0,0.01352242742377177,-0.007982491212562337,1986,1986,4.332856750730348,1986.0,4.332856750730348,1844,4.312758506550138,3
triangle,linear,additive,1421188080,L1-discovered,1,426,425,0.683746718075777,0.683746718075777,0.9976525821596244,1.0,0.0018110156234009895,-0.000166652135659473,426,426,0.683746718075777,426.0,0.683746718075777,425,0.6845674695475634,3
triangle,linear,additive,1421188080,L2,-1,1986,1986,4.34083924194291,4.34083924194291,1.0,1.0,0.0,,1986,1986,4.34083924194291,,,1986,4.34083924194291,3
triangle,linear,additive,1421188080,L2,1,426,426,0.6839133702114365,0.6839133702114365,1.0,1.0,0.0,,426,426,0.6839133702114365,,,426,0.6839133702114365,3
triangle,linear,additive,2507512415,L0,-1,2031,2031,4.686164118013533,4.686164118013533,1.0,1.0,0.0,0.1905440028264067,2031,2031,4.686164118013533,2031.0,4.686164118013533,2031,4.686164118013533,4
triangle,linear,additive,2507512415,L0,1,399,399,0.7652574943735553,0.7652574943735553,1.0,1.0,0.004096085735543458,0.027563572141797832,399,399,0.7652574943735553,399.0,0.7652574943735553,399,0.7652574943735553,4
triangle,linear,additive,2507512415,L1-oracle,-1,2031,2031,4.528996258845937,4.528996258845937,1.0,1.0,0.04737863806719335,0.0333761436588107,2031,2031,4.528996258845937,2031.0,4.528996258845937,2031,4.528996258845937,4
triangle,linear,additive,2507512415,L1-oracle,1,399,399,0.7407547619643495,0.7407547619643495,1.0,1.0,0.005646310301025237,0.00306083973259208,399,399,0.7407547619643495,399.0,0.7407547619643495,399,0.7407547619643495,4
triangle,linear,additive,2507512415,L1-discovered,-1,2031,2031,4.528996258845937,4.528996258845937,1.0,1.0,0.04737863806719335,0.0333761436588107,2031,2031,4.528996258845937,2031.0,4.528996258845937,2031,4.528996258845937,4
triangle,linear,additive,2507512415,L1-discovered,1,399,399,0.7407547619643495,0.7407547619643495,1.0,1.0,0.005646310301025237,0.00306083973259208,399,399,0.7407547619643495,399.0,0.7407547619643495,399,0.7407547619643495,4
triangle,linear,additive,2507512415,L2,-1,2031,2031,4.495620115187126,4.495620115187126,1.0,1.0,0.0,,2031,2031,4.495620115187126,,,2031,4.495620115187126,4
triangle,linear,additive,2507512415,L2,1,399,399,0.7376939222317574,0.7376939222317574,1.0,1.0,0.0,,399,399,0.7376939222317574,,,399,0.7376939222317574,4
triangle,linear,additive,2830493979,L0,-1,2031,2031,4.511356566600529,4.511356566600529,1.0,1.0,0.0,0.09005934601217636,2031,2031,4.511356566600529,2031.0,4.511356566600529,2031,4.511356566600529,5
triangle,linear,additive,2830493979,L0,1,370,370,0.7233932904938745,0.7233932904938745,1.0,1.0,0.004315628779218734,0.014359416197113006,370,370,0.7233932904938745,370.0,0.7233932904938745,370,0.7233932904938745,5
triangle,linear,additive,2830493979,L1-oracle,-1,2031,2031,4.500865410495975,4.500865410495975,1.0,1.0,0.05934939854967522,0.07956818990762216,2031,2031,4.500865410495975,2031.0,4.500865410495975,2031,4.500865410495975,5
triangle,linear,additive,2830493979,L1-oracle,1,370,370,0.7161492579490857,0.7161492579490857,1.0,1.0,0.0059899827807974315,0.007115383652324225,370,370,0.7161492579490857,370.0,0.7161492579490857,370,0.7161492579490857,5
triangle,linear,additive,2830493979,L1-discovered,-1,2031,2031,4.500865410495975,4.500865410495975,1.0,1.0,0.05934939854967522,0.07956818990762216,2031,2031,4.500865410495975,2031.0,4.500865410495975,2031,4.500865410495975,5
triangle,linear,additive,2830493979,L1-discovered,1,370,370,0.7161492579490857,0.7161492579490857,1.0,1.0,0.0059899827807974315,0.007115383652324225,370,370,0.7161492579490857,370.0,0.7161492579490857,370,0.7161492579490857,5
triangle,linear,additive,2830493979,L2,-1,2031,2031,4.421297220588353,4.421297220588353,1.0,1.0,0.0,,2031,2031,4.421297220588353,,,2031,4.421297220588353,5
triangle,linear,additive,2830493979,L2,1,370,370,0.7090338742967615,0.7090338742967615,1.0,1.0,0.0,,370,370,0.7090338742967615,,,370,0.7090338742967615,5
triangle,linear,additive,1162261060,L0,-1,2026,2026,4.66608912587196,4.66608912587196,1.0,1.0,0.0,0.03521241836910782,2026,2026,4.66608912587196,2026.0,4.66608912587196,2026,4.66608912587196,6
triangle,linear,additive,1162261060,L0,1,393,393,0.7324922890858953,0.7324922890858953,1.0,1.0,0.005202735650163129,0.007855872949375176,393,393,0.7324922890858953,393.0,0.7324922890858953,393,0.7324922890858953,6
triangle,linear,additive,1162261060,L1-oracle,-1,2026,2026,4.6548400145928746,4.6548400145928746,1.0,1.0,0.021701236538374746,0.023963307090022035,2026,2026,4.6548400145928746,2026.0,4.6548400145928746,2026,4.6548400145928746,6
triangle,linear,additive,1162261060,L1-oracle,1,393,393,0.7266600857910787,0.7266600857910787,1.0,1.0,0.0026379698011405445,0.0020236696545585797,393,393,0.7266600857910787,393.0,0.7266600857910787,393,0.7266600857910787,6
triangle,linear,additive,1162261060,L1-discovered,-1,2026,2026,4.6548400145928746,4.6548400145928746,1.0,1.0,0.021701236538374746,0.023963307090022035,2026,2026,4.6548400145928746,2026.0,4.6548400145928746,2026,4.6548400145928746,6
triangle,linear,additive,1162261060,L1-discovered,1,393,393,0.7266600857910787,0.7266600857910787,1.0,1.0,0.0026379698011405445,0.0020236696545585797,393,393,0.7266600857910787,393.0,0.7266600857910787,393,0.7266600857910787,6
triangle,linear,additive,1162261060,L2,-1,2026,2026,4.6308767075028525,4.6308767075028525,1.0,1.0,0.0,,2026,2026,4.6308767075028525,,,2026,4.6308767075028525,6
triangle,linear,additive,1162261060,L2,1,393,393,0.7246364161365201,0.7246364161365201,1.0,1.0,0.0,,393,393,0.7246364161365201,,,393,0.7246364161365201,6
triangle,linear,additive,3312119525,L0,-1,2008,2008,4.66680154557882,4.66680154557882,1.0,1.0,0.0,0.1703065725188191,2008,2008,4.66680154557882,2008.0,4.66680154557882,2008,4.66680154557882,7
triangle,linear,additive,3312119525,L0,1,414,414,0.7408147059419313,0.7408147059419313,1.0,1.0,0.003794560051093812,0.023245508383112568,414,414,0.7408147059419313,414.0,0.7408147059419313,414,0.7408147059419313,7
triangle,linear,additive,3312119525,L1-oracle,-1,2008,1282,4.455966410115551,4.455966410115551,0.6384462151394422,1.0,0.060828233092236915,-0.0405285629444494,2008,2008,4.455966410115551,2008.0,4.455966410115551,1282,4.244675325791674,7
triangle,linear,additive,3312119525,L1-oracle,1,414,387,0.7119318579281962,0.7119318579281962,0.9347826086956522,1.0,0.007486624531079284,-0.005637339630622518,414,414,0.7119318579281962,414.0,0.7119318579281962,387,0.6728768924029265,7
triangle,linear,additive,3312119525,L1-discovered,-1,2008,1282,4.455966410115551,4.455966410115551,0.6384462151394422,1.0,0.060828233092236915,-0.0405285629444494,2008,2008,4.455966410115551,2008.0,4.455966410115551,1282,4.244675325791674,7
triangle,linear,additive,3312119525,L1-discovered,1,414,387,0.7119318579281962,0.7119318579281962,0.9347826086956522,1.0,0.0074866245310792065,-0.005637339630622518,414,414,0.7119318579281962,414.0,0.7119318579281962,387,0.6728768924029265,7
triangle,linear,additive,3312119525,L2,-1,2008,2008,4.496494973060001,4.496494973060001,1.0,1.0,0.0,,2008,2008,4.496494973060001,,,2008,4.496494973060001,7
triangle,linear,additive,3312119525,L2,1,414,414,0.7175691975588188,0.7175691975588188,1.0,1.0,0.0,,414,414,0.7175691975588188,,,414,0.7175691975588188,7
triangle,linear,additive,3527135551,L0,-1,2011,2011,4.633712329604822,4.633712329604822,1.0,1.0,0.0,0.25192082048452047,2011,2011,4.633712329604822,2011.0,4.633712329604822,2011,4.633712329604822,8
triangle,linear,additive,3527135551,L0,1,402,402,0.7316040241109839,0.7316040241109839,1.0,1.0,0.00527429580260706,0.03658174068628972,402,402,0.7316040241109839,402.0,0.7316040241109839,402,0.7316040241109839,8
triangle,linear,additive,3527135551,L1-oracle,-1,2011,1937,4.377688954806448,4.377688954806448,0.9632023868722028,1.0,0.005860780986410942,-0.004102554313853091,2011,2011,4.377688954806448,2011.0,4.377688954806448,1937,4.370254272615023,8
triangle,linear,additive,3527135551,L1-oracle,1,402,400,0.6944861116431572,0.6944861116431572,0.9950248756218906,1.0,0.0007940709577620153,-0.000536171781536976,402,402,0.6944861116431572,402.0,0.6944861116431572,400,0.6904260150117022,8
triangle,linear,additive,3527135551,L1-discovered,-1,2011,1937,4.377688954806448,4.377688954806448,0.9632023868722028,1.0,0.005860780986410942,-0.004102554313853091,2011,2011,4.377688954806448,2011.0,4.377688954806448,1937,4.370254272615023,8
triangle,linear,additive,3527135551,L1-discovered,1,402,400,0.6944861116431572,0.6944861116431572,0.9950248756218906,1.0,0.0007940709577620153,-0.000536171781536976,402,402,0.6944861116431572,402.0,0.6944861116431572,400,0.6904260150117022,8
triangle,linear,additive,3527135551,L2,-1,2011,2011,4.381791509120301,4.381791509120301,1.0,1.0,0.0,,2011,2011,4.381791509120301,,,2011,4.381791509120301,8
triangle,linear,additive,3527135551,L2,1,402,402,0.6950222834246942,0.6950222834246942,1.0,1.0,0.0,,402,402,0.6950222834246942,,,402,0.6950222834246942,8
triangle,linear,additive,2727678368,L0,-1,1974,1974,4.629331689616948,4.629331689616948,1.0,1.0,2.8354858166665046e-05,0.39460388881167585,1974,1974,4.629331689616948,1974.0,4.629331689616948,1974,4.629331689616948,9
triangle,linear,additive,2727678368,L0,1,418,418,0.7701392553401498,0.7701392553401498,1.0,1.0,0.00723089584003308,0.05081017872872484,418,418,0.7701392553401498,418.0,0.7701392553401498,418,0.7701392553401498,9
triangle,linear,additive,2727678368,L1-oracle,-1,1974,1974,4.238187093501606,4.238187093501606,1.0,1.0,0.006478884738604868,0.0034592926963341597,1974,1974,4.238187093501606,1974.0,4.238187093501606,1974,4.238187093501606,9
triangle,linear,additive,2727678368,L1-oracle,1,418,418,0.7198686072298445,0.7198686072298445,1.0,1.0,0.0010027127711025176,0.0005395306184194926,418,418,0.7198686072298445,418.0,0.7198686072298445,418,0.7198686072298445,9
triangle,linear,additive,2727678368,L1-discovered,-1,1974,1974,4.238187093501606,4.238187093501606,1.0,1.0,0.006478884738604647,0.0034592926963341597,1974,1974,4.238187093501606,1974.0,4.238187093501606,1974,4.238187093501606,9
triangle,linear,additive,2727678368,L1-discovered,1,418,418,0.7198686072298445,0.7198686072298445,1.0,1.0,0.0010027127711025176,0.0005395306184194926,418,418,0.7198686072298445,418.0,0.7198686072298445,418,0.7198686072298445,9
triangle,linear,additive,2727678368,L2,-1,1974,1974,4.234727800805272,4.234727800805272,1.0,1.0,0.0,,1974,1974,4.234727800805272,,,1974,4.234727800805272,9
triangle,linear,additive,2727678368,L2,1,418,418,0.719329076611425,0.719329076611425,1.0,1.0,0.0,,418,418,0.719329076611425,,,418,0.719329076611425,9
triangle,linear,additive,2186263937,L0,-1,1976,1976,4.8360975596330755,4.8360975596330755,1.0,1.0,0.0,0.15960545128398884,1976,1976,4.8360975596330755,1976.0,4.8360975596330755,1976,4.8360975596330755,10
triangle,linear,additive,2186263937,L0,1,488,488,0.8113999035973931,0.8113999035973931,1.0,1.0,0.0036018366991922867,0.02345826866520262,488,488,0.8113999035973931,488.0,0.8113999035973931,488,0.8113999035973931,10
triangle,linear,additive,2186263937,L1-oracle,-1,1976,1488,4.648487510665918,4.648487510665918,0.7530364372469636,1.0,0.03976168433304031,-0.028004597683168875,1976,1976,4.648487510665918,1976.0,4.648487510665918,1488,4.57777386109864,10
triangle,linear,additive,2186263937,L1-oracle,1,488,473,0.785465387094109,0.785465387094109,0.9692622950819673,1.0,0.004994707250228467,-0.0024762478380815356,488,488,0.785465387094109,488.0,0.785465387094109,473,0.7763305342798351,10
triangle,linear,additive,2186263937,L1-discovered,-1,1976,1488,4.648487510665918,4.648487510665918,0.7530364372469636,1.0,0.03976168433304031,-0.028004597683168875,1976,1976,4.648487510665918,1976.0,4.648487510665918,1488,4.57777386109864,10
triangle,linear,additive,2186263937,L1-discovered,1,488,473,0.785465387094109,0.785465387094109,0.9692622950819673,1.0,0.004994707250228467,-0.0024762478380815356,488,488,0.785465387094109,488.0,0.785465387094109,473,0.7763305342798351,10
triangle,linear,additive,2186263937,L2,-1,1976,1976,4.676492108349087,4.676492108349087,1.0,1.0,0.0,,1976,1976,4.676492108349087,,,1976,4.676492108349087,10
triangle,linear,additive,2186263937,L2,1,488,488,0.7879416349321905,0.7879416349321905,1.0,1.0,0.0,,488,488,0.7879416349321905,,,488,0.7879416349321905,10
triangle,linear,additive,3073006032,L0,-1,2034,2034,4.710291810159925,4.710291810159925,1.0,1.0,0.0,0.25061921447677094,2034,2034,4.710291810159925,2034.0,4.710291810159925,2034,4.710291810159925,11
triangle,linear,additive,3073006032,L0,1,431,431,0.7638822527164848,0.7638822527164848,1.0,1.0,0.0024693819454291444,0.036042986254390064,431,431,0.7638822527164848,431.0,0.7638822527164848,431,0.7638822527164848,11
triangle,linear,additive,3073006032,L1-oracle,-1,2034,1731,4.442990394388835,4.442990394388835,0.8510324483775811,1.0,0.02578022773304171,-0.01668220129431841,2034,2034,4.442990394388835,2034.0,4.442990394388835,1731,4.400562372671554,11
triangle,linear,additive,3073006032,L1-oracle,1,431,422,0.725950285762901,0.725950285762901,0.9791183294663574,1.0,0.00356263504016083,-0.001888980699193743,431,431,0.725950285762901,431.0,0.725950285762901,422,0.7183360015586034,11
triangle,linear,additive,3073006032,L1-discovered,-1,2034,1731,4.442990394388835,4.442990394388835,0.8510324483775811,1.0,0.02578022773304171,-0.01668220129431841,2034,2034,4.442990394388835,2034.0,4.442990394388835,1731,4.400562372671554,11
triangle,linear,additive,3073006032,L1-discovered,1,431,422,0.725950285762901,0.725950285762901,0.9791183294663574,1.0,0.003562635040160741,-0.001888980699193743,431,431,0.725950285762901,431.0,0.725950285762901,422,0.7183360015586034,11
triangle,linear,additive,3073006032,L2,-1,2034,2034,4.459672595683154,4.459672595683154,1.0,1.0,0.0,,2034,2034,4.459672595683154,,,2034,4.459672595683154,11
triangle,linear,additive,3073006032,L2,1,431,431,0.7278392664620947,0.7278392664620947,1.0,1.0,0.0,,431,431,0.7278392664620947,,,431,0.7278392664620947,11
triangle,linear,additive,2400372293,L0,-1,1988,1988,4.65775803174852,4.65775803174852,1.0,1.0,0.0,0.35274296050599396,1988,1988,4.65775803174852,1988.0,4.65775803174852,1988,4.65775803174852,12
triangle,linear,additive,2400372293,L0,1,436,436,0.7819033649210362,0.7819033649210362,1.0,1.0,0.006330582519424414,0.045852239953157126,436,436,0.7819033649210362,436.0,0.7819033649210362,436,0.7819033649210362,12
triangle,linear,additive,2400372293,L1-oracle,-1,1988,1988,4.344513559785888,4.344513559785888,1.0,1.0,0.06739349726233752,0.03949848854336224,1988,1988,4.344513559785888,1988.0,4.344513559785888,1988,4.344513559785888,12
triangle,linear,additive,2400372293,L1-oracle,1,436,436,0.7413322152552159,0.7413322152552159,1.0,1.0,0.009901576562720605,0.005281090287336809,436,436,0.7413322152552159,436.0,0.7413322152552159,436,0.7413322152552159,12
triangle,linear,additive,2400372293,L1-discovered,-1,1988,1988,4.344513559785888,4.344513559785888,1.0,1.0,0.06739349726233752,0.03949848854336224,1988,1988,4.344513559785888,1988.0,4.344513559785888,1988,4.344513559785888,12
triangle,linear,additive,2400372293,L1-discovered,1,436,436,0.7413322152552159,0.7413322152552159,1.0,1.0,0.009901576562720605,0.005281090287336809,436,436,0.7413322152552159,436.0,0.7413322152552159,436,0.7413322152552159,12
triangle,linear,additive,2400372293,L2,-1,1988,1988,4.305015071242526,4.305015071242526,1.0,1.0,0.0,,1988,1988,4.305015071242526,,,1988,4.305015071242526,12
triangle,linear,additive,2400372293,L2,1,436,436,0.7360511249678791,0.7360511249678791,1.0,1.0,0.0,,436,436,0.7360511249678791,,,436,0.7360511249678791,12
triangle,linear,additive,14143617,L0,-1,1992,1992,4.722225553550384,4.722225553550384,1.0,1.0,2.774071938950724e-05,0.2681083420826793,1992,1992,4.722225553550384,1992.0,4.722225553550384,1992,4.722225553550384,13
triangle,linear,additive,14143617,L0,1,439,439,0.8150579497053418,0.8150579497053418,1.0,1.0,0.004783283587490068,0.03970741811172973,439,439,0.8150579497053418,439.0,0.8150579497053418,439,0.8150579497053418,13
triangle,linear,additive,14143617,L1-oracle,-1,1992,1992,4.47575497259152,4.47575497259152,1.0,1.0,0.032011234562711696,0.021637761123815658,1992,1992,4.47575497259152,1992.0,4.47575497259152,1992,4.47575497259152,13
triangle,linear,additive,14143617,L1-oracle,1,439,439,0.7788267250107811,0.7788267250107811,1.0,1.0,0.004731285609071508,0.0034761934171689823,439,439,0.7788267250107811,439.0,0.7788267250107811,439,0.7788267250107811,13
triangle,linear,additive,14143617,L1-discovered,-1,1992,1992,4.47575497259152,4.47575497259152,1.0,1.0,0.032011234562711696,0.021637761123815658,1992,1992,4.47575497259152,1992.0,4.47575497259152,1992,4.47575497259152,13
triangle,linear,additive,14143617,L1-discovered,1,439,439,0.7788267250107811,0.7788267250107811,1.0,1.0,0.004731285609071508,0.0034761934171689823,439,439,0.7788267250107811,439.0,0.7788267250107811,439,0.7788267250107811,13
triangle,linear,additive,14143617,L2,-1,1992,1992,4.454117211467705,4.454117211467705,1.0,1.0,0.0,,1992,1992,4.454117211467705,,,1992,4.454117211467705,13
triangle,linear,additive,14143617,L2,1,439,439,0.7753505315936121,0.7753505315936121,1.0,1.0,0.0,,439,439,0.7753505315936121,,,439,0.7753505315936121,13
triangle,linear,additive,1350438117,L0,-1,1999,1999,4.60309551702191,4.60309551702191,1.0,1.0,0.0,0.0,1999,1999,4.60309551702191,1999.0,4.60309551702191,1999,4.60309551702191,14
triangle,linear,additive,1350438117,L0,1,423,423,0.7281497723565518,0.7281497723565518,1.0,1.0,0.005054382983643301,0.0033053178209800915,423,423,0.7281497723565518,423.0,0.7281497723565518,423,0.7281497723565518,14
triangle,linear,additive,1350438117,L1-oracle,-1,1999,1994,4.603069354869379,4.603069354869379,0.9974987493746873,1.0,6.295154810801958e-05,-2.6162152531483684e-05,1999,1999,4.603069354869379,1999.0,4.603069354869379,1994,4.609589157237732,14
triangle,linear,additive,1350438117,L1-oracle,1,423,412,0.7243100752475514,0.7243100752475514,0.9739952718676123,1.0,0.0011465234845034176,-0.000534379288020248,423,423,0.7243100752475514,423.0,0.7243100752475514,412,0.7215255174496678,14
triangle,linear,additive,1350438117,L1-discovered,-1,1999,1994,4.603069354869379,4.603069354869379,0.9974987493746873,1.0,6.295154810801958e-05,-2.6162152531483684e-05,1999,1999,4.603069354869379,1999.0,4.603069354869379,1994,4.609589157237732,14
triangle,linear,additive,1350438117,L1-discovered,1,423,412,0.7243100752475514,0.7243100752475514,0.9739952718676123,1.0,0.0011465234845034176,-0.000534379288020248,423,423,0.7243100752475514,423.0,0.7243100752475514,412,0.7215255174496678,14
triangle,linear,additive,1350438117,L2,-1,1999,1999,4.60309551702191,4.60309551702191,1.0,1.0,0.0,,1999,1999,4.60309551702191,,,1999,4.60309551702191,14
triangle,linear,additive,1350438117,L2,1,423,423,0.7248444545355717,0.7248444545355717,1.0,1.0,0.0,,423,423,0.7248444545355717,,,423,0.7248444545355717,14
triangle,linear,additive,801569728,L0,-1,2016,2016,4.528448294731597,4.528448294731597,1.0,1.0,2.7703618929224182e-05,1.9870798340093643e-07,2016,2016,4.528448294731597,2016.0,4.528448294731597,2016,4.528448294731597,15
triangle,linear,additive,801569728,L0,1,415,415,0.7566220821979835,0.7566220821979835,1.0,1.0,0.002826169665030446,0.0020373030756046795,415,415,0.7566220821979835,415.0,0.7566220821979835,415,0.7566220821979835,15
triangle,linear,additive,801569728,L1-oracle,-1,2016,2016,4.528448294731597,4.528448294731597,1.0,1.0,8.219902711457839e-07,1.9870798340093643e-07,2016,2016,4.528448294731597,2016.0,4.528448294731597,2016,4.528448294731597,15
triangle,linear,additive,801569728,L1-oracle,1,415,415,0.75523548591415,0.75523548591415,1.0,1.0,0.0004592053601504768,0.0006507067917711495,415,415,0.75523548591415,415.0,0.75523548591415,415,0.75523548591415,15
triangle,linear,additive,801569728,L1-discovered,-1,2016,2016,4.528448294731597,4.528448294731597,1.0,1.0,8.219902711457839e-07,1.9870798340093643e-07,2016,2016,4.528448294731597,2016.0,4.528448294731597,2016,4.528448294731597,15
triangle,linear,additive,801569728,L1-discovered,1,415,415,0.75523548591415,0.75523548591415,1.0,1.0,0.0004592053601504768,0.0006507067917711495,415,415,0.75523548591415,415.0,0.75523548591415,415,0.75523548591415,15
triangle,linear,additive,801569728,L2,-1,2016,2016,4.528448096023614,4.528448096023614,1.0,1.0,0.0,,2016,2016,4.528448096023614,,,2016,4.528448096023614,15
triangle,linear,additive,801569728,L2,1,415,415,0.7545847791223789,0.7545847791223789,1.0,1.0,0.0,,415,415,0.7545847791223789,,,415,0.7545847791223789,15
triangle,linear,additive,3819681627,L0,-1,1995,1995,4.695835991029163,4.695835991029163,1.0,1.0,0.0,0.3205984626555356,1995,1995,4.695835991029163,1995.0,4.695835991029163,1995,4.695835991029163,16
triangle,linear,additive,3819681627,L0,1,456,456,0.8116848216566374,0.8116848216566374,1.0,1.0,0.004630360064756071,0.04544808144246859,456,456,0.8116848216566374,456.0,0.8116848216566374,456,0.8116848216566374,16
triangle,linear,additive,3819681627,L1-oracle,-1,1995,1130,4.327054073145884,4.327054073145884,0.5664160401002506,1.0,0.08027460125588644,-0.048183455227743366,1995,1995,4.327054073145884,1995.0,4.327054073145884,1130,4.096123052541349,16
triangle,linear,additive,3819681627,L1-oracle,1,456,430,0.7605455120398505,0.7605455120398505,0.9429824561403509,1.0,0.012713417635820583,-0.005691228174318219,456,456,0.7605455120398505,456.0,0.7605455120398505,430,0.7297756905781178,16
triangle,linear,additive,3819681627,L1-discovered,-1,1995,1130,4.327054073145884,4.327054073145884,0.5664160401002506,1.0,0.08027460125588644,-0.048183455227743366,1995,1995,4.327054073145884,1995.0,4.327054073145884,1130,4.096123052541349,16
triangle,linear,additive,3819681627,L1-discovered,1,456,430,0.7605455120398505,0.7605455120398505,0.9429824561403509,1.0,0.012713417635820583,-0.005691228174318219,456,456,0.7605455120398505,456.0,0.7605455120398505,430,0.7297756905781178,16
triangle,linear,additive,3819681627,L2,-1,1995,1995,4.375237528373628,4.375237528373628,1.0,1.0,0.0,,1995,1995,4.375237528373628,,,1995,4.375237528373628,16
triangle,linear,additive,3819681627,L2,1,456,456,0.7662367402141688,0.7662367402141688,1.0,1.0,0.0,,456,456,0.7662367402141688,,,456,0.7662367402141688,16
triangle,linear,additive,2774431793,L0,-1,2024,2024,4.571537558115784,4.571537558115784,1.0,1.0,0.0,0.28487344754281096,2024,2024,4.571537558115784,2024.0,4.571537558115784,2024,4.571537558115784,17
triangle,linear,additive,2774431793,L0,1,410,410,0.7261229089616624,0.7261229089616624,1.0,1.0,0.0051587547057969,0.04111893815138978,410,410,0.7261229089616624,410.0,0.7261229089616624,410,0.7261229089616624,17
triangle,linear,additive,2774431793,L1-oracle,-1,2024,1710,4.269394033580453,4.269394033580453,0.8448616600790514,1.0,0.029043008115265823,-0.01727007699251981,2024,2024,4.269394033580453,2024.0,4.269394033580453,1710,4.204855073341749,17
triangle,linear,additive,2774431793,L1-oracle,1,410,405,0.6838785061043101,0.6838785061043101,0.9878048780487805,1.0,0.004205616472704247,-0.0011254647059625311,410,410,0.6838785061043101,410.0,0.6838785061043101,405,0.6791279103239105,17
triangle,linear,additive,2774431793,L1-discovered,-1,2024,1710,4.269394033580453,4.269394033580453,0.8448616600790514,1.0,0.029043008115265823,-0.01727007699251981,2024,2024,4.269394033580453,2024.0,4.269394033580453,1710,4.204855073341749,17
triangle,linear,additive,2774431793,L1-discovered,1,410,405,0.6838785061043101,0.6838785061043101,0.9878048780487805,1.0,0.004205616472704247,-0.0011254647059625311,410,410,0.6838785061043101,410.0,0.6838785061043101,405,0.6791279103239105,17
triangle,linear,additive,2774431793,L2,-1,2024,2024,4.286664110572973,4.286664110572973,1.0,1.0,0.0,,2024,2024,4.286664110572973,,,2024,4.286664110572973,17
triangle,linear,additive,2774431793,L2,1,410,410,0.6850039708102726,0.6850039708102726,1.0,1.0,0.0,,410,410,0.6850039708102726,,,410,0.6850039708102726,17
triangle,linear,additive,794650984,L0,-1,2020,2020,4.589899357526874,4.589899357526874,1.0,1.0,0.0,0.19382371344410565,2020,2020,4.589899357526874,2020.0,4.589899357526874,2020,4.589899357526874,18
triangle,linear,additive,794650984,L0,1,382,382,0.7635005943289632,0.7635005943289632,1.0,1.0,0.005258840287021382,0.02693656862556959,382,382,0.7635005943289632,382.0,0.7635005943289632,382,0.7635005943289632,18
triangle,linear,additive,794650984,L1-oracle,-1,2020,2020,4.423553678705918,4.423553678705918,1.0,1.0,0.040581164801557046,0.027478034623150016,2020,2020,4.423553678705918,2020.0,4.423553678705918,2020,4.423553678705918,18
triangle,linear,additive,794650984,L1-oracle,1,382,382,0.7381755918114752,0.7381755918114752,1.0,1.0,0.005135642323880537,0.0016115661080815524,382,382,0.7381755918114752,382.0,0.7381755918114752,382,0.7381755918114752,18
triangle,linear,additive,794650984,L1-discovered,-1,2020,2020,4.423553678705918,4.423553678705918,1.0,1.0,0.040581164801557046,0.027478034623150016,2020,2020,4.423553678705918,2020.0,4.423553678705918,2020,4.423553678705918,18
triangle,linear,additive,794650984,L1-discovered,1,382,382,0.7381755918114752,0.7381755918114752,1.0,1.0,0.005135642323880537,0.0016115661080815524,382,382,0.7381755918114752,382.0,0.7381755918114752,382,0.7381755918114752,18
triangle,linear,additive,794650984,L2,-1,2020,2020,4.396075644082768,4.396075644082768,1.0,1.0,0.0,,2020,2020,4.396075644082768,,,2020,4.396075644082768,18
triangle,linear,additive,794650984,L2,1,382,382,0.7365640257033936,0.7365640257033936,1.0,1.0,0.0,,382,382,0.7365640257033936,,,382,0.7365640257033936,18
triangle,linear,additive,3338799195,L0,-1,1966,1966,4.701200755952434,4.701200755952434,1.0,1.0,0.0,0.35301611865054294,1966,1966,4.701200755952434,1966.0,4.701200755952434,1966,4.701200755952434,19
triangle,linear,additive,3338799195,L0,1,455,455,0.7732944124210337,0.7732944124210337,1.0,1.0,0.006030782632649516,0.0446849063200766,455,455,0.7732944124210337,455.0,0.7732944124210337,455,0.7732944124210337,19
triangle,linear,additive,3338799195,L1-oracle,-1,1966,1966,4.381397251507777,4.381397251507777,1.0,1.0,0.05822287215790723,0.03321261420588595,1966,1966,4.381397251507777,1966.0,4.381397251507777,1966,4.381397251507777,19
triangle,linear,additive,3338799195,L1-oracle,1,455,455,0.732467359382019,0.732467359382019,1.0,1.0,0.0085353066601938,0.003857853281061918,455,455,0.732467359382019,455.0,0.732467359382019,455,0.732467359382019,19
triangle,linear,additive,3338799195,L1-discovered,-1,1966,1966,4.381397251507777,4.381397251507777,1.0,1.0,0.05822287215790701,0.03321261420588595,1966,1966,4.381397251507777,1966.0,4.381397251507777,1966,4.381397251507777,19
triangle,linear,additive,3338799195,L1-discovered,1,455,455,0.732467359382019,0.732467359382019,1.0,1.0,0.0085353066601938,0.003857853281061918,455,455,0.732467359382019,455.0,0.732467359382019,455,0.732467359382019,19
triangle,linear,additive,3338799195,L2,-1,1966,1966,4.348184637301891,4.348184637301891,1.0,1.0,0.0,,1966,1966,4.348184637301891,,,1966,4.348184637301891,19
triangle,linear,additive,3338799195,L2,1,455,455,0.7286095061009571,0.7286095061009571,1.0,1.0,0.0,,455,455,0.7286095061009571,,,455,0.7286095061009571,19
triangle,linear,effect_modifying,3134173889,L0,-1,2003,2003,3.678023376731018,3.678023376731018,1.0,1.0,1.6751232650846433e-05,1.4345087978373527e-05,2003,2003,3.678023376731018,2003.0,3.678023376731018,2003,3.678023376731018,0
triangle,linear,effect_modifying,3134173889,L0,1,589,589,0.9739233461972071,0.9739233461972071,1.0,1.0,0.0010253802071198848,0.21295511627357622,589,589,0.9739233461972071,589.0,0.9739233461972071,589,0.9739233461972071,0
triangle,linear,effect_modifying,3134173889,L1-oracle,-1,2003,2003,3.6780090316430396,3.6780090316430396,1.0,1.0,4.4245758070640245e-08,0.0,2003,2003,3.6780090316430396,2003.0,3.6780090316430396,2003,3.6780090316430396,0
triangle,linear,effect_modifying,3134173889,L1-oracle,1,589,589,0.7768847676257964,0.7768847676257964,1.0,1.0,0.02999732993539942,0.0159165377021655,589,589,0.7768847676257964,589.0,0.7768847676257964,589,0.7768847676257964,0
triangle,linear,effect_modifying,3134173889,L1-discovered,-1,2003,6,3.3223338907761994,3.3223338907761994,0.0029955067398901645,1.0,1.0008293342511827,-0.35567514086684016,2003,2003,3.3223338907761994,2003.0,3.3223338907761994,6,0.3561978608531768,0
triangle,linear,effect_modifying,3134173889,L1-discovered,1,589,589,0.8954049985115865,0.8954049985115865,1.0,1.0,0.25571943665398345,0.1344367685879556,589,589,0.8954049985115865,589.0,0.8954049985115865,589,0.8954049985115865,0
triangle,linear,effect_modifying,3134173889,L2,-1,2003,2003,3.6780090316430396,3.6780090316430396,1.0,1.0,0.0,,2003,2003,3.6780090316430396,,,2003,3.6780090316430396,0
triangle,linear,effect_modifying,3134173889,L2,1,589,589,0.7609682299236309,0.7609682299236309,1.0,1.0,0.0,,589,589,0.7609682299236309,,,589,0.7609682299236309,0
triangle,linear,effect_modifying,3888140183,L0,-1,1979,1979,3.578315043771447,3.578315043771447,1.0,1.0,0.0,0.0,1979,1979,3.578315043771447,1979.0,3.578315043771447,1979,3.578315043771447,1
triangle,linear,effect_modifying,3888140183,L0,1,540,540,0.9837569810693775,0.9837569810693775,1.0,1.0,0.0003746608895911344,0.21161454889424414,540,540,0.9837569810693775,540.0,0.9837569810693775,540,0.9837569810693775,1
triangle,linear,effect_modifying,3888140183,L1-oracle,-1,1979,1979,3.578315043771447,3.578315043771447,1.0,1.0,0.0,0.0,1979,1979,3.578315043771447,1979.0,3.578315043771447,1979,3.578315043771447,1
triangle,linear,effect_modifying,3888140183,L1-oracle,1,540,530,0.770060982788516,0.770060982788516,0.9814814814814815,1.0,0.005550204231794197,-0.0020814493866173622,540,540,0.770060982788516,540.0,0.770060982788516,530,0.7608383487085593,1
triangle,linear,effect_modifying,3888140183,L1-discovered,-1,1979,5,3.2749819414360237,3.2749819414360237,0.0025265285497726125,1.0,0.9701537047078121,-0.3033331023354231,1979,1979,3.2749819414360237,1979.0,3.2749819414360237,5,0.33079463138756554,1
triangle,linear,effect_modifying,3888140183,L1-discovered,1,540,540,0.9159444446450218,0.9159444446450218,1.0,1.0,0.25847419489888235,0.14380201246988844,540,540,0.9159444446450218,540.0,0.9159444446450218,540,0.9159444446450218,1
triangle,linear,effect_modifying,3888140183,L2,-1,1979,1979,3.578315043771447,3.578315043771447,1.0,1.0,0.0,,1979,1979,3.578315043771447,,,1979,3.578315043771447,1
triangle,linear,effect_modifying,3888140183,L2,1,540,540,0.7721424321751333,0.7721424321751333,1.0,1.0,0.0,,540,540,0.7721424321751333,,,540,0.7721424321751333,1
triangle,linear,effect_modifying,242446310,L0,-1,1973,1973,3.825908239405219,3.825908239405219,1.0,1.0,0.0,0.0,1973,1973,3.825908239405219,1973.0,3.825908239405219,1973,3.825908239405219,2
triangle,linear,effect_modifying,242446310,L0,1,623,623,0.9786046806987663,0.9786046806987663,1.0,1.0,0.0017741813288801277,0.2161791331091737,623,623,0.9786046806987663,623.0,0.9786046806987663,623,0.9786046806987663,2
triangle,linear,effect_modifying,242446310,L1-oracle,-1,1973,1973,3.825908239405219,3.825908239405219,1.0,1.0,0.0,0.0,1973,1973,3.825908239405219,1973.0,3.825908239405219,1973,3.825908239405219,2
triangle,linear,effect_modifying,242446310,L1-oracle,1,623,623,0.7661889625296413,0.7661889625296413,1.0,1.0,0.005497580422784741,0.003763414940048726,623,623,0.7661889625296413,623.0,0.7661889625296413,623,0.7661889625296413,2
triangle,linear,effect_modifying,242446310,L1-discovered,-1,1973,2,3.4007831718561277,3.4007831718561277,0.0010136847440446021,1.0,1.0121986574161317,-0.4251250675490912,1973,1973,3.4007831718561277,1973.0,3.4007831718561277,2,0.24167148287565277,2
triangle,linear,effect_modifying,242446310,L1-discovered,1,623,623,0.890488987516369,0.890488987516369,1.0,1.0,0.25839736566404553,0.12806343992677638,623,623,0.890488987516369,623.0,0.890488987516369,623,0.890488987516369,2
triangle,linear,effect_modifying,242446310,L2,-1,1973,1973,3.825908239405219,3.825908239405219,1.0,1.0,0.0,,1973,1973,3.825908239405219,,,1973,3.825908239405219,2
triangle,linear,effect_modifying,242446310,L2,1,623,623,0.7624255475895926,0.7624255475895926,1.0,1.0,0.0,,623,623,0.7624255475895926,,,623,0.7624255475895926,2
triangle,linear,effect_modifying,1421188080,L0,-1,1984,1984,3.755573426786843,3.755573426786843,1.0,1.0,0.0,1.8200491478381764e-06,1984,1984,3.755573426786843,1984.0,3.755573426786843,1984,3.755573426786843,3
triangle,linear,effect_modifying,1421188080,L0,1,580,580,0.8840058675774818,0.8840058675774818,1.0,1.0,0.0024253359289297897,0.1894439783095453,580,580,0.8840058675774818,580.0,0.8840058675774818,580,0.8840058675774818,3
triangle,linear,effect_modifying,1421188080,L1-oracle,-1,1984,1983,3.7555658969289194,3.7555658969289194,0.9994959677419355,1.0,1.294685960854772e-05,-5.709808775566927e-06,1984,1984,3.7555658969289194,1984.0,3.7555658969289194,1983,3.757065679462593,3
triangle,linear,effect_modifying,1421188080,L1-oracle,1,580,580,0.7016839074719368,0.7016839074719368,1.0,1.0,0.011864143300710266,0.007122018204000269,580,580,0.7016839074719368,580.0,0.7016839074719368,580,0.7016839074719368,3
triangle,linear,effect_modifying,1421188080,L1-discovered,-1,1984,2,3.298616095013284,3.298616095013284,0.0010080645161290322,1.0,1.000114571692906,-0.45695551172441107,1984,1984,3.298616095013284,1984.0,3.298616095013284,2,0.37777794481400895,3
triangle,linear,effect_modifying,1421188080,L1-discovered,1,580,580,0.7973531967564901,0.7973531967564901,1.0,1.0,0.22485537967068658,0.10279130748855358,580,580,0.7973531967564901,580.0,0.7973531967564901,580,0.7973531967564901,3
triangle,linear,effect_modifying,1421188080,L2,-1,1984,1984,3.755571606737695,3.755571606737695,1.0,1.0,0.0,,1984,1984,3.755571606737695,,,1984,3.755571606737695,3
triangle,linear,effect_modifying,1421188080,L2,1,580,580,0.6945618892679365,0.6945618892679365,1.0,1.0,0.0,,580,580,0.6945618892679365,,,580,0.6945618892679365,3
triangle,linear,effect_modifying,2507512415,L0,-1,2030,2030,3.723616299617712,3.723616299617712,1.0,1.0,0.0,0.0,2030,2030,3.723616299617712,2030.0,3.723616299617712,2030,3.723616299617712,4
triangle,linear,effect_modifying,2507512415,L0,1,576,576,0.9696447215042403,0.9696447215042403,1.0,1.0,0.0010566841865184318,0.2099449265837554,576,576,0.9696447215042403,576.0,0.9696447215042403,576,0.9696447215042403,4
triangle,linear,effect_modifying,2507512415,L1-oracle,-1,2030,2030,3.723616299617712,3.723616299617712,1.0,1.0,0.0,0.0,2030,2030,3.723616299617712,2030.0,3.723616299617712,2030,3.723616299617712,4
triangle,linear,effect_modifying,2507512415,L1-oracle,1,576,576,0.7622436642583996,0.7622436642583996,1.0,1.0,0.006924835500469265,0.002543869337914728,576,576,0.7622436642583996,576.0,0.7622436642583996,576,0.7622436642583996,4
triangle,linear,effect_modifying,2507512415,L1-discovered,-1,2030,2,3.37681218753699,3.37681218753699,0.0009852216748768472,1.0,0.9966235615550315,-0.3468041120807217,2030,2030,3.37681218753699,2030.0,3.37681218753699,2,0.48257312339152836,4
triangle,linear,effect_modifying,2507512415,L1-discovered,1,576,576,0.8970581815997254,0.8970581815997254,1.0,1.0,0.25940945410369376,0.1373583866792405,576,576,0.8970581815997254,576.0,0.8970581815997254,576,0.8970581815997254,4
triangle,linear,effect_modifying,2507512415,L2,-1,2030,2030,3.723616299617712,3.723616299617712,1.0,1.0,0.0,,2030,2030,3.723616299617712,,,2030,3.723616299617712,4
triangle,linear,effect_modifying,2507512415,L2,1,576,576,0.7596997949204849,0.7596997949204849,1.0,1.0,0.0,,576,576,0.7596997949204849,,,576,0.7596997949204849,4
triangle,linear,effect_modifying,2830493979,L0,-1,2030,2030,3.654785853624083,3.654785853624083,1.0,1.0,0.0,0.0,2030,2030,3.654785853624083,2030.0,3.654785853624083,2030,3.654785853624083,5
triangle,linear,effect_modifying,2830493979,L0,1,526,526,0.9233530893917322,0.9233530893917322,1.0,1.0,0.002072656118824994,0.20074835991964168,526,526,0.9233530893917322,526.0,0.9233530893917322,526,0.9233530893917322,5
triangle,linear,effect_modifying,2830493979,L1-oracle,-1,2030,2030,3.654785853624083,3.654785853624083,1.0,1.0,0.0,0.0,2030,2030,3.654785853624083,2030.0,3.654785853624083,2030,3.654785853624083,5
triangle,linear,effect_modifying,2830493979,L1-oracle,1,526,526,0.7252891870222682,0.7252891870222682,1.0,1.0,0.006008889665351364,0.0026844575501776546,526,526,0.7252891870222682,526.0,0.7252891870222682,526,0.7252891870222682,5
triangle,linear,effect_modifying,2830493979,L1-discovered,-1,2030,0,3.2529665875986145,3.2529665875986145,0.0,1.0,0.9525811384594844,-0.40181926602546847,2030,2030,3.2529665875986145,2030.0,3.2529665875986145,0,,5
triangle,linear,effect_modifying,2830493979,L1-discovered,1,526,526,0.8389293437061677,0.8389293437061677,1.0,1.0,0.2461063547831854,0.11632461423407714,526,526,0.8389293437061677,526.0,0.8389293437061677,526,0.8389293437061677,5
triangle,linear,effect_modifying,2830493979,L2,-1,2030,2030,3.654785853624083,3.654785853624083,1.0,1.0,0.0,,2030,2030,3.654785853624083,,,2030,3.654785853624083,5
triangle,linear,effect_modifying,2830493979,L2,1,526,526,0.7226047294720905,0.7226047294720905,1.0,1.0,0.0,,526,526,0.7226047294720905,,,526,0.7226047294720905,5
triangle,linear,effect_modifying,1162261060,L0,-1,2025,2025,3.69490402072003,3.69490402072003,1.0,1.0,0.0,0.0,2025,2025,3.69490402072003,2025.0,3.69490402072003,2025,3.69490402072003,6
triangle,linear,effect_modifying,1162261060,L0,1,543,543,0.95299788110196,0.95299788110196,1.0,1.0,0.0011296547571901165,0.20649151964091583,543,543,0.95299788110196,543.0,0.95299788110196,543,0.95299788110196,6
triangle,linear,effect_modifying,1162261060,L1-oracle,-1,2025,2025,3.69490402072003,3.69490402072003,1.0,1.0,0.0,0.0,2025,2025,3.69490402072003,2025.0,3.69490402072003,2025,3.69490402072003,6
triangle,linear,effect_modifying,1162261060,L1-oracle,1,543,543,0.7612486508434356,0.7612486508434356,1.0,1.0,0.026420473707432317,0.014742289382391416,543,543,0.7612486508434356,543.0,0.7612486508434356,543,0.7612486508434356,6
triangle,linear,effect_modifying,1162261060,L1-discovered,-1,2025,3,3.337585635129074,3.337585635129074,0.0014814814814814814,1.0,1.0228346544390432,-0.35731838559095586,2025,2025,3.337585635129074,2025.0,3.337585635129074,3,0.39561900354894064,6
triangle,linear,effect_modifying,1162261060,L1-discovered,1,543,543,0.8766088282387884,0.8766088282387884,1.0,1.0,0.24048833178775897,0.13010246677774417,543,543,0.8766088282387884,543.0,0.8766088282387884,543,0.8766088282387884,6
triangle,linear,effect_modifying,1162261060,L2,-1,2025,2025,3.69490402072003,3.69490402072003,1.0,1.0,0.0,,2025,2025,3.69490402072003,,,2025,3.69490402072003,6
triangle,linear,effect_modifying,1162261060,L2,1,543,543,0.7465063614610442,0.7465063614610442,1.0,1.0,0.0,,543,543,0.7465063614610442,,,543,0.7465063614610442,6
triangle,linear,effect_modifying,3312119525,L0,-1,2006,2006,3.675718103885614,3.675718103885614,1.0,1.0,0.0,1.4451709810625601e-05,2006,2006,3.675718103885614,2006.0,3.675718103885614,2006,3.675718103885614,7
triangle,linear,effect_modifying,3312119525,L0,1,579,579,0.9771616662008271,0.9771616662008271,1.0,1.0,0.0006976822477362712,0.2109294760288406,579,579,0.9771616662008271,579.0,0.9771616662008271,579,0.9771616662008271,7
triangle,linear,effect_modifying,3312119525,L1-oracle,-1,2006,2006,3.6757036521758035,3.6757036521758035,1.0,1.0,2.506279246543683e-06,0.0,2006,2006,3.6757036521758035,2006.0,3.6757036521758035,2006,3.6757036521758035,7
triangle,linear,effect_modifying,3312119525,L1-oracle,1,579,579,0.7756271852859316,0.7756271852859316,1.0,1.0,0.015426174211603562,0.009394995113945037,579,579,0.7756271852859316,579.0,0.7756271852859316,579,0.7756271852859316,7
triangle,linear,effect_modifying,3312119525,L1-discovered,-1,2006,6,3.3329194069877603,3.3329194069877603,0.0029910269192422734,1.0,1.0103734222262977,-0.3427842451880432,2006,2006,3.3329194069877603,2006.0,3.3329194069877603,6,0.466617991705681,7
triangle,linear,effect_modifying,3312119525,L1-discovered,1,579,579,0.8996369884045321,0.8996369884045321,1.0,1.0,0.25457974231088076,0.13340479823254559,579,579,0.8996369884045321,579.0,0.8996369884045321,579,0.8996369884045321,7
triangle,linear,effect_modifying,3312119525,L2,-1,2006,2006,3.6757036521758035,3.6757036521758035,1.0,1.0,0.0,,2006,2006,3.6757036521758035,,,2006,3.6757036521758035,7
triangle,linear,effect_modifying,3312119525,L2,1,579,579,0.7662321901719865,0.7662321901719865,1.0,1.0,0.0,,579,579,0.7662321901719865,,,579,0.7662321901719865,7
triangle,linear,effect_modifying,3527135551,L0,-1,2011,2011,3.6366937008993867,3.6366937008993867,1.0,1.0,0.0,1.457946993976833e-05,2011,2011,3.6366937008993867,2011.0,3.6366937008993867,2011,3.6366937008993867,8
triangle,linear,effect_modifying,3527135551,L0,1,546,546,0.9676030900386093,0.9676030900386093,1.0,1.0,0.0009197224895812771,0.20948773741119942,546,546,0.9676030900386093,546.0,0.9676030900386093,546,0.9676030900386093,8
triangle,linear,effect_modifying,3527135551,L1-oracle,-1,2011,2010,3.6366759109321083,3.6366759109321083,0.9995027349577325,1.0,5.198908311485646e-06,-3.210497338645979e-06,2011,2011,3.6366759109321083,2011.0,3.6366759109321083,2010,3.6383186457205285,8
triangle,linear,effect_modifying,3527135551,L1-oracle,1,546,546,0.7646224774346324,0.7646224774346324,1.0,1.0,0.015273940412772158,0.006507124807222486,546,546,0.7646224774346324,546.0,0.7646224774346324,546,0.7646224774346324,8
triangle,linear,effect_modifying,3527135551,L1-discovered,-1,2011,6,3.2398315121972368,3.2398315121972368,0.0029835902536051715,1.0,1.0209632992993865,-0.3968476092322102,2011,2011,3.2398315121972368,2011.0,3.2398315121972368,6,0.2696715638391049,8
triangle,linear,effect_modifying,3527135551,L1-discovered,1,546,546,0.8804308911949219,0.8804308911949219,1.0,1.0,0.23999129165196073,0.12231553856751198,546,546,0.8804308911949219,546.0,0.8804308911949219,546,0.8804308911949219,8
triangle,linear,effect_modifying,3527135551,L2,-1,2011,2011,3.636679121429447,3.636679121429447,1.0,1.0,0.0,,2011,2011,3.636679121429447,,,2011,3.636679121429447,8
triangle,linear,effect_modifying,3527135551,L2,1,546,546,0.7581153526274099,0.7581153526274099,1.0,1.0,0.0,,546,546,0.7581153526274099,,,546,0.7581153526274099,8
triangle,linear,effect_modifying,2727678368,L0,-1,1971,1971,3.796314527225187,3.796314527225187,1.0,1.0,1.703880974763982e-05,0.0,1971,1971,3.796314527225187,1971.0,3.796314527225187,1971,3.796314527225187,9
triangle,linear,effect_modifying,2727678368,L0,1,576,576,0.9360461259160098,0.9360461259160098,1.0,1.0,0.002973538532365455,0.2004737755979703,576,576,0.9360461259160098,576.0,0.9360461259160098,576,0.9360461259160098,9
triangle,linear,effect_modifying,2727678368,L1-oracle,-1,1971,1968,3.79628870962279,3.79628870962279,0.9984779299847792,1.0,3.33907985397067e-05,-2.581760239683817e-05,1971,1971,3.79628870962279,1971.0,3.79628870962279,1968,3.8012224959176266,9
triangle,linear,effect_modifying,2727678368,L1-oracle,1,576,576,0.7479477672236508,0.7479477672236508,1.0,1.0,0.02957462100324494,0.01237541690561128,576,576,0.7479477672236508,576.0,0.7479477672236508,576,0.7479477672236508,9
triangle,linear,effect_modifying,2727678368,L1-discovered,-1,1971,2,3.3176704448989023,3.3176704448989023,0.0010147133434804667,1.0,1.0328485646157874,-0.4786440823262845,1971,1971,3.3176704448989023,1971.0,3.3176704448989023,2,0.0991363414116031,9
triangle,linear,effect_modifying,2727678368,L1-discovered,1,576,576,0.8375549483348149,0.8375549483348149,1.0,1.0,0.23182318331794624,0.10198259801677545,576,576,0.8375549483348149,576.0,0.8375549483348149,576,0.8375549483348149,9
triangle,linear,effect_modifying,2727678368,L2,-1,1971,1971,3.796314527225187,3.796314527225187,1.0,1.0,0.0,,1971,1971,3.796314527225187,,,1971,3.796314527225187,9
triangle,linear,effect_modifying,2727678368,L2,1,576,576,0.7355723503180395,0.7355723503180395,1.0,1.0,0.0,,576,576,0.7355723503180395,,,576,0.7355723503180395,9
triangle,linear,effect_modifying,2186263937,L0,-1,1976,1976,3.8395773341061474,3.8395773341061474,1.0,1.0,0.0,0.0,1976,1976,3.8395773341061474,1976.0,3.8395773341061474,1976,3.8395773341061474,10
triangle,linear,effect_modifying,2186263937,L0,1,620,620,1.0502825225972103,1.0502825225972103,1.0,1.0,0.0011522879030173535,0.22889184341086155,620,620,1.0502825225972103,620.0,1.0502825225972103,620,1.0502825225972103,10
triangle,linear,effect_modifying,2186263937,L1-oracle,-1,1976,1976,3.8395773341061474,3.8395773341061474,1.0,1.0,0.0,0.0,1976,1976,3.8395773341061474,1976.0,3.8395773341061474,1976,3.8395773341061474,10
triangle,linear,effect_modifying,2186263937,L1-oracle,1,620,595,0.8168181081426291,0.8168181081426291,0.9596774193548387,1.0,0.010265136080323027,-0.004572571043719664,620,620,0.8168181081426291,620.0,0.8168181081426291,595,0.8002512447484637,10
triangle,linear,effect_modifying,2186263937,L1-discovered,-1,1976,3,3.4554942278740923,3.4554942278740923,0.0015182186234817814,1.0,1.0443649948544933,-0.3840831062320551,1976,1976,3.4554942278740923,1976.0,3.4554942278740923,3,0.274643346020459,10
triangle,linear,effect_modifying,2186263937,L1-discovered,1,620,620,0.965449656702509,0.965449656702509,1.0,1.0,0.2733132940026569,0.14405897751616026,620,620,0.965449656702509,620.0,0.965449656702509,620,0.965449656702509,10
triangle,linear,effect_modifying,2186263937,L2,-1,1976,1976,3.8395773341061474,3.8395773341061474,1.0,1.0,0.0,,1976,1976,3.8395773341061474,,,1976,3.8395773341061474,10
triangle,linear,effect_modifying,2186263937,L2,1,620,620,0.8213906791863488,0.8213906791863488,1.0,1.0,0.0,,620,620,0.8213906791863488,,,620,0.8213906791863488,10
triangle,linear,effect_modifying,3073006032,L0,-1,2032,2032,3.6630862873334644,3.6630862873334644,1.0,1.0,0.0,0.0,2032,2032,3.6630862873334644,2032.0,3.6630862873334644,2032,3.6630862873334644,11
triangle,linear,effect_modifying,3073006032,L0,1,559,559,1.002787874101847,1.002787874101847,1.0,1.0,0.0001803734594919434,0.21932738141386388,559,559,1.002787874101847,559.0,1.002787874101847,559,1.002787874101847,11
triangle,linear,effect_modifying,3073006032,L1-oracle,-1,2032,2032,3.6630862873334644,3.6630862873334644,1.0,1.0,0.0,0.0,2032,2032,3.6630862873334644,2032.0,3.6630862873334644,2032,3.6630862873334644,11
triangle,linear,effect_modifying,3073006032,L1-oracle,1,559,559,0.7882704516077682,0.7882704516077682,1.0,1.0,0.009450891639104987,0.0048099589197850845,559,559,0.7882704516077682,559.0,0.7882704516077682,559,0.7882704516077682,11
triangle,linear,effect_modifying,3073006032,L1-discovered,-1,2032,1,3.330404358739976,3.330404358739976,0.0004921259842519685,1.0,0.9873665914075456,-0.33268192859348833,2032,2032,3.330404358739976,2032.0,3.330404358739976,1,0.2031547845033303,11
triangle,linear,effect_modifying,3073006032,L1-discovered,1,559,559,0.9286168706110047,0.9286168706110047,1.0,1.0,0.27063298407527764,0.1451563779230216,559,559,0.9286168706110047,559.0,0.9286168706110047,559,0.9286168706110047,11
triangle,linear,effect_modifying,3073006032,L2,-1,2032,2032,3.6630862873334644,3.6630862873334644,1.0,1.0,0.0,,2032,2032,3.6630862873334644,,,2032,3.6630862873334644,11
triangle,linear,effect_modifying,3073006032,L2,1,559,559,0.7834604926879831,0.7834604926879831,1.0,1.0,0.0,,559,559,0.7834604926879831,,,559,0.7834604926879831,11
triangle,linear,effect_modifying,2400372293,L0,-1,1984,1984,3.6276473040957695,3.6276473040957695,1.0,1.0,0.0,1.4616061812855463e-05,1984,1984,3.6276473040957695,1984.0,3.6276473040957695,1984,3.6276473040957695,12
triangle,linear,effect_modifying,2400372293,L0,1,584,584,1.0198242598547123,1.0198242598547123,1.0,1.0,0.0005208527915757898,0.22297887046563603,584,584,1.0198242598547123,584.0,1.0198242598547123,584,1.0198242598547123,12
triangle,linear,effect_modifying,2400372293,L1-oracle,-1,1984,1984,3.6276326880339567,3.6276326880339567,1.0,1.0,1.6288250967041558e-06,0.0,1984,1984,3.6276326880339567,1984.0,3.6276326880339567,1984,3.6276326880339567,12
triangle,linear,effect_modifying,2400372293,L1-oracle,1,584,584,0.7980028400370224,0.7980028400370224,1.0,1.0,0.002159307185304034,0.0011574506479461455,584,584,0.7980028400370224,584.0,0.7980028400370224,584,0.7980028400370224,12
triangle,linear,effect_modifying,2400372293,L1-discovered,-1,1984,6,3.309522898182045,3.309522898182045,0.0030241935483870967,1.0,0.9906744941729508,-0.31810978985191163,1984,1984,3.309522898182045,1984.0,3.309522898182045,6,0.3406991791396042,12
triangle,linear,effect_modifying,2400372293,L1-discovered,1,584,584,0.9430470259126488,0.9430470259126488,1.0,1.0,0.26677862724861207,0.14620163652357254,584,584,0.9430470259126488,584.0,0.9430470259126488,584,0.9430470259126488,12
triangle,linear,effect_modifying,2400372293,L2,-1,1984,1984,3.6276326880339567,3.6276326880339567,1.0,1.0,0.0,,1984,1984,3.6276326880339567,,,1984,3.6276326880339567,12
triangle,linear,effect_modifying,2400372293,L2,1,584,584,0.7968453893890762,0.7968453893890762,1.0,1.0,0.0,,584,584,0.7968453893890762,,,584,0.7968453893890762,12
triangle,linear,effect_modifying,14143617,L0,-1,1991,1991,3.676727928042343,3.676727928042343,1.0,1.0,0.0,0.0,1991,1991,3.676727928042343,1991.0,3.676727928042343,1991,3.676727928042343,13
triangle,linear,effect_modifying,14143617,L0,1,573,573,1.0367660900454012,1.0367660900454012,1.0,1.0,0.000867950466343955,0.22712200056299814,573,573,1.0367660900454012,573.0,1.0367660900454012,573,1.0367660900454012,13
triangle,linear,effect_modifying,14143617,L1-oracle,-1,1991,1991,3.676727928042343,3.676727928042343,1.0,1.0,0.0,0.0,1991,1991,3.676727928042343,1991.0,3.676727928042343,1991,3.676727928042343,13
triangle,linear,effect_modifying,14143617,L1-oracle,1,573,573,0.8096440894824031,0.8096440894824031,1.0,1.0,0.0001475396902109027,0.0,573,573,0.8096440894824031,573.0,0.8096440894824031,573,0.8096440894824031,13
triangle,linear,effect_modifying,14143617,L1-discovered,-1,1991,6,3.2997282872310647,3.2997282872310647,0.0030135610246107484,1.0,1.0299471481017022,-0.37699964081127835,1991,1991,3.2997282872310647,1991.0,3.2997282872310647,6,0.3425629934442977,13
triangle,linear,effect_modifying,14143617,L1-discovered,1,573,573,0.9479016556924381,0.9479016556924381,1.0,1.0,0.26042825001139963,0.13825756621003504,573,573,0.9479016556924381,573.0,0.9479016556924381,573,0.9479016556924381,13
triangle,linear,effect_modifying,14143617,L2,-1,1991,1991,3.676727928042343,3.676727928042343,1.0,1.0,0.0,,1991,1991,3.676727928042343,,,1991,3.676727928042343,13
triangle,linear,effect_modifying,14143617,L2,1,573,573,0.8096440894824031,0.8096440894824031,1.0,1.0,0.0,,573,573,0.8096440894824031,,,573,0.8096440894824031,13
triangle,linear,effect_modifying,1350438117,L0,-1,1998,1998,3.6161578912144865,3.6161578912144865,1.0,1.0,0.0,0.0,1998,1998,3.6161578912144865,1998.0,3.6161578912144865,1998,3.6161578912144865,14
triangle,linear,effect_modifying,1350438117,L0,1,598,598,0.9807746249036924,0.9807746249036924,1.0,1.0,0.0,0.2116608866436417,598,598,0.9807746249036924,598.0,0.9807746249036924,598,0.9807746249036924,14
triangle,linear,effect_modifying,1350438117,L1-oracle,-1,1998,1998,3.6161578912144865,3.6161578912144865,1.0,1.0,0.0,0.0,1998,1998,3.6161578912144865,1998.0,3.6161578912144865,1998,3.6161578912144865,14
triangle,linear,effect_modifying,1350438117,L1-oracle,1,598,548,0.7597904302276378,0.7597904302276378,0.9163879598662207,1.0,0.019919292479248295,-0.00932330803241288,598,598,0.7597904302276378,598.0,0.7597904302276378,548,0.7229533998434954,14
triangle,linear,effect_modifying,1350438117,L1-discovered,-1,1998,4,3.3118956935261434,3.3118956935261434,0.002002002002002002,1.0,1.0566910708706672,-0.30426219768834306,1998,1998,3.3118956935261434,1998.0,3.3118956935261434,4,0.7427247277919952,14
triangle,linear,effect_modifying,1350438117,L1-discovered,1,598,598,0.90924417530695,0.90924417530695,1.0,1.0,0.2333328475652256,0.14013043704689931,598,598,0.90924417530695,598.0,0.90924417530695,598,0.90924417530695,14
triangle,linear,effect_modifying,1350438117,L2,-1,1998,1998,3.6161578912144865,3.6161578912144865,1.0,1.0,0.0,,1998,1998,3.6161578912144865,,,1998,3.6161578912144865,14
triangle,linear,effect_modifying,1350438117,L2,1,598,598,0.7691137382600507,0.7691137382600507,1.0,1.0,0.0,,598,598,0.7691137382600507,,,598,0.7691137382600507,14
triangle,linear,effect_modifying,801569728,L0,-1,2013,2013,3.495945430147032,3.495945430147032,1.0,1.0,0.0,0.0,2013,2013,3.495945430147032,2013.0,3.495945430147032,2013,3.495945430147032,15
triangle,linear,effect_modifying,801569728,L0,1,560,560,1.0001575307678683,1.0001575307678683,1.0,1.0,0.0,0.21545060475966527,560,560,1.0001575307678683,560.0,1.0001575307678683,560,1.0001575307678683,15
triangle,linear,effect_modifying,801569728,L1-oracle,-1,2013,2013,3.495945430147032,3.495945430147032,1.0,1.0,0.0,0.0,2013,2013,3.495945430147032,2013.0,3.495945430147032,2013,3.495945430147032,15
triangle,linear,effect_modifying,801569728,L1-oracle,1,560,560,0.7985953444903521,0.7985953444903521,1.0,1.0,0.025352975651324966,0.013888418482149056,560,560,0.7985953444903521,560.0,0.7985953444903521,560,0.7985953444903521,15
triangle,linear,effect_modifying,801569728,L1-discovered,-1,2013,6,3.257069485934897,3.257069485934897,0.0029806259314456036,1.0,0.9736144987269043,-0.23887594421213487,2013,2013,3.257069485934897,2013.0,3.257069485934897,6,0.8323867335873172,15
triangle,linear,effect_modifying,801569728,L1-discovered,1,560,560,0.9419831024774502,0.9419831024774502,1.0,1.0,0.2633799207033893,0.1572761764692472,560,560,0.9419831024774502,560.0,0.9419831024774502,560,0.9419831024774502,15
triangle,linear,effect_modifying,801569728,L2,-1,2013,2013,3.495945430147032,3.495945430147032,1.0,1.0,0.0,,2013,2013,3.495945430147032,,,2013,3.495945430147032,15
triangle,linear,effect_modifying,801569728,L2,1,560,560,0.784706926008203,0.784706926008203,1.0,1.0,0.0,,560,560,0.784706926008203,,,560,0.784706926008203,15
triangle,linear,effect_modifying,3819681627,L0,-1,1995,1995,3.7712626550331674,3.7712626550331674,1.0,1.0,0.0,0.0,1995,1995,3.7712626550331674,1995.0,3.7712626550331674,1995,3.7712626550331674,16
triangle,linear,effect_modifying,3819681627,L0,1,583,583,1.0300217967210867,1.0300217967210867,1.0,1.0,0.0,0.2280789056942446,583,583,1.0300217967210867,583.0,1.0300217967210867,583,1.0300217967210867,16
triangle,linear,effect_modifying,3819681627,L1-oracle,-1,1995,1995,3.7712626550331674,3.7712626550331674,1.0,1.0,0.0,0.0,1995,1995,3.7712626550331674,1995.0,3.7712626550331674,1995,3.7712626550331674,16
triangle,linear,effect_modifying,3819681627,L1-oracle,1,583,535,0.7928238868257028,0.7928238868257028,0.9176672384219554,1.0,0.018921817477573512,-0.009119004201139314,583,583,0.7928238868257028,583.0,0.7928238868257028,535,0.7501267858835755,16
triangle,linear,effect_modifying,3819681627,L1-discovered,-1,1995,1,3.318420435067563,3.318420435067563,0.0005012531328320802,1.0,1.0252506024352803,-0.45284221996560436,1995,1995,3.318420435067563,1995.0,3.318420435067563,1,0.20446193777352467,16
triangle,linear,effect_modifying,3819681627,L1-discovered,1,583,583,0.9261594830067087,0.9261594830067087,1.0,1.0,0.2597354083375981,0.12421659197986656,583,583,0.9261594830067087,583.0,0.9261594830067087,583,0.9261594830067087,16
triangle,linear,effect_modifying,3819681627,L2,-1,1995,1995,3.7712626550331674,3.7712626550331674,1.0,1.0,0.0,,1995,1995,3.7712626550331674,,,1995,3.7712626550331674,16
triangle,linear,effect_modifying,3819681627,L2,1,583,583,0.8019428910268421,0.8019428910268421,1.0,1.0,0.0,,583,583,0.8019428910268421,,,583,0.8019428910268421,16
triangle,linear,effect_modifying,2774431793,L0,-1,2024,2024,3.6834822174161905,3.6834822174161905,1.0,1.0,1.650007355973098e-05,2.114908761452483e-06,2024,2024,3.6834822174161905,2024.0,3.6834822174161905,2024,3.6834822174161905,17
triangle,linear,effect_modifying,2774431793,L0,1,579,579,0.909221669293336,0.909221669293336,1.0,1.0,0.004498963062213921,0.19618306275679442,579,579,0.909221669293336,579.0,0.909221669293336,579,0.909221669293336,17
triangle,linear,effect_modifying,2774431793,L1-oracle,-1,2024,2024,3.683480102507429,3.683480102507429,1.0,1.0,5.895166497908947e-06,0.0,2024,2024,3.683480102507429,2024.0,3.683480102507429,2024,3.683480102507429,17
triangle,linear,effect_modifying,2774431793,L1-oracle,1,579,526,0.7028825678376218,0.7028825678376218,0.9084628670120898,1.0,0.027540057829354148,-0.01015603869891979,579,579,0.7028825678376218,579.0,0.7028825678376218,526,0.6636546553437833,17
triangle,linear,effect_modifying,2774431793,L1-discovered,-1,2024,3,3.259020122260734,3.259020122260734,0.0014822134387351778,1.0,0.9616558446028375,-0.42445998024669507,2024,2024,3.259020122260734,2024.0,3.259020122260734,3,0.28376139253878857,17
triangle,linear,effect_modifying,2774431793,L1-discovered,1,579,579,0.8241428529214369,0.8241428529214369,1.0,1.0,0.2403517999053581,0.11110424638489524,579,579,0.8241428529214369,579.0,0.8241428529214369,579,0.8241428529214369,17
triangle,linear,effect_modifying,2774431793,L2,-1,2024,2024,3.683480102507429,3.683480102507429,1.0,1.0,0.0,,2024,2024,3.683480102507429,,,2024,3.683480102507429,17
triangle,linear,effect_modifying,2774431793,L2,1,579,579,0.7130386065365416,0.7130386065365416,1.0,1.0,0.0,,579,579,0.7130386065365416,,,579,0.7130386065365416,17
triangle,linear,effect_modifying,794650984,L0,-1,2020,2020,3.6708890980587734,3.6708890980587734,1.0,1.0,0.0,0.0,2020,2020,3.6708890980587734,2020.0,3.6708890980587734,2020,3.6708890980587734,18
triangle,linear,effect_modifying,794650984,L0,1,556,556,0.959431784950103,0.959431784950103,1.0,1.0,0.0019871984609769644,0.20803491934398355,556,556,0.959431784950103,556.0,0.959431784950103,556,0.959431784950103,18
triangle,linear,effect_modifying,794650984,L1-oracle,-1,2020,2020,3.6708890980587734,3.6708890980587734,1.0,1.0,0.0,0.0,2020,2020,3.6708890980587734,2020.0,3.6708890980587734,2020,3.6708890980587734,18
triangle,linear,effect_modifying,794650984,L1-oracle,1,556,556,0.7532034096615529,0.7532034096615529,1.0,1.0,0.005314302537623232,0.0018065440554334566,556,556,0.7532034096615529,556.0,0.7532034096615529,556,0.7532034096615529,18
triangle,linear,effect_modifying,794650984,L1-discovered,-1,2020,4,3.2793780002351745,3.2793780002351745,0.0019801980198019802,1.0,0.9828548426994933,-0.39151109782359894,2020,2020,3.2793780002351745,2020.0,3.2793780002351745,4,0.3806356834105709,18
triangle,linear,effect_modifying,794650984,L1-discovered,1,556,556,0.875864042684371,0.875864042684371,1.0,1.0,0.24954898841984874,0.12446717707825161,556,556,0.875864042684371,556.0,0.875864042684371,556,0.875864042684371,18
triangle,linear,effect_modifying,794650984,L2,-1,2020,2020,3.6708890980587734,3.6708890980587734,1.0,1.0,0.0,,2020,2020,3.6708890980587734,,,2020,3.6708890980587734,18
triangle,linear,effect_modifying,794650984,L2,1,556,556,0.7513968656061194,0.7513968656061194,1.0,1.0,0.0,,556,556,0.7513968656061194,,,556,0.7513968656061194,18
triangle,linear,effect_modifying,3338799195,L0,-1,1966,1966,3.803225752159336,3.803225752159336,1.0,1.0,0.0,8.575369645491548e-07,1966,1966,3.803225752159336,1966.0,3.803225752159336,1966,3.803225752159336,19
triangle,linear,effect_modifying,3338799195,L0,1,568,568,0.9762602461580844,0.9762602461580844,1.0,1.0,0.0,0.2119225946335438,568,568,0.9762602461580844,568.0,0.9762602461580844,568,0.9762602461580844,19
triangle,linear,effect_modifying,3338799195,L1-oracle,-1,1966,1966,3.803225752159336,3.803225752159336,1.0,1.0,0.0,8.575369645491548e-07,1966,1966,3.803225752159336,1966.0,3.803225752159336,1966,3.803225752159336,19
triangle,linear,effect_modifying,3338799195,L1-oracle,1,568,567,0.7641404679877587,0.7641404679877587,0.9982394366197183,1.0,0.0008672194627659741,-0.00019718353678188638,568,568,0.7641404679877587,568.0,0.7641404679877587,567,0.764105439285366,19
triangle,linear,effect_modifying,3338799195,L1-discovered,-1,1966,1,3.3481579999411317,3.3481579999411317,0.000508646998982706,1.0,1.0005852325081808,-0.45506689468123973,1966,1966,3.3481579999411317,1966.0,3.3481579999411317,1,0.5600012444603095,19
triangle,linear,effect_modifying,3338799195,L1-discovered,1,568,568,0.8798158020929647,0.8798158020929647,1.0,1.0,0.25391963928439854,0.11547815056842414,568,568,0.8798158020929647,568.0,0.8798158020929647,568,0.8798158020929647,19
triangle,linear,effect_modifying,3338799195,L2,-1,1966,1966,3.8032248946223715,3.8032248946223715,1.0,1.0,0.0,,1966,1966,3.8032248946223715,,,1966,3.8032248946223715,19
triangle,linear,effect_modifying,3338799195,L2,1,568,568,0.7643376515245406,0.7643376515245406,1.0,1.0,0.0,,568,568,0.7643376515245406,,,568,0.7643376515245406,19
triangle,nlg,additive,3134173889,L0,-1,2004,2004,4.003200837937173,4.003200837937173,1.0,1.0,0.0,4.1709657182309456e-05,2004,2004,4.003200837937173,2004.0,4.003200837937173,2004,4.003200837937173,0
triangle,nlg,additive,3134173889,L0,1,399,399,0.6646410863856622,0.6646410863856622,1.0,1.0,0.00039843217580548426,0.0012338375359207676,399,399,0.6646410863856622,399.0,0.6646410863856622,399,0.6646410863856622,0
triangle,nlg,additive,3134173889,L1-oracle,-1,2004,2004,4.003200837937173,4.003200837937173,1.0,1.0,0.0,4.1709657182309456e-05,2004,2004,4.003200837937173,2004.0,4.003200837937173,2004,4.003200837937173,0
triangle,nlg,additive,3134173889,L1-oracle,1,399,399,0.6639959878554222,0.6639959878554222,1.0,1.0,0.0005120684834779908,0.000588739005680794,399,399,0.6639959878554222,399.0,0.6639959878554222,399,0.6639959878554222,0
triangle,nlg,additive,3134173889,L1-discovered,-1,2004,2004,4.003200837937173,4.003200837937173,1.0,1.0,0.0,4.1709657182309456e-05,2004,2004,4.003200837937173,2004.0,4.003200837937173,2004,4.003200837937173,0
triangle,nlg,additive,3134173889,L1-discovered,1,399,399,0.6639959878554222,0.6639959878554222,1.0,1.0,0.0005120684834779908,0.000588739005680794,399,399,0.6639959878554222,399.0,0.6639959878554222,399,0.6639959878554222,0
triangle,nlg,additive,3134173889,L2,-1,2004,2004,4.00315912827999,4.00315912827999,1.0,1.0,0.0,,2004,2004,4.00315912827999,,,2004,4.00315912827999,0
triangle,nlg,additive,3134173889,L2,1,399,399,0.6634072488497414,0.6634072488497414,1.0,1.0,0.0,,399,399,0.6634072488497414,,,399,0.6634072488497414,0
triangle,nlg,additive,3888140183,L0,-1,1980,1980,3.9886493836023225,3.9886493836023225,1.0,1.0,0.0,5.4711486661140896e-06,1980,1980,3.9886493836023225,1980.0,3.9886493836023225,1980,3.9886493836023225,1
triangle,nlg,additive,3888140183,L0,1,372,372,0.6730348872762291,0.6730348872762291,1.0,1.0,0.0,0.0009854955559824852,372,372,0.6730348872762291,372.0,0.6730348872762291,372,0.6730348872762291,1
triangle,nlg,additive,3888140183,L1-oracle,-1,1980,1978,3.98861500685423,3.98861500685423,0.998989898989899,1.0,4.706543886686687e-05,-2.8905599426476414e-05,1980,1980,3.98861500685423,1980.0,3.98861500685423,1978,3.9912273796256024,1
triangle,nlg,additive,3888140183,L1-oracle,1,372,369,0.6717186131412124,0.6717186131412124,0.9919354838709677,1.0,0.00046020088452981877,-0.0003307785790341855,372,372,0.6717186131412124,372.0,0.6717186131412124,369,0.6723061024891424,1
triangle,nlg,additive,3888140183,L1-discovered,-1,1980,1978,3.98861500685423,3.98861500685423,0.998989898989899,1.0,4.706543886686687e-05,-2.8905599426476414e-05,1980,1980,3.98861500685423,1980.0,3.98861500685423,1978,3.9912273796256024,1
triangle,nlg,additive,3888140183,L1-discovered,1,372,369,0.6717186131412124,0.6717186131412124,0.9919354838709677,1.0,0.00046020088452981877,-0.0003307785790341855,372,372,0.6717186131412124,372.0,0.6717186131412124,369,0.6723061024891424,1
triangle,nlg,additive,3888140183,L2,-1,1980,1980,3.9886439124536563,3.9886439124536563,1.0,1.0,0.0,,1980,1980,3.9886439124536563,,,1980,3.9886439124536563,1
triangle,nlg,additive,3888140183,L2,1,372,372,0.6720493917202466,0.6720493917202466,1.0,1.0,0.0,,372,372,0.6720493917202466,,,372,0.6720493917202466,1
triangle,nlg,additive,242446310,L0,-1,1974,1974,3.984759653530741,3.984759653530741,1.0,1.0,0.0,0.0,1974,1974,3.984759653530741,1974.0,3.984759653530741,1974,3.984759653530741,2
triangle,nlg,additive,242446310,L0,1,432,432,0.6317783191633808,0.6317783191633808,1.0,1.0,0.00013019182550070963,0.001123887127397638,432,432,0.6317783191633808,432.0,0.6317783191633808,432,0.6317783191633808,2
triangle,nlg,additive,242446310,L1-oracle,-1,1974,1974,3.984759653530741,3.984759653530741,1.0,1.0,0.0,0.0,1974,1974,3.984759653530741,1974.0,3.984759653530741,1974,3.984759653530741,2
triangle,nlg,additive,242446310,L1-oracle,1,432,432,0.6306544320359831,0.6306544320359831,1.0,1.0,0.00013486149945504471,0.0,432,432,0.6306544320359831,432.0,0.6306544320359831,432,0.6306544320359831,2
triangle,nlg,additive,242446310,L1-discovered,-1,1974,1974,3.984759653530741,3.984759653530741,1.0,1.0,0.0,0.0,1974,1974,3.984759653530741,1974.0,3.984759653530741,1974,3.984759653530741,2
triangle,nlg,additive,242446310,L1-discovered,1,432,432,0.6306544320359831,0.6306544320359831,1.0,1.0,0.00013486149945504471,0.0,432,432,0.6306544320359831,432.0,0.6306544320359831,432,0.6306544320359831,2
triangle,nlg,additive,242446310,L2,-1,1974,1974,3.984759653530741,3.984759653530741,1.0,1.0,0.0,,1974,1974,3.984759653530741,,,1974,3.984759653530741,2
triangle,nlg,additive,242446310,L2,1,432,432,0.6306544320359831,0.6306544320359831,1.0,1.0,0.0,,432,432,0.6306544320359831,,,432,0.6306544320359831,2
triangle,nlg,additive,1421188080,L0,-1,1985,1985,4.0303275647847405,4.0303275647847405,1.0,1.0,0.0,2.0382384118278196e-06,1985,1985,4.0303275647847405,1985.0,4.0303275647847405,1985,4.0303275647847405,3
triangle,nlg,additive,1421188080,L0,1,398,398,0.6118420192366136,0.6118420192366136,1.0,1.0,0.0,0.0014687255107123098,398,398,0.6118420192366136,398.0,0.6118420192366136,398,0.6118420192366136,3
triangle,nlg,additive,1421188080,L1-oracle,-1,1985,1983,4.030308884955544,4.030308884955544,0.998992443324937,1.0,5.509157049445515e-05,-1.6641590784516325e-05,1985,1985,4.030308884955544,1985.0,4.030308884955544,1983,4.032741051769345,3
triangle,nlg,additive,1421188080,L1-oracle,1,398,392,0.6097371075112616,0.6097371075112616,0.9849246231155779,1.0,0.0005818905655009755,-0.000636186214639678,398,398,0.6097371075112616,398.0,0.6097371075112616,392,0.6108105556411717,3
triangle,nlg,additive,1421188080,L1-discovered,-1,1985,1983,4.030308884955544,4.030308884955544,0.998992443324937,1.0,5.509157049445582e-05,-1.6641590784516325e-05,1985,1985,4.030308884955544,1985.0,4.030308884955544,1983,4.032741051769345,3
triangle,nlg,additive,1421188080,L1-discovered,1,398,392,0.6097371075112616,0.6097371075112616,0.9849246231155779,1.0,0.0005818905655009755,-0.000636186214639678,398,398,0.6097371075112616,398.0,0.6097371075112616,392,0.6108105556411717,3
triangle,nlg,additive,1421188080,L2,-1,1985,1985,4.030325526546329,4.030325526546329,1.0,1.0,0.0,,1985,1985,4.030325526546329,,,1985,4.030325526546329,3
triangle,nlg,additive,1421188080,L2,1,398,398,0.6103732937259013,0.6103732937259013,1.0,1.0,0.0,,398,398,0.6103732937259013,,,398,0.6103732937259013,3
triangle,nlg,additive,2507512415,L0,-1,2031,2031,3.9924827455596503,3.9924827455596503,1.0,1.0,0.0,2.1708655246310826e-05,2031,2031,3.9924827455596503,2031.0,3.9924827455596503,2031,3.9924827455596503,4
triangle,nlg,additive,2507512415,L0,1,368,368,0.6314605107603043,0.6314605107603043,1.0,1.0,0.0004037133886979808,0.0017540626432475115,368,368,0.6314605107603043,368.0,0.6314605107603043,368,0.6314605107603043,4
triangle,nlg,additive,2507512415,L1-oracle,-1,2031,2031,3.992461036904404,3.992461036904404,1.0,1.0,3.7638486792116376e-05,0.0,2031,2031,3.992461036904404,2031.0,3.992461036904404,2031,3.992461036904404,4
triangle,nlg,additive,2507512415,L1-oracle,1,368,368,0.6301771546083034,0.6301771546083034,1.0,1.0,0.0005210667889521464,0.00047070649124658637,368,368,0.6301771546083034,368.0,0.6301771546083034,368,0.6301771546083034,4
triangle,nlg,additive,2507512415,L1-discovered,-1,2031,2031,3.992461036904404,3.992461036904404,1.0,1.0,3.7638486792116376e-05,0.0,2031,2031,3.992461036904404,2031.0,3.992461036904404,2031,3.992461036904404,4
triangle,nlg,additive,2507512415,L1-discovered,1,368,368,0.6301771546083034,0.6301771546083034,1.0,1.0,0.0005210667889521464,0.00047070649124658637,368,368,0.6301771546083034,368.0,0.6301771546083034,368,0.6301771546083034,4
triangle,nlg,additive,2507512415,L2,-1,2031,2031,3.992461036904404,3.992461036904404,1.0,1.0,0.0,,2031,2031,3.992461036904404,,,2031,3.992461036904404,4
triangle,nlg,additive,2507512415,L2,1,368,368,0.6297064481170568,0.6297064481170568,1.0,1.0,0.0,,368,368,0.6297064481170568,,,368,0.6297064481170568,4
triangle,nlg,additive,2830493979,L0,-1,2031,2031,3.8678155432512087,3.8678155432512087,1.0,1.0,0.0,2.6363429794784565e-06,2031,2031,3.8678155432512087,2031.0,3.8678155432512087,2031,3.8678155432512087,5
triangle,nlg,additive,2830493979,L0,1,347,347,0.6202368676118954,0.6202368676118954,1.0,1.0,0.0002086308347263979,0.0008908365510262861,347,347,0.6202368676118954,347.0,0.6202368676118954,347,0.6202368676118954,5
triangle,nlg,additive,2830493979,L1-oracle,-1,2031,2031,3.867812906908229,3.867812906908229,1.0,1.0,2.6050394897953072e-05,0.0,2031,2031,3.867812906908229,2031.0,3.867812906908229,2031,3.867812906908229,5
triangle,nlg,additive,2830493979,L1-oracle,1,347,347,0.6197090593589522,0.6197090593589522,1.0,1.0,0.00011940616123073155,0.0003630282980829902,347,347,0.6197090593589522,347.0,0.6197090593589522,347,0.6197090593589522,5
triangle,nlg,additive,2830493979,L1-discovered,-1,2031,2031,3.867812906908229,3.867812906908229,1.0,1.0,2.6050394897953072e-05,0.0,2031,2031,3.867812906908229,2031.0,3.867812906908229,2031,3.867812906908229,5
triangle,nlg,additive,2830493979,L1-discovered,1,347,347,0.6197090593589522,0.6197090593589522,1.0,1.0,0.00011940616123073155,0.0003630282980829902,347,347,0.6197090593589522,347.0,0.6197090593589522,347,0.6197090593589522,5
triangle,nlg,additive,2830493979,L2,-1,2031,2031,3.867812906908229,3.867812906908229,1.0,1.0,0.0,,2031,2031,3.867812906908229,,,2031,3.867812906908229,5
triangle,nlg,additive,2830493979,L2,1,347,347,0.6193460310608692,0.6193460310608692,1.0,1.0,0.0,,347,347,0.6193460310608692,,,347,0.6193460310608692,5
triangle,nlg,additive,1162261060,L0,-1,2026,2026,4.00741890655957,4.00741890655957,1.0,1.0,0.0,2.363049645204285e-05,2026,2026,4.00741890655957,2026.0,4.00741890655957,2026,4.00741890655957,6
triangle,nlg,additive,1162261060,L0,1,363,363,0.6411042240935789,0.6411042240935789,1.0,1.0,0.0003323556975559079,0.0010514204382793269,363,363,0.6411042240935789,363.0,0.6411042240935789,363,0.6411042240935789,6
triangle,nlg,additive,1162261060,L1-oracle,-1,2026,2026,4.00741890655957,4.00741890655957,1.0,1.0,0.0,2.363049645204285e-05,2026,2026,4.00741890655957,2026.0,4.00741890655957,2026,4.00741890655957,6
triangle,nlg,additive,1162261060,L1-oracle,1,363,363,0.6402797382124252,0.6402797382124252,1.0,1.0,0.0003587002355633336,0.00022693455712563537,363,363,0.6402797382124252,363.0,0.6402797382124252,363,0.6402797382124252,6
triangle,nlg,additive,1162261060,L1-discovered,-1,2026,2026,4.00741890655957,4.00741890655957,1.0,1.0,0.0,2.363049645204285e-05,2026,2026,4.00741890655957,2026.0,4.00741890655957,2026,4.00741890655957,6
triangle,nlg,additive,1162261060,L1-discovered,1,363,363,0.6402797382124252,0.6402797382124252,1.0,1.0,0.0003587002355633336,0.00022693455712563537,363,363,0.6402797382124252,363.0,0.6402797382124252,363,0.6402797382124252,6
triangle,nlg,additive,1162261060,L2,-1,2026,2026,4.007395276063118,4.007395276063118,1.0,1.0,0.0,,2026,2026,4.007395276063118,,,2026,4.007395276063118,6
triangle,nlg,additive,1162261060,L2,1,363,363,0.6400528036552996,0.6400528036552996,1.0,1.0,0.0,,363,363,0.6400528036552996,,,363,0.6400528036552996,6
triangle,nlg,additive,3312119525,L0,-1,2007,2007,4.010692167995069,4.010692167995069,1.0,1.0,0.0,5.5086876870724666e-05,2007,2007,4.010692167995069,2007.0,4.010692167995069,2007,4.010692167995069,7
triangle,nlg,additive,3312119525,L0,1,380,380,0.6298157103835444,0.6298157103835444,1.0,1.0,0.0003316853048164718,0.0009776985512855996,380,380,0.6298157103835444,380.0,0.6298157103835444,380,0.6298157103835444,7
triangle,nlg,additive,3312119525,L1-oracle,-1,2007,2004,4.010596286009324,4.010596286009324,0.9985052316890882,1.0,4.470968584776205e-05,-4.0795108874114305e-05,2007,2007,4.010596286009324,2007.0,4.010596286009324,2004,4.014584414075011,7
triangle,nlg,additive,3312119525,L1-oracle,1,380,379,0.6287827311171851,0.6287827311171851,0.9973684210526316,1.0,0.00010554551633840524,-5.528071507376886e-05,380,380,0.6287827311171851,380.0,0.6287827311171851,379,0.6286653679563716,7
triangle,nlg,additive,3312119525,L1-discovered,-1,2007,2004,4.010596286009324,4.010596286009324,0.9985052316890882,1.0,4.470968584776205e-05,-4.0795108874114305e-05,2007,2007,4.010596286009324,2007.0,4.010596286009324,2004,4.014584414075011,7
triangle,nlg,additive,3312119525,L1-discovered,1,380,379,0.6287827311171851,0.6287827311171851,0.9973684210526316,1.0,0.0001055455163384327,-5.528071507376886e-05,380,380,0.6287827311171851,380.0,0.6287827311171851,379,0.6286653679563716,7
triangle,nlg,additive,3312119525,L2,-1,2007,2007,4.010637081118198,4.010637081118198,1.0,1.0,0.0,,2007,2007,4.010637081118198,,,2007,4.010637081118198,7
triangle,nlg,additive,3312119525,L2,1,380,380,0.6288380118322588,0.6288380118322588,1.0,1.0,0.0,,380,380,0.6288380118322588,,,380,0.6288380118322588,7
triangle,nlg,additive,3527135551,L0,-1,2011,2011,3.9670520818453663,3.9670520818453663,1.0,1.0,0.0,2.839053698222571e-05,2011,2011,3.9670520818453663,2011.0,3.9670520818453663,2011,3.9670520818453663,8
triangle,nlg,additive,3527135551,L0,1,359,359,0.6420580141236492,0.6420580141236492,1.0,1.0,0.0006159276428217479,0.0017082572235912474,359,359,0.6420580141236492,359.0,0.6420580141236492,359,0.6420580141236492,8
triangle,nlg,additive,3527135551,L1-oracle,-1,2011,2011,3.967034710165585,3.967034710165585,1.0,1.0,2.614529467513132e-05,1.1018857200895127e-05,2011,2011,3.967034710165585,2011.0,3.967034710165585,2011,3.967034710165585,8
triangle,nlg,additive,3527135551,L1-oracle,1,359,359,0.6410818894616848,0.6410818894616848,1.0,1.0,0.0002829948280331568,0.0007321325616268526,359,359,0.6410818894616848,359.0,0.6410818894616848,359,0.6410818894616848,8
triangle,nlg,additive,3527135551,L1-discovered,-1,2011,2011,3.967034710165585,3.967034710165585,1.0,1.0,2.614529467513132e-05,1.1018857200895127e-05,2011,2011,3.967034710165585,2011.0,3.967034710165585,2011,3.967034710165585,8
triangle,nlg,additive,3527135551,L1-discovered,1,359,359,0.6410818894616848,0.6410818894616848,1.0,1.0,0.0002829948280331568,0.0007321325616268526,359,359,0.6410818894616848,359.0,0.6410818894616848,359,0.6410818894616848,8
triangle,nlg,additive,3527135551,L2,-1,2011,2011,3.967023691308384,3.967023691308384,1.0,1.0,0.0,,2011,2011,3.967023691308384,,,2011,3.967023691308384,8
triangle,nlg,additive,3527135551,L2,1,359,359,0.6403497569000579,0.6403497569000579,1.0,1.0,0.0,,359,359,0.6403497569000579,,,359,0.6403497569000579,8
triangle,nlg,additive,2727678368,L0,-1,1974,1974,4.092112351365002,4.092112351365002,1.0,1.0,0.0,0.00011325648867632765,1974,1974,4.092112351365002,1974.0,4.092112351365002,1974,4.092112351365002,9
triangle,nlg,additive,2727678368,L0,1,400,400,0.6750139510905194,0.6750139510905194,1.0,1.0,0.00031921947584626244,0.0027342268149320725,400,400,0.6750139510905194,400.0,0.6750139510905194,400,0.6750139510905194,9
triangle,nlg,additive,2727678368,L1-oracle,-1,1974,1944,4.091386590052006,4.091386590052006,0.9848024316109423,1.0,0.0012828440651639903,-0.0006125048243195153,1974,1974,4.091386590052006,1974.0,4.091386590052006,1944,4.121759483085785,9
triangle,nlg,additive,2727678368,L1-oracle,1,400,390,0.6710159488634089,0.6710159488634089,0.975,1.0,0.0034853954612544813,-0.0012637754121784806,400,400,0.6710159488634089,400.0,0.6710159488634089,390,0.662100990670621,9
triangle,nlg,additive,2727678368,L1-discovered,-1,1974,1944,4.091386590052006,4.091386590052006,0.9848024316109423,1.0,0.0012828440651639903,-0.0006125048243195153,1974,1974,4.091386590052006,1974.0,4.091386590052006,1944,4.121759483085785,9
triangle,nlg,additive,2727678368,L1-discovered,1,400,390,0.6710159488634089,0.6710159488634089,0.975,1.0,0.0034853954612544813,-0.0012637754121784806,400,400,0.6710159488634089,400.0,0.6710159488634089,390,0.662100990670621,9
triangle,nlg,additive,2727678368,L2,-1,1974,1974,4.091999094876326,4.091999094876326,1.0,1.0,0.0,,1974,1974,4.091999094876326,,,1974,4.091999094876326,9
triangle,nlg,additive,2727678368,L2,1,400,400,0.6722797242755874,0.6722797242755874,1.0,1.0,0.0,,400,400,0.6722797242755874,,,400,0.6722797242755874,9
triangle,nlg,additive,2186263937,L0,-1,1976,1976,4.128847983024889,4.128847983024889,1.0,1.0,0.0,0.0,1976,1976,4.128847983024889,1976.0,4.128847983024889,1976,4.128847983024889,10
triangle,nlg,additive,2186263937,L0,1,473,473,0.6789816213707923,0.6789816213707923,1.0,1.0,0.00026450947894398176,0.0006469364085430751,473,473,0.6789816213707923,473.0,0.6789816213707923,473,0.6789816213707923,10
triangle,nlg,additive,2186263937,L1-oracle,-1,1976,1976,4.128847983024889,4.128847983024889,1.0,1.0,0.0,0.0,1976,1976,4.128847983024889,1976.0,4.128847983024889,1976,4.128847983024889,10
triangle,nlg,additive,2186263937,L1-oracle,1,473,461,0.6773322352123725,0.6773322352123725,0.9746300211416491,1.0,0.0011177732346936255,-0.0010024497498767326,473,473,0.6773322352123725,473.0,0.6773322352123725,461,0.6782363632262979,10
triangle,nlg,additive,2186263937,L1-discovered,-1,1976,1976,4.128847983024889,4.128847983024889,1.0,1.0,0.0,0.0,1976,1976,4.128847983024889,1976.0,4.128847983024889,1976,4.128847983024889,10
triangle,nlg,additive,2186263937,L1-discovered,1,473,461,0.6773322352123725,0.6773322352123725,0.9746300211416491,1.0,0.0011177732346936255,-0.0010024497498767326,473,473,0.6773322352123725,473.0,0.6773322352123725,461,0.6782363632262979,10
triangle,nlg,additive,2186263937,L2,-1,1976,1976,4.128847983024889,4.128847983024889,1.0,1.0,0.0,,1976,1976,4.128847983024889,,,1976,4.128847983024889,10
triangle,nlg,additive,2186263937,L2,1,473,473,0.6783346849622492,0.6783346849622492,1.0,1.0,0.0,,473,473,0.6783346849622492,,,473,0.6783346849622492,10
triangle,nlg,additive,3073006032,L0,-1,2034,2034,4.030714704471363,4.030714704471363,1.0,1.0,0.0,3.958197648668005e-05,2034,2034,4.030714704471363,2034.0,4.030714704471363,2034,4.030714704471363,11
triangle,nlg,additive,3073006032,L0,1,397,397,0.6363069639038131,0.6363069639038131,1.0,1.0,0.0,0.0010192167179069456,397,397,0.6363069639038131,397.0,0.6363069639038131,397,0.6363069639038131,11
triangle,nlg,additive,3073006032,L1-oracle,-1,2034,2034,4.030695915027356,4.030695915027356,1.0,1.0,2.0771978746230575e-05,2.0792532479774195e-05,2034,2034,4.030695915027356,2034.0,4.030695915027356,2034,4.030695915027356,11
triangle,nlg,additive,3073006032,L1-oracle,1,397,397,0.6358991437792735,0.6358991437792735,1.0,1.0,0.0005289926624101852,0.000611396593367286,397,397,0.6358991437792735,397.0,0.6358991437792735,397,0.6358991437792735,11
triangle,nlg,additive,3073006032,L1-discovered,-1,2034,2034,4.030695915027356,4.030695915027356,1.0,1.0,2.0771978746230575e-05,2.0792532479774195e-05,2034,2034,4.030695915027356,2034.0,4.030695915027356,2034,4.030695915027356,11
triangle,nlg,additive,3073006032,L1-discovered,1,397,397,0.6358991437792735,0.6358991437792735,1.0,1.0,0.0005289926624102238,0.000611396593367286,397,397,0.6358991437792735,397.0,0.6358991437792735,397,0.6358991437792735,11
triangle,nlg,additive,3073006032,L2,-1,2034,2034,4.030675122494876,4.030675122494876,1.0,1.0,0.0,,2034,2034,4.030675122494876,,,2034,4.030675122494876,11
triangle,nlg,additive,3073006032,L2,1,397,397,0.6352877471859062,0.6352877471859062,1.0,1.0,0.0,,397,397,0.6352877471859062,,,397,0.6352877471859062,11
triangle,nlg,additive,2400372293,L0,-1,1988,1988,4.019146420488288,4.019146420488288,1.0,1.0,0.0,2.426510403452653e-05,1988,1988,4.019146420488288,1988.0,4.019146420488288,1988,4.019146420488288,12
triangle,nlg,additive,2400372293,L0,1,403,403,0.6923082584152068,0.6923082584152068,1.0,1.0,0.00019180093059660477,0.0010171351182629573,403,403,0.6923082584152068,403.0,0.6923082584152068,403,0.6923082584152068,12
triangle,nlg,additive,2400372293,L1-oracle,-1,1988,1988,4.019122574875224,4.019122574875224,1.0,1.0,2.0471005984557245e-05,4.194909708488126e-07,1988,1988,4.019122574875224,1988.0,4.019122574875224,1988,4.019122574875224,12
triangle,nlg,additive,2400372293,L1-oracle,1,403,403,0.6918385931755638,0.6918385931755638,1.0,1.0,0.00035956875545673666,0.0005474698786199772,403,403,0.6918385931755638,403.0,0.6918385931755638,403,0.6918385931755638,12
triangle,nlg,additive,2400372293,L1-discovered,-1,1988,1988,4.019122574875224,4.019122574875224,1.0,1.0,2.0471005984557245e-05,4.194909708488126e-07,1988,1988,4.019122574875224,1988.0,4.019122574875224,1988,4.019122574875224,12
triangle,nlg,additive,2400372293,L1-discovered,1,403,403,0.6918385931755638,0.6918385931755638,1.0,1.0,0.00035956875545673666,0.0005474698786199772,403,403,0.6918385931755638,403.0,0.6918385931755638,403,0.6918385931755638,12
triangle,nlg,additive,2400372293,L2,-1,1988,1988,4.019122155384253,4.019122155384253,1.0,1.0,0.0,,1988,1988,4.019122155384253,,,1988,4.019122155384253,12
triangle,nlg,additive,2400372293,L2,1,403,403,0.6912911232969439,0.6912911232969439,1.0,1.0,0.0,,403,403,0.6912911232969439,,,403,0.6912911232969439,12
triangle,nlg,additive,14143617,L0,-1,1992,1992,4.010552888400612,4.010552888400612,1.0,1.0,0.0,3.6360029831428164e-06,1992,1992,4.010552888400612,1992.0,4.010552888400612,1992,4.010552888400612,13
triangle,nlg,additive,14143617,L0,1,415,415,0.6978530935322086,0.6978530935322086,1.0,1.0,0.0,0.0017010035528181033,415,415,0.6978530935322086,415.0,0.6978530935322086,415,0.6978530935322086,13
triangle,nlg,additive,14143617,L1-oracle,-1,1992,1989,4.010485305168269,4.010485305168269,0.9984939759036144,1.0,0.00010694624342673125,-6.394722935976205e-05,1992,1992,4.010485305168269,1992.0,4.010485305168269,1989,4.014756218733868,13
triangle,nlg,additive,14143617,L1-oracle,1,415,402,0.6952805093765778,0.6952805093765778,0.9686746987951808,1.0,0.002711534121763388,-0.0008715806028126716,415,415,0.6952805093765778,415.0,0.6952805093765778,402,0.6872482574626226,13
triangle,nlg,additive,14143617,L1-discovered,-1,1992,1989,4.010485305168269,4.010485305168269,0.9984939759036144,1.0,0.00010694624342673125,-6.394722935976205e-05,1992,1992,4.010485305168269,1992.0,4.010485305168269,1989,4.014756218733868,13
triangle,nlg,additive,14143617,L1-discovered,1,415,402,0.6952805093765778,0.6952805093765778,0.9686746987951808,1.0,0.002711534121763388,-0.0008715806028126716,415,415,0.6952805093765778,415.0,0.6952805093765778,402,0.6872482574626226,13
triangle,nlg,additive,14143617,L2,-1,1992,1992,4.010549252397629,4.010549252397629,1.0,1.0,0.0,,1992,1992,4.010549252397629,,,1992,4.010549252397629,13
triangle,nlg,additive,14143617,L2,1,415,415,0.6961520899793905,0.6961520899793905,1.0,1.0,0.0,,415,415,0.6961520899793905,,,415,0.6961520899793905,13
triangle,nlg,additive,1350438117,L0,-1,1999,1999,3.929691257754947,3.929691257754947,1.0,1.0,0.0,0.0,1999,1999,3.929691257754947,1999.0,3.929691257754947,1999,3.929691257754947,14
triangle,nlg,additive,1350438117,L0,1,391,391,0.6469587879081093,0.6469587879081093,1.0,1.0,0.0,0.0006731629996524768,391,391,0.6469587879081093,391.0,0.6469587879081093,391,0.6469587879081093,14
triangle,nlg,additive,1350438117,L1-oracle,-1,1999,1999,3.929691257754947,3.929691257754947,1.0,1.0,1.1107784138320725e-19,0.0,1999,1999,3.929691257754947,1999.0,3.929691257754947,1999,3.929691257754947,14
triangle,nlg,additive,1350438117,L1-oracle,1,391,389,0.6461608491519694,0.6461608491519694,0.9948849104859335,1.0,0.00013555970247033857,-0.00012477575648750516,391,391,0.6461608491519694,391.0,0.6461608491519694,389,0.6460117575869311,14
triangle,nlg,additive,1350438117,L1-discovered,-1,1999,1999,3.929691257754947,3.929691257754947,1.0,1.0,1.1107784138320725e-19,0.0,1999,1999,3.929691257754947,1999.0,3.929691257754947,1999,3.929691257754947,14
triangle,nlg,additive,1350438117,L1-discovered,1,391,389,0.6461608491519694,0.6461608491519694,0.9948849104859335,1.0,0.00013555970247033857,-0.00012477575648750516,391,391,0.6461608491519694,391.0,0.6461608491519694,389,0.6460117575869311,14
triangle,nlg,additive,1350438117,L2,-1,1999,1999,3.929691257754947,3.929691257754947,1.0,1.0,0.0,,1999,1999,3.929691257754947,,,1999,3.929691257754947,14
triangle,nlg,additive,1350438117,L2,1,391,391,0.6462856249084569,0.6462856249084569,1.0,1.0,0.0,,391,391,0.6462856249084569,,,391,0.6462856249084569,14
triangle,nlg,additive,801569728,L0,-1,2015,2015,3.880826590876715,3.880826590876715,1.0,1.0,0.0,0.0,2015,2015,3.880826590876715,2015.0,3.880826590876715,2015,3.880826590876715,15
triangle,nlg,additive,801569728,L0,1,401,401,0.6481533392984853,0.6481533392984853,1.0,1.0,0.0,0.0003341292343386204,401,401,0.6481533392984853,401.0,0.6481533392984853,401,0.6481533392984853,15
triangle,nlg,additive,801569728,L1-oracle,-1,2015,2015,3.880826590876715,3.880826590876715,1.0,1.0,0.0,0.0,2015,2015,3.880826590876715,2015.0,3.880826590876715,2015,3.880826590876715,15
triangle,nlg,additive,801569728,L1-oracle,1,401,401,0.6478631464645135,0.6478631464645135,1.0,1.0,0.00018675005020829,4.393640036681745e-05,401,401,0.6478631464645135,401.0,0.6478631464645135,401,0.6478631464645135,15
triangle,nlg,additive,801569728,L1-discovered,-1,2015,2015,3.880826590876715,3.880826590876715,1.0,1.0,0.0,0.0,2015,2015,3.880826590876715,2015.0,3.880826590876715,2015,3.880826590876715,15
triangle,nlg,additive,801569728,L1-discovered,1,401,401,0.6478631464645135,0.6478631464645135,1.0,1.0,0.00018675005020829,4.393640036681745e-05,401,401,0.6478631464645135,401.0,0.6478631464645135,401,0.6478631464645135,15
triangle,nlg,additive,801569728,L2,-1,2015,2015,3.880826590876715,3.880826590876715,1.0,1.0,0.0,,2015,2015,3.880826590876715,,,2015,3.880826590876715,15
triangle,nlg,additive,801569728,L2,1,401,401,0.6478192100641467,0.6478192100641467,1.0,1.0,0.0,,401,401,0.6478192100641467,,,401,0.6478192100641467,15
triangle,nlg,additive,3819681627,L0,-1,1995,1995,4.080349654827575,4.080349654827575,1.0,1.0,0.0,0.00021988535860284486,1995,1995,4.080349654827575,1995.0,4.080349654827575,1995,4.080349654827575,16
triangle,nlg,additive,3819681627,L0,1,428,428,0.6929199307045919,0.6929199307045919,1.0,1.0,0.0,0.0022229227948873387,428,428,0.6929199307045919,428.0,0.6929199307045919,428,0.6929199307045919,16
triangle,nlg,additive,3819681627,L1-oracle,-1,1995,1924,4.0784764667533295,4.0784764667533295,0.9644110275689223,1.0,0.005474734890670545,-0.0016533027156429014,1995,1995,4.0784764667533295,1995.0,4.0784764667533295,1924,4.1465014818261805,16
triangle,nlg,additive,3819681627,L1-oracle,1,428,388,0.6853649160086167,0.6853649160086167,0.9065420560747663,1.0,0.008851107286252933,-0.005332091901087854,428,428,0.6853649160086167,428.0,0.6853649160086167,388,0.6549169422244188,16
triangle,nlg,additive,3819681627,L1-discovered,-1,1995,1924,4.0784764667533295,4.0784764667533295,0.9644110275689223,1.0,0.005474734890670545,-0.0016533027156429014,1995,1995,4.0784764667533295,1995.0,4.0784764667533295,1924,4.1465014818261805,16
triangle,nlg,additive,3819681627,L1-discovered,1,428,388,0.6853649160086167,0.6853649160086167,0.9065420560747663,1.0,0.008851107286252933,-0.005332091901087854,428,428,0.6853649160086167,428.0,0.6853649160086167,388,0.6549169422244188,16
triangle,nlg,additive,3819681627,L2,-1,1995,1995,4.080129769468972,4.080129769468972,1.0,1.0,0.0,,1995,1995,4.080129769468972,,,1995,4.080129769468972,16
triangle,nlg,additive,3819681627,L2,1,428,428,0.6906970079097046,0.6906970079097046,1.0,1.0,0.0,,428,428,0.6906970079097046,,,428,0.6906970079097046,16
triangle,nlg,additive,2774431793,L0,-1,2024,2024,3.9146373691245198,3.9146373691245198,1.0,1.0,0.0,5.0676187997034106e-06,2024,2024,3.9146373691245198,2024.0,3.9146373691245198,2024,3.9146373691245198,17
triangle,nlg,additive,2774431793,L0,1,389,389,0.6242224701495838,0.6242224701495838,1.0,1.0,0.0,0.0009102538559070394,389,389,0.6242224701495838,389.0,0.6242224701495838,389,0.6242224701495838,17
triangle,nlg,additive,2774431793,L1-oracle,-1,2024,2024,3.91463230150572,3.91463230150572,1.0,1.0,7.306782766000312e-06,0.0,2024,2024,3.91463230150572,2024.0,3.91463230150572,2024,3.91463230150572,17
triangle,nlg,additive,2774431793,L1-oracle,1,389,383,0.6230783991593871,0.6230783991593871,0.9845758354755784,1.0,0.00039030593966022775,-0.0002338171342896045,389,389,0.6230783991593871,389.0,0.6230783991593871,383,0.6197599867892094,17
triangle,nlg,additive,2774431793,L1-discovered,-1,2024,2024,3.91463230150572,3.91463230150572,1.0,1.0,7.306782766000312e-06,0.0,2024,2024,3.91463230150572,2024.0,3.91463230150572,2024,3.91463230150572,17
triangle,nlg,additive,2774431793,L1-discovered,1,389,383,0.6230783991593871,0.6230783991593871,0.9845758354755784,1.0,0.00039030593966022775,-0.0002338171342896045,389,389,0.6230783991593871,389.0,0.6230783991593871,383,0.6197599867892094,17
triangle,nlg,additive,2774431793,L2,-1,2024,2024,3.91463230150572,3.91463230150572,1.0,1.0,0.0,,2024,2024,3.91463230150572,,,2024,3.91463230150572,17
triangle,nlg,additive,2774431793,L2,1,389,389,0.6233122162936767,0.6233122162936767,1.0,1.0,0.0,,389,389,0.6233122162936767,,,389,0.6233122162936767,17
triangle,nlg,additive,794650984,L0,-1,2020,2020,3.9216525850400235,3.9216525850400235,1.0,1.0,0.0,1.3620596681640507e-05,2020,2020,3.9216525850400235,2020.0,3.9216525850400235,2020,3.9216525850400235,18
triangle,nlg,additive,794650984,L0,1,372,372,0.6416883662684172,0.6416883662684172,1.0,1.0,0.0,0.0012438874399750555,372,372,0.6416883662684172,372.0,0.6416883662684172,372,0.6416883662684172,18
triangle,nlg,additive,794650984,L1-oracle,-1,2020,2020,3.921638964443342,3.921638964443342,1.0,1.0,1.852914093591016e-05,0.0,2020,2020,3.921638964443342,2020.0,3.921638964443342,2020,3.921638964443342,18
triangle,nlg,additive,794650984,L1-oracle,1,372,372,0.6406302873740938,0.6406302873740938,1.0,1.0,0.00025702998439422627,0.0001858085456516445,372,372,0.6406302873740938,372.0,0.6406302873740938,372,0.6406302873740938,18
triangle,nlg,additive,794650984,L1-discovered,-1,2020,2020,3.921638964443342,3.921638964443342,1.0,1.0,1.852914093591016e-05,0.0,2020,2020,3.921638964443342,2020.0,3.921638964443342,2020,3.921638964443342,18
triangle,nlg,additive,794650984,L1-discovered,1,372,372,0.6406302873740938,0.6406302873740938,1.0,1.0,0.00025702998439422627,0.0001858085456516445,372,372,0.6406302873740938,372.0,0.6406302873740938,372,0.6406302873740938,18
triangle,nlg,additive,794650984,L2,-1,2020,2020,3.921638964443342,3.921638964443342,1.0,1.0,0.0,,2020,2020,3.921638964443342,,,2020,3.921638964443342,18
triangle,nlg,additive,794650984,L2,1,372,372,0.6404444788284421,0.6404444788284421,1.0,1.0,0.0,,372,372,0.6404444788284421,,,372,0.6404444788284421,18
triangle,nlg,additive,3338799195,L0,-1,1966,1966,4.089251265442515,4.089251265442515,1.0,1.0,0.0,4.75783893163495e-05,1966,1966,4.089251265442515,1966.0,4.089251265442515,1966,4.089251265442515,19
triangle,nlg,additive,3338799195,L0,1,427,427,0.6995812938029364,0.6995812938029364,1.0,1.0,0.00028152393970239933,0.00130983059211498,427,427,0.6995812938029364,427.0,0.6995812938029364,427,0.6995812938029364,19
triangle,nlg,additive,3338799195,L1-oracle,-1,1966,1966,4.0892384253410965,4.0892384253410965,1.0,1.0,1.075133186043456e-05,3.473828789779532e-05,1966,1966,4.0892384253410965,1966.0,4.0892384253410965,1966,4.0892384253410965,19
triangle,nlg,additive,3338799195,L1-oracle,1,427,427,0.6985350260539979,0.6985350260539979,1.0,1.0,0.00044285453022409056,0.00026356284317641254,427,427,0.6985350260539979,427.0,0.6985350260539979,427,0.6985350260539979,19
triangle,nlg,additive,3338799195,L1-discovered,-1,1966,1966,4.0892384253410965,4.0892384253410965,1.0,1.0,1.075133186043456e-05,3.473828789779532e-05,1966,1966,4.0892384253410965,1966.0,4.0892384253410965,1966,4.0892384253410965,19
triangle,nlg,additive,3338799195,L1-discovered,1,427,427,0.6985350260539979,0.6985350260539979,1.0,1.0,0.00044285453022409056,0.00026356284317641254,427,427,0.6985350260539979,427.0,0.6985350260539979,427,0.6985350260539979,19
triangle,nlg,additive,3338799195,L2,-1,1966,1966,4.089203687053199,4.089203687053199,1.0,1.0,0.0,,1966,1966,4.089203687053199,,,1966,4.089203687053199,19
triangle,nlg,additive,3338799195,L2,1,427,427,0.6982714632108215,0.6982714632108215,1.0,1.0,0.0,,427,427,0.6982714632108215,,,427,0.6982714632108215,19
triangle,nlg,effect_modifying,3134173889,L0,-1,1995,1995,2.9738878209439976,2.9738878209439976,1.0,1.0,4.5018546993708014e-05,0.0,1995,1995,2.9738878209439976,1995.0,2.9738878209439976,1995,2.9738878209439976,0
triangle,nlg,effect_modifying,3134173889,L0,1,529,529,0.7500054625117974,0.7500054625117974,1.0,1.0,0.0010854536559391323,0.019720329949991733,529,529,0.7500054625117974,529.0,0.7500054625117974,529,0.7500054625117974,0
triangle,nlg,effect_modifying,3134173889,L1-oracle,-1,1995,1994,2.9738809360767586,2.9738809360767586,0.9994987468671679,1.0,1.1470387768701752e-05,-6.884867238987624e-06,1995,1995,2.9738809360767586,1995.0,2.9738809360767586,1994,2.9753162613222,0
triangle,nlg,effect_modifying,3134173889,L1-oracle,1,529,529,0.7360075968783163,0.7360075968783163,1.0,1.0,0.007504227360601871,0.005722464316510578,529,529,0.7360075968783163,529.0,0.7360075968783163,529,0.7360075968783163,0
triangle,nlg,effect_modifying,3134173889,L1-discovered,-1,1995,1947,2.973306823218225,2.973306823218225,0.9759398496240601,1.0,0.005432114926244356,-0.0005809977257724697,1995,1995,2.973306823218225,1995.0,2.973306823218225,1947,3.0170827531763234,0
triangle,nlg,effect_modifying,3134173889,L1-discovered,1,529,529,0.7492833613040691,0.7492833613040691,1.0,1.0,0.006230212067089912,0.018998228742263423,529,529,0.7492833613040691,529.0,0.7492833613040691,529,0.7492833613040691,0
triangle,nlg,effect_modifying,3134173889,L2,-1,1995,1995,2.9738878209439976,2.9738878209439976,1.0,1.0,0.0,,1995,1995,2.9738878209439976,,,1995,2.9738878209439976,0
triangle,nlg,effect_modifying,3134173889,L2,1,529,529,0.7302851325618057,0.7302851325618057,1.0,1.0,0.0,,529,529,0.7302851325618057,,,529,0.7302851325618057,0
triangle,nlg,effect_modifying,3888140183,L0,-1,1974,1974,2.9481953589106538,2.9481953589106538,1.0,1.0,0.0,1.3648060478210766e-05,1974,1974,2.9481953589106538,1974.0,2.9481953589106538,1974,2.9481953589106538,1
triangle,nlg,effect_modifying,3888140183,L0,1,500,500,0.7578970054732913,0.7578970054732913,1.0,1.0,0.00076216953853977,0.01798249921961692,500,500,0.7578970054732913,500.0,0.7578970054732913,500,0.7578970054732913,1
triangle,nlg,effect_modifying,3888140183,L1-oracle,-1,1974,1974,2.9481817108501756,2.9481817108501756,1.0,1.0,7.805460073333573e-07,0.0,1974,1974,2.9481817108501756,1974.0,2.9481817108501756,1974,2.9481817108501756,1
triangle,nlg,effect_modifying,3888140183,L1-oracle,1,500,499,0.7396897097199198,0.7396897097199198,0.998,1.0,0.00044355665025143864,-0.00022479653375462316,500,500,0.7396897097199198,500.0,0.7396897097199198,499,0.738243842466041,1
triangle,nlg,effect_modifying,3888140183,L1-discovered,-1,1974,1785,2.9443981394634333,2.9443981394634333,0.9042553191489362,1.0,0.034780340116833064,-0.003783571386742235,1974,1974,2.9443981394634333,1974.0,2.9443981394634333,1785,3.0884106130753954,1
triangle,nlg,effect_modifying,3888140183,L1-discovered,1,500,500,0.7565670582844514,0.7565670582844514,1.0,1.0,0.007063207611359852,0.01665255203077698,500,500,0.7565670582844514,500.0,0.7565670582844514,500,0.7565670582844514,1
triangle,nlg,effect_modifying,3888140183,L2,-1,1974,1974,2.9481817108501756,2.9481817108501756,1.0,1.0,0.0,,1974,1974,2.9481817108501756,,,1974,2.9481817108501756,1
triangle,nlg,effect_modifying,3888140183,L2,1,500,500,0.7399145062536744,0.7399145062536744,1.0,1.0,0.0,,500,500,0.7399145062536744,,,500,0.7399145062536744,1
triangle,nlg,effect_modifying,242446310,L0,-1,1969,1969,2.9679735342512767,2.9679735342512767,1.0,1.0,9.936926076319028e-06,0.0,1969,1969,2.9679735342512767,1969.0,2.9679735342512767,1969,2.9679735342512767,2
triangle,nlg,effect_modifying,242446310,L0,1,576,576,0.741133270823474,0.741133270823474,1.0,1.0,0.0009584102094894341,0.017557908183798432,576,576,0.741133270823474,576.0,0.741133270823474,576,0.741133270823474,2
triangle,nlg,effect_modifying,242446310,L1-oracle,-1,1969,1969,2.9679735342512767,2.9679735342512767,1.0,1.0,3.124609410613751e-07,0.0,1969,1969,2.9679735342512767,1969.0,2.9679735342512767,1969,2.9679735342512767,2
triangle,nlg,effect_modifying,242446310,L1-oracle,1,576,576,0.7242597531400516,0.7242597531400516,1.0,1.0,0.001138815978028364,0.0006843905003760531,576,576,0.7242597531400516,576.0,0.7242597531400516,576,0.7242597531400516,2
triangle,nlg,effect_modifying,242446310,L1-discovered,-1,1969,1747,2.9627832134516052,2.9627832134516052,0.8872524123920772,1.0,0.044843133138146286,-0.005190320799671522,1969,1969,2.9627832134516052,1969.0,2.9627832134516052,1747,3.1377117511347654,2
triangle,nlg,effect_modifying,242446310,L1-discovered,1,576,576,0.7395463528323396,0.7395463528323396,1.0,1.0,0.006499993572793957,0.015970990192664014,576,576,0.7395463528323396,576.0,0.7395463528323396,576,0.7395463528323396,2
triangle,nlg,effect_modifying,242446310,L2,-1,1969,1969,2.9679735342512767,2.9679735342512767,1.0,1.0,0.0,,1969,1969,2.9679735342512767,,,1969,2.9679735342512767,2
triangle,nlg,effect_modifying,242446310,L2,1,576,576,0.7235753626396756,0.7235753626396756,1.0,1.0,0.0,,576,576,0.7235753626396756,,,576,0.7235753626396756,2
triangle,nlg,effect_modifying,1421188080,L0,-1,1981,1981,2.979440197628293,2.979440197628293,1.0,1.0,2.3101653867130743e-05,0.0,1981,1981,2.979440197628293,1981.0,2.979440197628293,1981,2.979440197628293,3
triangle,nlg,effect_modifying,1421188080,L0,1,541,541,0.6909383608216199,0.6909383608216199,1.0,1.0,0.0012988400809540975,0.022896031980076836,541,541,0.6909383608216199,541.0,0.6909383608216199,541,0.6909383608216199,3
triangle,nlg,effect_modifying,1421188080,L1-oracle,-1,1981,1975,2.9794004131705805,2.9794004131705805,0.9969712266532055,1.0,0.00023101584690762896,-3.978445771268824e-05,1981,1981,2.9794004131705805,1981.0,2.9794004131705805,1975,2.9864732824443765,3
triangle,nlg,effect_modifying,1421188080,L1-oracle,1,541,541,0.6766345954518165,0.6766345954518165,1.0,1.0,0.010267223149773881,0.008592266610273458,541,541,0.6766345954518165,541.0,0.6766345954518165,541,0.6766345954518165,3
triangle,nlg,effect_modifying,1421188080,L1-discovered,-1,1981,1694,2.972065662162728,2.972065662162728,0.8551236749116607,1.0,0.05979799126725567,-0.007374535465565213,1981,1981,2.972065662162728,1981.0,2.972065662162728,1694,3.18436487670833,3
triangle,nlg,effect_modifying,1421188080,L1-discovered,1,541,541,0.6878470647914734,0.6878470647914734,1.0,1.0,0.015363570090271575,0.019804735949930374,541,541,0.6878470647914734,541.0,0.6878470647914734,541,0.6878470647914734,3
triangle,nlg,effect_modifying,1421188080,L2,-1,1981,1981,2.979440197628293,2.979440197628293,1.0,1.0,0.0,,1981,1981,2.979440197628293,,,1981,2.979440197628293,3
triangle,nlg,effect_modifying,1421188080,L2,1,541,541,0.668042328841543,0.668042328841543,1.0,1.0,0.0,,541,541,0.668042328841543,,,541,0.668042328841543,3
triangle,nlg,effect_modifying,2507512415,L0,-1,2026,2026,2.9700091098372585,2.9700091098372585,1.0,1.0,0.0,6.6038470176721376e-06,2026,2026,2.9700091098372585,2026.0,2.9700091098372585,2026,2.9700091098372585,4
triangle,nlg,effect_modifying,2507512415,L0,1,508,508,0.7593760996852056,0.7593760996852056,1.0,1.0,0.0007069847338245547,0.018045755378998996,508,508,0.7593760996852056,508.0,0.7593760996852056,508,0.7593760996852056,4
triangle,nlg,effect_modifying,2507512415,L1-oracle,-1,2026,2026,2.970002505990241,2.970002505990241,1.0,1.0,6.965655532649493e-07,0.0,2026,2026,2.970002505990241,2026.0,2.970002505990241,2026,2.970002505990241,4
triangle,nlg,effect_modifying,2507512415,L1-oracle,1,508,489,0.737838460809587,0.737838460809587,0.9625984251968503,1.0,0.00305356788261038,-0.0034918834966195522,508,508,0.737838460809587,508.0,0.737838460809587,489,0.709804795576741,4
triangle,nlg,effect_modifying,2507512415,L1-discovered,-1,2026,1948,2.968815559758918,2.968815559758918,0.9615004935834156,1.0,0.010040644092905273,-0.0011869462313227608,2026,2026,2.968815559758918,2026.0,2.968815559758918,1948,3.03850836301877,4
triangle,nlg,effect_modifying,2507512415,L1-discovered,1,508,508,0.7584953960351193,0.7584953960351193,1.0,1.0,0.006030678812380673,0.017165051728912695,508,508,0.7584953960351193,508.0,0.7584953960351193,508,0.7584953960351193,4
triangle,nlg,effect_modifying,2507512415,L2,-1,2026,2026,2.970002505990241,2.970002505990241,1.0,1.0,0.0,,2026,2026,2.970002505990241,,,2026,2.970002505990241,4
triangle,nlg,effect_modifying,2507512415,L2,1,508,508,0.7413303443062066,0.7413303443062066,1.0,1.0,0.0,,508,508,0.7413303443062066,,,508,0.7413303443062066,4
triangle,nlg,effect_modifying,2830493979,L0,-1,2024,2024,2.9003109435877024,2.9003109435877024,1.0,1.0,9.32969145299922e-06,2.063762171644612e-05,2024,2024,2.9003109435877024,2024.0,2.9003109435877024,2024,2.9003109435877024,5
triangle,nlg,effect_modifying,2830493979,L0,1,511,511,0.717826953702798,0.717826953702798,1.0,1.0,0.0007129331198938455,0.01688001296357866,511,511,0.717826953702798,511.0,0.717826953702798,511,0.717826953702798,5
triangle,nlg,effect_modifying,2830493979,L1-oracle,-1,2024,2024,2.9003040643804634,2.9003040643804634,1.0,1.0,6.986620723303563e-06,1.3758414477482717e-05,2024,2024,2.9003040643804634,2024.0,2.9003040643804634,2024,2.9003040643804634,5
triangle,nlg,effect_modifying,2830493979,L1-oracle,1,511,475,0.6950313390090487,0.6950313390090487,0.9295499021526419,1.0,0.009965420975241062,-0.005915601730170694,511,511,0.6950313390090487,511.0,0.6950313390090487,475,0.6322521883889218,5
triangle,nlg,effect_modifying,2830493979,L1-discovered,-1,2024,1974,2.899648173067048,2.899648173067048,0.9752964426877471,1.0,0.00595635958192411,-0.0006421328989381081,2024,2024,2.899648173067048,2024.0,2.899648173067048,1974,2.941853624711512,5
triangle,nlg,effect_modifying,2830493979,L1-discovered,1,511,511,0.7172874031577665,0.7172874031577665,1.0,1.0,0.0024038493244465343,0.01634046241854714,511,511,0.7172874031577665,511.0,0.7172874031577665,511,0.7172874031577665,5
triangle,nlg,effect_modifying,2830493979,L2,-1,2024,2024,2.900290305965986,2.900290305965986,1.0,1.0,0.0,,2024,2024,2.900290305965986,,,2024,2.900290305965986,5
triangle,nlg,effect_modifying,2830493979,L2,1,511,511,0.7009469407392194,0.7009469407392194,1.0,1.0,0.0,,511,511,0.7009469407392194,,,511,0.7009469407392194,5
triangle,nlg,effect_modifying,1162261060,L0,-1,2020,2020,2.895834328572596,2.895834328572596,1.0,1.0,1.6767976431611734e-05,0.0,2020,2020,2.895834328572596,2020.0,2.895834328572596,2020,2.895834328572596,6
triangle,nlg,effect_modifying,1162261060,L0,1,538,538,0.7260689650858472,0.7260689650858472,1.0,1.0,0.0006224386411798892,0.015444386323160031,538,538,0.7260689650858472,538.0,0.7260689650858472,538,0.7260689650858472,6
triangle,nlg,effect_modifying,1162261060,L1-oracle,-1,2020,2020,2.895834328572596,2.895834328572596,1.0,1.0,2.3349285695440146e-06,0.0,2020,2020,2.895834328572596,2020.0,2.895834328572596,2020,2.895834328572596,6
triangle,nlg,effect_modifying,1162261060,L1-oracle,1,538,538,0.71239557652249,0.71239557652249,1.0,1.0,0.002277312250053122,0.0017709977598028281,538,538,0.71239557652249,538.0,0.71239557652249,538,0.71239557652249,6
triangle,nlg,effect_modifying,1162261060,L1-discovered,-1,2020,2012,2.895743547472757,2.895743547472757,0.996039603960396,1.0,0.000767456385799364,-9.07810998391767e-05,2020,2020,2.895743547472757,2020.0,2.895743547472757,2012,2.9035312245641567,6
triangle,nlg,effect_modifying,1162261060,L1-discovered,1,538,538,0.7259156420750641,0.7259156420750641,1.0,1.0,0.002307309615505949,0.015291063312376951,538,538,0.7259156420750641,538.0,0.7259156420750641,538,0.7259156420750641,6
triangle,nlg,effect_modifying,1162261060,L2,-1,2020,2020,2.895834328572596,2.895834328572596,1.0,1.0,0.0,,2020,2020,2.895834328572596,,,2020,2.895834328572596,6
triangle,nlg,effect_modifying,1162261060,L2,1,538,538,0.7106245787626871,0.7106245787626871,1.0,1.0,0.0,,538,538,0.7106245787626871,,,538,0.7106245787626871,6
triangle,nlg,effect_modifying,3312119525,L0,-1,1996,1996,2.9174505138673434,2.9174505138673434,1.0,1.0,1.6801824731735966e-05,0.0,1996,1996,2.9174505138673434,1996.0,2.9174505138673434,1996,2.9174505138673434,7
triangle,nlg,effect_modifying,3312119525,L0,1,556,556,0.745709479568923,0.745709479568923,1.0,1.0,0.0007208141310226587,0.013286387419189527,556,556,0.745709479568923,556.0,0.745709479568923,556,0.745709479568923,7
triangle,nlg,effect_modifying,3312119525,L1-oracle,-1,1996,1995,2.9174364900773497,2.9174364900773497,0.999498997995992,1.0,1.8170089166104856e-05,-1.4023789993711233e-05,1996,1996,2.9174364900773497,1996.0,2.9174364900773497,1995,2.9187863724668515,7
triangle,nlg,effect_modifying,3312119525,L1-oracle,1,556,556,0.7381558188016746,0.7381558188016746,1.0,1.0,0.007059848782787698,0.0057327266519411335,556,556,0.7381558188016746,556.0,0.7381558188016746,556,0.7381558188016746,7
triangle,nlg,effect_modifying,3312119525,L1-discovered,-1,1996,1944,2.9166049758586485,2.9166049758586485,0.9739478957915831,1.0,0.007167440713248292,-0.0008455380086949127,1996,1996,2.9166049758586485,1996.0,2.9166049758586485,1944,2.9636824438497995,7
triangle,nlg,effect_modifying,3312119525,L1-discovered,1,556,556,0.7450016987052555,0.7450016987052555,1.0,1.0,0.004815261757600593,0.01257860655552201,556,556,0.7450016987052555,556.0,0.7450016987052555,556,0.7450016987052555,7
triangle,nlg,effect_modifying,3312119525,L2,-1,1996,1996,2.9174505138673434,2.9174505138673434,1.0,1.0,0.0,,1996,1996,2.9174505138673434,,,1996,2.9174505138673434,7
triangle,nlg,effect_modifying,3312119525,L2,1,556,556,0.7324230921497334,0.7324230921497334,1.0,1.0,0.0,,556,556,0.7324230921497334,,,556,0.7324230921497334,7
triangle,nlg,effect_modifying,3527135551,L0,-1,2001,2001,2.886911998309095,2.886911998309095,1.0,1.0,1.628256755846381e-05,0.0,2001,2001,2.886911998309095,2001.0,2.886911998309095,2001,2.886911998309095,8
triangle,nlg,effect_modifying,3527135551,L0,1,516,516,0.7284774519712856,0.7284774519712856,1.0,1.0,0.0008120188446277608,0.022310780327878477,516,516,0.7284774519712856,516.0,0.7284774519712856,516,0.7284774519712856,8
triangle,nlg,effect_modifying,3527135551,L1-oracle,-1,2001,2001,2.886911998309095,2.886911998309095,1.0,1.0,2.9750789978840433e-06,0.0,2001,2001,2.886911998309095,2001.0,2.886911998309095,2001,2.886911998309095,8
triangle,nlg,effect_modifying,3527135551,L1-oracle,1,516,515,0.7059504061484407,0.7059504061484407,0.998062015503876,1.0,0.00037645350782145124,-0.00021626549496633896,516,516,0.7059504061484407,516.0,0.7059504061484407,515,0.7060210710683111,8
triangle,nlg,effect_modifying,3527135551,L1-discovered,-1,2001,1964,2.8863694429903886,2.8863694429903886,0.9815092453773113,1.0,0.0045362538158142144,-0.0005425553187063947,2001,2001,2.8863694429903886,2001.0,2.8863694429903886,1964,2.91858655153604,8
triangle,nlg,effect_modifying,3527135551,L1-discovered,1,516,516,0.7279042368076343,0.7279042368076343,1.0,1.0,0.0049132376947753345,0.0217375651642272,516,516,0.7279042368076343,516.0,0.7279042368076343,516,0.7279042368076343,8
triangle,nlg,effect_modifying,3527135551,L2,-1,2001,2001,2.886911998309095,2.886911998309095,1.0,1.0,0.0,,2001,2001,2.886911998309095,,,2001,2.886911998309095,8
triangle,nlg,effect_modifying,3527135551,L2,1,516,516,0.7061666716434071,0.7061666716434071,1.0,1.0,0.0,,516,516,0.7061666716434071,,,516,0.7061666716434071,8
triangle,nlg,effect_modifying,2727678368,L0,-1,1966,1966,3.048519988324565,3.048519988324565,1.0,1.0,3.132053865378354e-05,0.0,1966,1966,3.048519988324565,1966.0,3.048519988324565,1966,3.048519988324565,9
triangle,nlg,effect_modifying,2727678368,L0,1,515,515,0.7768633498920025,0.7768633498920025,1.0,1.0,0.001370394783552794,0.023677727637634427,515,515,0.7768633498920025,515.0,0.7768633498920025,515,0.7768633498920025,9
triangle,nlg,effect_modifying,2727678368,L1-oracle,-1,1966,1904,3.0476113457582574,3.0476113457582574,0.9684638860630722,1.0,0.006960877501355915,-0.000908642566307627,1966,1966,3.0476113457582574,1966.0,3.0476113457582574,1904,3.1063412891343494,9
triangle,nlg,effect_modifying,2727678368,L1-oracle,1,515,515,0.7649900839243253,0.7649900839243253,1.0,1.0,0.014346316843730611,0.0118044616699573,515,515,0.7649900839243253,515.0,0.7649900839243253,515,0.7649900839243253,9
triangle,nlg,effect_modifying,2727678368,L1-discovered,-1,1966,1434,3.0277695604930974,3.0277695604930974,0.7293997965412004,1.0,0.1389169869797335,-0.020750427831467633,1966,1966,3.0277695604930974,1966.0,3.0277695604930974,1434,3.4109097630064795,9
triangle,nlg,effect_modifying,2727678368,L1-discovered,1,515,515,0.7720398644487532,0.7720398644487532,1.0,1.0,0.016021377960500578,0.01885424219438514,515,515,0.7720398644487532,515.0,0.7720398644487532,515,0.7720398644487532,9
triangle,nlg,effect_modifying,2727678368,L2,-1,1966,1966,3.048519988324565,3.048519988324565,1.0,1.0,0.0,,1966,1966,3.048519988324565,,,1966,3.048519988324565,9
triangle,nlg,effect_modifying,2727678368,L2,1,515,515,0.753185622254368,0.753185622254368,1.0,1.0,0.0,,515,515,0.753185622254368,,,515,0.753185622254368,9
triangle,nlg,effect_modifying,2186263937,L0,-1,1972,1972,3.031482985491386,3.031482985491386,1.0,1.0,8.30708219693986e-06,0.0,1972,1972,3.031482985491386,1972.0,3.031482985491386,1972,3.031482985491386,10
triangle,nlg,effect_modifying,2186263937,L0,1,609,609,0.8105667723502084,0.8105667723502084,1.0,1.0,0.0005873272749828896,0.015258929664140553,609,609,0.8105667723502084,609.0,0.8105667723502084,609,0.8105667723502084,10
triangle,nlg,effect_modifying,2186263937,L1-oracle,-1,1972,1972,3.031482985491386,3.031482985491386,1.0,1.0,6.266825053932751e-07,0.0,1972,1972,3.031482985491386,1972.0,3.031482985491386,1972,3.031482985491386,10
triangle,nlg,effect_modifying,2186263937,L1-oracle,1,609,609,0.7954044517311414,0.7954044517311414,1.0,1.0,4.000360803267931e-05,9.660904507358126e-05,609,609,0.7954044517311414,609.0,0.7954044517311414,609,0.7954044517311414,10
triangle,nlg,effect_modifying,2186263937,L1-discovered,-1,1972,1789,3.0276805829118305,3.0276805829118305,0.9072008113590264,1.0,0.03837875425161844,-0.0038024025795553307,1972,1972,3.0276805829118305,1972.0,3.0276805829118305,1789,3.1792362792626783,10
triangle,nlg,effect_modifying,2186263937,L1-discovered,1,609,609,0.8090784079834964,0.8090784079834964,1.0,1.0,0.0074570465027314695,0.013770565297428594,609,609,0.8090784079834964,609.0,0.8090784079834964,609,0.8090784079834964,10
triangle,nlg,effect_modifying,2186263937,L2,-1,1972,1972,3.031482985491386,3.031482985491386,1.0,1.0,0.0,,1972,1972,3.031482985491386,,,1972,3.031482985491386,10
triangle,nlg,effect_modifying,2186263937,L2,1,609,609,0.7953078426860678,0.7953078426860678,1.0,1.0,0.0,,609,609,0.7953078426860678,,,609,0.7953078426860678,10
triangle,nlg,effect_modifying,3073006032,L0,-1,2029,2029,2.8771750444277986,2.8771750444277986,1.0,1.0,0.0,0.0,2029,2029,2.8771750444277986,2029.0,2.8771750444277986,2029,2.8771750444277986,11
triangle,nlg,effect_modifying,3073006032,L0,1,545,545,0.7556779678307037,0.7556779678307037,1.0,1.0,0.0007924838513894442,0.015150302201234034,545,545,0.7556779678307037,545.0,0.7556779678307037,545,0.7556779678307037,11
triangle,nlg,effect_modifying,3073006032,L1-oracle,-1,2029,2029,2.8771750444277986,2.8771750444277986,1.0,1.0,0.0,0.0,2029,2029,2.8771750444277986,2029.0,2.8771750444277986,2029,2.8771750444277986,11
triangle,nlg,effect_modifying,3073006032,L1-oracle,1,545,545,0.7433323196778192,0.7433323196778192,1.0,1.0,0.0029801716303588144,0.0028046540483495086,545,545,0.7433323196778192,545.0,0.7433323196778192,545,0.7433323196778192,11
triangle,nlg,effect_modifying,3073006032,L1-discovered,-1,2029,2022,2.8771168232583744,2.8771168232583744,0.9965500246426812,1.0,0.0003953997391744119,-5.822116942422184e-05,2029,2029,2.8771168232583744,2029.0,2.8771168232583744,2022,2.8849717210273607,11
triangle,nlg,effect_modifying,3073006032,L1-discovered,1,545,545,0.7555616693678902,0.7555616693678902,1.0,1.0,0.001504795312187705,0.015034003738420454,545,545,0.7555616693678902,545.0,0.7555616693678902,545,0.7555616693678902,11
triangle,nlg,effect_modifying,3073006032,L2,-1,2029,2029,2.8771750444277986,2.8771750444277986,1.0,1.0,0.0,,2029,2029,2.8771750444277986,,,2029,2.8771750444277986,11
triangle,nlg,effect_modifying,3073006032,L2,1,545,545,0.7405276656294697,0.7405276656294697,1.0,1.0,0.0,,545,545,0.7405276656294697,,,545,0.7405276656294697,11
triangle,nlg,effect_modifying,2400372293,L0,-1,1979,1979,2.9628754000911584,2.9628754000911584,1.0,1.0,1.7059981131714864e-05,0.0,1979,1979,2.9628754000911584,1979.0,2.9628754000911584,1979,2.9628754000911584,12
triangle,nlg,effect_modifying,2400372293,L0,1,531,531,0.7914666328287968,0.7914666328287968,1.0,1.0,0.0008890326999000546,0.02374259779491683,531,531,0.7914666328287968,531.0,0.7914666328287968,531,0.7914666328287968,12
triangle,nlg,effect_modifying,2400372293,L1-oracle,-1,1979,1979,2.9628754000911584,2.9628754000911584,1.0,1.0,1.3991504097790531e-06,0.0,1979,1979,2.9628754000911584,1979.0,2.9628754000911584,1979,2.9628754000911584,12
triangle,nlg,effect_modifying,2400372293,L1-oracle,1,531,513,0.7646639250416936,0.7646639250416936,0.9661016949152542,1.0,0.004713306537706546,-0.0030601099921864217,531,531,0.7646639250416936,531.0,0.7646639250416936,513,0.7414237805417486,12
triangle,nlg,effect_modifying,2400372293,L1-discovered,-1,1979,1890,2.9615695682097445,2.9615695682097445,0.9550277918140475,1.0,0.012921997406472244,-0.0013058318814138659,1979,1979,2.9615695682097445,1979.0,2.9615695682097445,1890,3.0386800811565693,12
triangle,nlg,effect_modifying,2400372293,L1-discovered,1,531,531,0.790815053558997,0.790815053558997,1.0,1.0,0.005634093712978588,0.02309101852511697,531,531,0.790815053558997,531.0,0.790815053558997,531,0.790815053558997,12
triangle,nlg,effect_modifying,2400372293,L2,-1,1979,1979,2.9628754000911584,2.9628754000911584,1.0,1.0,0.0,,1979,1979,2.9628754000911584,,,1979,2.9628754000911584,12
triangle,nlg,effect_modifying,2400372293,L2,1,531,531,0.76772403503388,0.76772403503388,1.0,1.0,0.0,,531,531,0.76772403503388,,,531,0.76772403503388,12
triangle,nlg,effect_modifying,14143617,L0,-1,1982,1982,2.8931089238713223,2.8931089238713223,1.0,1.0,1.1693343926777824e-05,2.239292167249829e-06,1982,1982,2.8931089238713223,1982.0,2.8931089238713223,1982,2.8931089238713223,13
triangle,nlg,effect_modifying,14143617,L0,1,534,534,0.8020491297040897,0.8020491297040897,1.0,1.0,0.00106815018810043,0.020284846095808384,534,534,0.8020491297040897,534.0,0.8020491297040897,534,0.8020491297040897,13
triangle,nlg,effect_modifying,14143617,L1-oracle,-1,1982,1981,2.8930995941431528,2.8930995941431528,0.9994954591321897,1.0,7.2096408838417955e-06,-7.090436002332723e-06,1982,1982,2.8930995941431528,1982.0,2.8930995941431528,1981,2.8945042284531453,13
triangle,nlg,effect_modifying,14143617,L1-oracle,1,534,530,0.7810320027813357,0.7810320027813357,0.9925093632958801,1.0,0.0018856752703327474,-0.0007322808269456527,534,534,0.7810320027813357,534.0,0.7810320027813357,530,0.7729553108302469,13
triangle,nlg,effect_modifying,14143617,L1-discovered,-1,1982,1674,2.88396549310671,2.88396549310671,0.8446014127144299,1.0,0.07823145740644026,-0.009141191472445076,1982,1982,2.88396549310671,1982.0,2.88396549310671,1674,3.093659869605232,13
triangle,nlg,effect_modifying,14143617,L1-discovered,1,534,534,0.7991129905421157,0.7991129905421157,1.0,1.0,0.010841408024110903,0.01734870693383439,534,534,0.7991129905421157,534.0,0.7991129905421157,534,0.7991129905421157,13
triangle,nlg,effect_modifying,14143617,L2,-1,1982,1982,2.893106684579155,2.893106684579155,1.0,1.0,0.0,,1982,1982,2.893106684579155,,,1982,2.893106684579155,13
triangle,nlg,effect_modifying,14143617,L2,1,534,534,0.7817642836082813,0.7817642836082813,1.0,1.0,0.0,,534,534,0.7817642836082813,,,534,0.7817642836082813,13
triangle,nlg,effect_modifying,1350438117,L0,-1,1993,1993,2.8152527000244256,2.8152527000244256,1.0,1.0,0.0,2.015560511381409e-06,1993,1993,2.8152527000244256,1993.0,2.8152527000244256,1993,2.8152527000244256,14
triangle,nlg,effect_modifying,1350438117,L0,1,547,547,0.7239823409637681,0.7239823409637681,1.0,1.0,0.0009620394992241768,0.011354812761254274,547,547,0.7239823409637681,547.0,0.7239823409637681,547,0.7239823409637681,14
triangle,nlg,effect_modifying,1350438117,L1-oracle,-1,1993,1993,2.8152506844639142,2.8152506844639142,1.0,1.0,1.1779068710271506e-06,0.0,1993,1993,2.8152506844639142,1993.0,2.8152506844639142,1993,2.8152506844639142,14
triangle,nlg,effect_modifying,1350438117,L1-oracle,1,547,512,0.7066784210001025,0.7066784210001025,0.9360146252285192,1.0,0.008072185814729817,-0.0059491072024113745,547,547,0.7066784210001025,547.0,0.7066784210001025,512,0.6677345025316462,14
triangle,nlg,effect_modifying,1350438117,L1-discovered,-1,1993,1964,2.8149729245866215,2.8149729245866215,0.985449071751129,1.0,0.0036285922543842996,-0.000277759877292727,1993,1993,2.8149729245866215,1993.0,2.8149729245866215,1964,2.8410113798573695,14
triangle,nlg,effect_modifying,1350438117,L1-discovered,1,547,547,0.7236849420435344,0.7236849420435344,1.0,1.0,0.0031980231626961638,0.011057413841020547,547,547,0.7236849420435344,547.0,0.7236849420435344,547,0.7236849420435344,14
triangle,nlg,effect_modifying,1350438117,L2,-1,1993,1993,2.8152506844639142,2.8152506844639142,1.0,1.0,0.0,,1993,1993,2.8152506844639142,,,1993,2.8152506844639142,14
triangle,nlg,effect_modifying,1350438117,L2,1,547,547,0.7126275282025138,0.7126275282025138,1.0,1.0,0.0,,547,547,0.7126275282025138,,,547,0.7126275282025138,14
triangle,nlg,effect_modifying,801569728,L0,-1,2006,2006,2.736733709526354,2.736733709526354,1.0,1.0,0.0,1.2015635348916476e-06,2006,2006,2.736733709526354,2006.0,2.736733709526354,2006,2.736733709526354,15
triangle,nlg,effect_modifying,801569728,L0,1,535,535,0.7548610396358523,0.7548610396358523,1.0,1.0,0.00017157689823655458,0.015055952950228102,535,535,0.7548610396358523,535.0,0.7548610396358523,535,0.7548610396358523,15
triangle,nlg,effect_modifying,801569728,L1-oracle,-1,2006,2006,2.7367325079628193,2.7367325079628193,1.0,1.0,2.4512639627891163e-06,0.0,2006,2006,2.7367325079628193,2006.0,2.7367325079628193,2006,2.7367325079628193,15
triangle,nlg,effect_modifying,801569728,L1-oracle,1,535,535,0.7437725818574539,0.7437725818574539,1.0,1.0,0.004296231830877338,0.003967495171829705,535,535,0.7437725818574539,535.0,0.7437725818574539,535,0.7437725818574539,15
triangle,nlg,effect_modifying,801569728,L1-discovered,-1,2006,1997,2.736667093006733,2.736667093006733,0.9955134596211366,1.0,0.00074216619459944,-6.541495608614056e-05,2006,2006,2.736667093006733,2006.0,2.736667093006733,1997,2.7457004657344375,15
triangle,nlg,effect_modifying,801569728,L1-discovered,1,535,535,0.7548434550138543,0.7548434550138543,1.0,1.0,0.0006020659146875911,0.015038368328230134,535,535,0.7548434550138543,535.0,0.7548434550138543,535,0.7548434550138543,15
triangle,nlg,effect_modifying,801569728,L2,-1,2006,2006,2.7367325079628193,2.7367325079628193,1.0,1.0,0.0,,2006,2006,2.7367325079628193,,,2006,2.7367325079628193,15
triangle,nlg,effect_modifying,801569728,L2,1,535,535,0.7398050866856242,0.7398050866856242,1.0,1.0,0.0,,535,535,0.7398050866856242,,,535,0.7398050866856242,15
triangle,nlg,effect_modifying,3819681627,L0,-1,1993,1993,3.0579171525645665,3.0579171525645665,1.0,1.0,0.0,0.0,1993,1993,3.0579171525645665,1993.0,3.0579171525645665,1993,3.0579171525645665,16
triangle,nlg,effect_modifying,3819681627,L0,1,555,555,0.8002143454252123,0.8002143454252123,1.0,1.0,0.0007152621820755201,0.02415719553981499,555,555,0.8002143454252123,555.0,0.8002143454252123,555,0.8002143454252123,16
triangle,nlg,effect_modifying,3819681627,L1-oracle,-1,1993,1993,3.0579171525645665,3.0579171525645665,1.0,1.0,0.0,0.0,1993,1993,3.0579171525645665,1993.0,3.0579171525645665,1993,3.0579171525645665,16
triangle,nlg,effect_modifying,3819681627,L1-oracle,1,555,480,0.7629948631795168,0.7629948631795168,0.8648648648648649,1.0,0.01703375372289851,-0.0130622867058805,555,555,0.7629948631795168,555.0,0.7629948631795168,480,0.6699108015822506,16
triangle,nlg,effect_modifying,3819681627,L1-discovered,-1,1993,1349,3.0302722096859895,3.0302722096859895,0.6768690416457601,1.0,0.1837157901886788,-0.027644942878576995,1993,1993,3.0302722096859895,1993.0,3.0302722096859895,1349,3.460839028150737,16
triangle,nlg,effect_modifying,3819681627,L1-discovered,1,555,555,0.7934312065105179,0.7934312065105179,1.0,1.0,0.018952699927898026,0.017374056625120593,555,555,0.7934312065105179,555.0,0.7934312065105179,555,0.7934312065105179,16
triangle,nlg,effect_modifying,3819681627,L2,-1,1993,1993,3.0579171525645665,3.0579171525645665,1.0,1.0,0.0,,1993,1993,3.0579171525645665,,,1993,3.0579171525645665,16
triangle,nlg,effect_modifying,3819681627,L2,1,555,555,0.7760571498853973,0.7760571498853973,1.0,1.0,0.0,,555,555,0.7760571498853973,,,555,0.7760571498853973,16
triangle,nlg,effect_modifying,2774431793,L0,-1,2016,2016,2.835635228442174,2.835635228442174,1.0,1.0,1.540506932570498e-05,0.0,2016,2016,2.835635228442174,2016.0,2.835635228442174,2016,2.835635228442174,17
triangle,nlg,effect_modifying,2774431793,L0,1,520,520,0.7397792147114775,0.7397792147114775,1.0,1.0,0.0012006430890957186,0.018490347748661096,520,520,0.7397792147114775,520.0,0.7397792147114775,520,0.7397792147114775,17
triangle,nlg,effect_modifying,2774431793,L1-oracle,-1,2016,2016,2.835635228442174,2.835635228442174,1.0,1.0,2.8512968424830564e-06,0.0,2016,2016,2.835635228442174,2016.0,2.835635228442174,2016,2.835635228442174,17
triangle,nlg,effect_modifying,2774431793,L1-oracle,1,520,503,0.7186180727507511,0.7186180727507511,0.9673076923076923,1.0,0.0024061214778681905,-0.002670794212065286,520,520,0.7186180727507511,520.0,0.7186180727507511,503,0.6862492063259364,17
triangle,nlg,effect_modifying,2774431793,L1-discovered,-1,2016,1832,2.8315498026510806,2.8315498026510806,0.9087301587301587,1.0,0.03411512741138013,-0.004085425791093389,2016,2016,2.8315498026510806,2016.0,2.8315498026510806,1832,2.9687697380716074,17
triangle,nlg,effect_modifying,2774431793,L1-discovered,1,520,520,0.7383104367955812,0.7383104367955812,1.0,1.0,0.008568928833417578,0.017021569832764816,520,520,0.7383104367955812,520.0,0.7383104367955812,520,0.7383104367955812,17
triangle,nlg,effect_modifying,2774431793,L2,-1,2016,2016,2.835635228442174,2.835635228442174,1.0,1.0,0.0,,2016,2016,2.835635228442174,,,2016,2.835635228442174,17
triangle,nlg,effect_modifying,2774431793,L2,1,520,520,0.7212888669628164,0.7212888669628164,1.0,1.0,0.0,,520,520,0.7212888669628164,,,520,0.7212888669628164,17
triangle,nlg,effect_modifying,794650984,L0,-1,2014,2014,2.9083676406530796,2.9083676406530796,1.0,1.0,0.0,0.0,2014,2014,2.9083676406530796,2014.0,2.9083676406530796,2014,2.9083676406530796,18
triangle,nlg,effect_modifying,794650984,L0,1,531,531,0.7454041409471396,0.7454041409471396,1.0,1.0,0.0004611230626378106,0.019306128175634374,531,531,0.7454041409471396,531.0,0.7454041409471396,531,0.7454041409471396,18
triangle,nlg,effect_modifying,794650984,L1-oracle,-1,2014,2014,2.9083676406530796,2.9083676406530796,1.0,1.0,0.0,0.0,2014,2014,2.9083676406530796,2014.0,2.9083676406530796,2014,2.9083676406530796,18
triangle,nlg,effect_modifying,794650984,L1-oracle,1,531,531,0.7260980127715052,0.7260980127715052,1.0,1.0,2.2914253756766127e-05,0.0,531,531,0.7260980127715052,531.0,0.7260980127715052,531,0.7260980127715052,18
triangle,nlg,effect_modifying,794650984,L1-discovered,-1,2014,1837,2.9047938594980973,2.9047938594980973,0.9121151936444886,1.0,0.03179465433348331,-0.003573781154982303,2014,2014,2.9047938594980973,2014.0,2.9047938594980973,1837,3.039599248268903,18
triangle,nlg,effect_modifying,794650984,L1-discovered,1,531,531,0.7439201000131872,0.7439201000131872,1.0,1.0,0.00945050891243566,0.017822087241681994,531,531,0.7439201000131872,531.0,0.7439201000131872,531,0.7439201000131872,18
triangle,nlg,effect_modifying,794650984,L2,-1,2014,2014,2.9083676406530796,2.9083676406530796,1.0,1.0,0.0,,2014,2014,2.9083676406530796,,,2014,2.9083676406530796,18
triangle,nlg,effect_modifying,794650984,L2,1,531,531,0.7260980127715052,0.7260980127715052,1.0,1.0,0.0,,531,531,0.7260980127715052,,,531,0.7260980127715052,18
triangle,nlg,effect_modifying,3338799195,L0,-1,1961,1961,2.9564601549770146,2.9564601549770146,1.0,1.0,0.0,1.3683424417543222e-05,1961,1961,2.9564601549770146,1961.0,2.9564601549770146,1961,2.9564601549770146,19
triangle,nlg,effect_modifying,3338799195,L0,1,529,529,0.8101652407647173,0.8101652407647173,1.0,1.0,0.000858691756309448,0.01996363451821004,529,529,0.8101652407647173,529.0,0.8101652407647173,529,0.8101652407647173,19
triangle,nlg,effect_modifying,3338799195,L1-oracle,-1,1961,1961,2.956446471552597,2.956446471552597,1.0,1.0,7.400565777466441e-06,0.0,1961,1961,2.956446471552597,1961.0,2.956446471552597,1961,2.956446471552597,19
triangle,nlg,effect_modifying,3338799195,L1-oracle,1,529,481,0.7821980771346209,0.7821980771346209,0.9092627599243857,1.0,0.01060209319900662,-0.008003529111886398,529,529,0.7821980771346209,529.0,0.7821980771346209,481,0.7058765442594124,19
triangle,nlg,effect_modifying,3338799195,L1-discovered,-1,1961,1827,2.9534420430762287,2.9534420430762287,0.9316675165731769,1.0,0.024508315646185518,-0.0030044284763683926,1961,1961,2.9534420430762287,1961.0,2.9534420430762287,1827,3.0581211778848276,19
triangle,nlg,effect_modifying,3338799195,L1-discovered,1,529,529,0.8090998660400683,0.8090998660400683,1.0,1.0,0.008382575933691771,0.01889825979356108,529,529,0.8090998660400683,529.0,0.8090998660400683,529,0.8090998660400683,19
triangle,nlg,effect_modifying,3338799195,L2,-1,1961,1961,2.956446471552597,2.956446471552597,1.0,1.0,0.0,,1961,1961,2.956446471552597,,,1961,2.956446471552597,19
triangle,nlg,effect_modifying,3338799195,L2,1,529,529,0.7902016062465073,0.7902016062465073,1.0,1.0,0.0,,529,529,0.7902016062465073,,,529,0.7902016062465073,19
collider,linear,additive,3134173889,L0,-1,761,761,6.6637188386086965,6.6637188386086965,1.0,1.0,0.0,1.1590541377746195,761,761,6.6637188386086965,761.0,6.6637188386086965,761,6.6637188386086965,0
collider,linear,additive,3134173889,L0,1,104,104,0.9170266805558582,0.9170266805558582,1.0,1.0,0.1439786178958748,0.12147040686921451,104,104,0.9170266805558582,104.0,0.9170266805558582,104,0.9170266805558582,0
collider,linear,additive,3134173889,L1-oracle,-1,761,761,5.559752236764183,5.559752236764183,1.0,1.0,0.11547217844465223,0.05508753593010596,761,761,5.559752236764183,761.0,5.559752236764183,761,5.559752236764183,0
collider,linear,additive,3134173889,L1-oracle,1,104,104,0.801718285158838,0.801718285158838,1.0,1.0,0.013057628350894943,0.0061620114721943064,104,104,0.801718285158838,104.0,0.801718285158838,104,0.801718285158838,0
collider,linear,additive,3134173889,L1-discovered,-1,761,761,5.559752236764183,5.559752236764183,1.0,1.0,0.11547217844465223,0.05508753593010596,761,761,5.559752236764183,761.0,5.559752236764183,761,5.559752236764183,0
collider,linear,additive,3134173889,L1-discovered,1,104,104,0.801718285158838,0.801718285158838,1.0,1.0,0.013057628350895294,0.0061620114721943064,104,104,0.801718285158838,104.0,0.801718285158838,104,0.801718285158838,0
collider,linear,additive,3134173889,L2,-1,761,761,5.504664700834077,5.504664700834077,1.0,1.0,0.0,,761,761,5.504664700834077,,,761,5.504664700834077,0
collider,linear,additive,3134173889,L2,1,104,104,0.7955562736866437,0.7955562736866437,1.0,1.0,0.0,,104,104,0.7955562736866437,,,104,0.7955562736866437,0
collider,linear,additive,3888140183,L0,-1,717,717,6.960784072919123,6.960784072919123,1.0,1.0,0.0,1.1940983983099684,717,717,6.960784072919123,717.0,6.960784072919123,717,6.960784072919123,1
collider,linear,additive,3888140183,L0,1,132,132,0.973979383175072,0.973979383175072,1.0,1.0,0.11685303849799518,0.11725752583972648,132,132,0.973979383175072,132.0,0.973979383175072,132,0.973979383175072,1
collider,linear,additive,3888140183,L1-oracle,-1,717,717,5.858597499703383,5.858597499703383,1.0,1.0,0.16478929855516056,0.09191182509422902,717,717,5.858597499703383,717.0,5.858597499703383,717,5.858597499703383,1
collider,linear,additive,3888140183,L1-oracle,1,132,132,0.8607299237843957,0.8607299237843957,1.0,1.0,0.025989766498182593,0.004008066449050163,132,132,0.8607299237843957,132.0,0.8607299237843957,132,0.8607299237843957,1
collider,linear,additive,3888140183,L1-discovered,-1,717,717,5.858597499703383,5.858597499703383,1.0,1.0,0.16478929855516056,0.09191182509422902,717,717,5.858597499703383,717.0,5.858597499703383,717,5.858597499703383,1
collider,linear,additive,3888140183,L1-discovered,1,132,132,0.8607299237843957,0.8607299237843957,1.0,1.0,0.025989766498182593,0.004008066449050163,132,132,0.8607299237843957,132.0,0.8607299237843957,132,0.8607299237843957,1
collider,linear,additive,3888140183,L2,-1,717,717,5.766685674609154,5.766685674609154,1.0,1.0,0.0,,717,717,5.766685674609154,,,717,5.766685674609154,1
collider,linear,additive,3888140183,L2,1,132,132,0.8567218573353456,0.8567218573353456,1.0,1.0,0.0,,132,132,0.8567218573353456,,,132,0.8567218573353456,1
collider,linear,additive,242446310,L0,-1,743,743,6.955803028522021,6.955803028522021,1.0,1.0,0.0,1.1780053176681102,743,743,6.955803028522021,743.0,6.955803028522021,743,6.955803028522021,2
collider,linear,additive,242446310,L0,1,137,137,0.9804259567282946,0.9804259567282946,1.0,1.0,0.13733866235443762,0.14768775359698394,137,137,0.9804259567282946,137.0,0.9804259567282946,137,0.9804259567282946,2
collider,linear,additive,242446310,L1-oracle,-1,743,409,5.694133032636176,5.694133032636176,0.550471063257066,1.0,0.14695518686395928,-0.08366467821773416,743,743,5.694133032636176,743.0,5.694133032636176,409,5.624244365488157,2
collider,linear,additive,242446310,L1-oracle,1,137,132,0.8272306099143074,0.8272306099143074,0.9635036496350365,1.0,0.019808348350886025,-0.005507593217003226,137,137,0.8272306099143074,137.0,0.8272306099143074,132,0.8037760254337616,2
collider,linear,additive,242446310,L1-discovered,-1,743,409,5.694133032636176,5.694133032636176,0.550471063257066,1.0,0.14695518686395928,-0.08366467821773416,743,743,5.694133032636176,743.0,5.694133032636176,409,5.624244365488157,2
collider,linear,additive,242446310,L1-discovered,1,137,132,0.8272306099143074,0.8272306099143074,0.9635036496350365,1.0,0.019808348350886025,-0.005507593217003226,137,137,0.8272306099143074,137.0,0.8272306099143074,132,0.8037760254337616,2
collider,linear,additive,242446310,L2,-1,743,743,5.7777977108539105,5.7777977108539105,1.0,1.0,0.0,,743,743,5.7777977108539105,,,743,5.7777977108539105,2
collider,linear,additive,242446310,L2,1,137,137,0.8327382031313106,0.8327382031313106,1.0,1.0,0.0,,137,137,0.8327382031313106,,,137,0.8327382031313106,2
collider,linear,additive,1421188080,L0,-1,732,732,7.046701524535418,7.046701524535418,1.0,1.0,0.0,1.2028909138781945,732,732,7.046701524535418,732.0,7.046701524535418,732,7.046701524535418,3
collider,linear,additive,1421188080,L0,1,132,132,1.014755920723764,1.014755920723764,1.0,1.0,0.13337006954636874,0.14062285870962932,132,132,1.014755920723764,132.0,1.014755920723764,132,1.014755920723764,3
collider,linear,additive,1421188080,L1-oracle,-1,732,368,5.715821729695861,5.715821729695861,0.5027322404371585,1.0,0.27828094513536755,-0.12798888096136274,732,732,5.715821729695861,732.0,5.715821729695861,368,5.5481055294935855,3
collider,linear,additive,1421188080,L1-oracle,1,132,126,0.8612603307882013,0.8612603307882013,0.9545454545454546,1.0,0.03753485898762438,-0.012872731225933354,132,132,0.8612603307882013,132.0,0.8612603307882013,126,0.82208242363298,3
collider,linear,additive,1421188080,L1-discovered,-1,732,368,5.715821729695861,5.715821729695861,0.5027322404371585,1.0,0.27828094513536755,-0.12798888096136274,732,732,5.715821729695861,732.0,5.715821729695861,368,5.5481055294935855,3
collider,linear,additive,1421188080,L1-discovered,1,132,126,0.8612603307882013,0.8612603307882013,0.9545454545454546,1.0,0.03753485898762438,-0.012872731225933354,132,132,0.8612603307882013,132.0,0.8612603307882013,126,0.82208242363298,3
collider,linear,additive,1421188080,L2,-1,732,732,5.843810610657224,5.843810610657224,1.0,1.0,0.0,,732,732,5.843810610657224,,,732,5.843810610657224,3
collider,linear,additive,1421188080,L2,1,132,132,0.8741330620141347,0.8741330620141347,1.0,1.0,0.0,,132,132,0.8741330620141347,,,132,0.8741330620141347,3
collider,linear,additive,2507512415,L0,-1,745,745,5.896813177620009,5.896813177620009,1.0,1.0,0.002716685284747218,0.6653676889333182,745,745,5.896813177620009,745.0,5.896813177620009,745,5.896813177620009,4
collider,linear,additive,2507512415,L0,1,116,116,0.8213976721426026,0.8213976721426026,1.0,1.0,0.3392136794728049,0.0613597520012934,116,116,0.8213976721426026,116.0,0.8213976721426026,116,0.8213976721426026,4
collider,linear,additive,2507512415,L1-oracle,-1,745,450,5.176469828896447,5.176469828896447,0.6040268456375839,1.0,0.2877414534640326,-0.054975659790244435,745,745,5.176469828896447,745.0,5.176469828896447,450,5.085824878775473,4
collider,linear,additive,2507512415,L1-oracle,1,116,110,0.7514885129920781,0.7514885129920781,0.9482758620689655,1.0,0.03801336945319982,-0.008549407149231136,116,116,0.7514885129920781,116.0,0.7514885129920781,110,0.7349460392523953,4
collider,linear,additive,2507512415,L1-discovered,-1,745,450,5.176469828896447,5.176469828896447,0.6040268456375839,1.0,0.28774145346403274,-0.054975659790244435,745,745,5.176469828896447,745.0,5.176469828896447,450,5.085824878775473,4
collider,linear,additive,2507512415,L1-discovered,1,116,110,0.7514885129920781,0.7514885129920781,0.9482758620689655,1.0,0.03801336945319982,-0.008549407149231136,116,116,0.7514885129920781,116.0,0.7514885129920781,110,0.7349460392523953,4
collider,linear,additive,2507512415,L2,-1,745,745,5.231445488686691,5.231445488686691,1.0,1.0,0.0,,745,745,5.231445488686691,,,745,5.231445488686691,4
collider,linear,additive,2507512415,L2,1,116,116,0.7600379201413092,0.7600379201413092,1.0,1.0,0.0,,116,116,0.7600379201413092,,,116,0.7600379201413092,4
collider,linear,additive,2830493979,L0,-1,732,732,6.467682775056169,6.467682775056169,1.0,1.0,0.0,1.038657992552447,732,732,6.467682775056169,732.0,6.467682775056169,732,6.467682775056169,5
collider,linear,additive,2830493979,L0,1,161,161,0.7926972434340858,0.7926972434340858,1.0,1.0,0.20310334872204774,0.0876111115320275,161,161,0.7926972434340858,161.0,0.7926972434340858,161,0.7926972434340858,5
collider,linear,additive,2830493979,L1-oracle,-1,732,732,5.475862567654349,5.475862567654349,1.0,1.0,0.14006492287677066,0.04683778515062631,732,732,5.475862567654349,732.0,5.475862567654349,732,5.475862567654349,5
collider,linear,additive,2830493979,L1-oracle,1,161,161,0.7100175094604785,0.7100175094604785,1.0,1.0,0.015953804567250072,0.0049313775584202135,161,161,0.7100175094604785,161.0,0.7100175094604785,161,0.7100175094604785,5
collider,linear,additive,2830493979,L1-discovered,-1,732,732,5.475862567654349,5.475862567654349,1.0,1.0,0.14006492287677066,0.04683778515062631,732,732,5.475862567654349,732.0,5.475862567654349,732,5.475862567654349,5
collider,linear,additive,2830493979,L1-discovered,1,161,161,0.7100175094604785,0.7100175094604785,1.0,1.0,0.015953804567250072,0.0049313775584202135,161,161,0.7100175094604785,161.0,0.7100175094604785,161,0.7100175094604785,5
collider,linear,additive,2830493979,L2,-1,732,732,5.429024782503722,5.429024782503722,1.0,1.0,0.0,,732,732,5.429024782503722,,,732,5.429024782503722,5
collider,linear,additive,2830493979,L2,1,161,161,0.7050861319020583,0.7050861319020583,1.0,1.0,0.0,,161,161,0.7050861319020583,,,161,0.7050861319020583,5
collider,linear,additive,1162261060,L0,-1,752,752,6.826756412403676,6.826756412403676,1.0,1.0,0.0,1.1273630344836674,752,752,6.826756412403676,752.0,6.826756412403676,752,6.826756412403676,6
collider,linear,additive,1162261060,L0,1,100,100,0.9392445467622107,0.9392445467622107,1.0,1.0,0.12480923893503341,0.14051582675469432,100,100,0.9392445467622107,100.0,0.9392445467622107,100,0.9392445467622107,6
collider,linear,additive,1162261060,L1-oracle,-1,752,752,5.851619318107549,5.851619318107549,1.0,1.0,0.24512565702632713,0.15222594018753988,752,752,5.851619318107549,752.0,5.851619318107549,752,5.851619318107549,6
collider,linear,additive,1162261060,L1-oracle,1,100,100,0.8032766591225032,0.8032766591225032,1.0,1.0,0.023897731100859222,0.004547939114986854,100,100,0.8032766591225032,100.0,0.8032766591225032,100,0.8032766591225032,6
collider,linear,additive,1162261060,L1-discovered,-1,752,752,5.851619318107549,5.851619318107549,1.0,1.0,0.24512565702632713,0.15222594018753988,752,752,5.851619318107549,752.0,5.851619318107549,752,5.851619318107549,6
collider,linear,additive,1162261060,L1-discovered,1,100,100,0.8032766591225032,0.8032766591225032,1.0,1.0,0.023897731100859517,0.004547939114986854,100,100,0.8032766591225032,100.0,0.8032766591225032,100,0.8032766591225032,6
collider,linear,additive,1162261060,L2,-1,752,752,5.699393377920009,5.699393377920009,1.0,1.0,0.0,,752,752,5.699393377920009,,,752,5.699393377920009,6
collider,linear,additive,1162261060,L2,1,100,100,0.7987287200075164,0.7987287200075164,1.0,1.0,0.0,,100,100,0.7987287200075164,,,100,0.7987287200075164,6
collider,linear,additive,3312119525,L0,-1,758,758,5.284384534332295,5.284384534332295,1.0,1.0,1.2096330742657906,0.3469419788631187,758,758,5.284384534332295,758.0,5.284384534332295,758,5.284384534332295,7
collider,linear,additive,3312119525,L0,1,115,115,0.7554313532548571,0.7554313532548571,1.0,1.0,0.4463436272923933,0.02612067262472595,115,115,0.7554313532548571,115.0,0.7554313532548571,115,0.7554313532548571,7
collider,linear,additive,3312119525,L1-oracle,-1,758,748,4.937424419046368,4.937424419046368,0.9868073878627969,1.0,0.028836905526184356,-1.8136422808012753e-05,758,758,4.937424419046368,758.0,4.937424419046368,748,4.9390103345131005,7
collider,linear,additive,3312119525,L1-oracle,1,115,115,0.7293106806301312,0.7293106806301312,1.0,1.0,0.01096741491482539,0.0,115,115,0.7293106806301312,115.0,0.7293106806301312,115,0.7293106806301312,7
collider,linear,additive,3312119525,L1-discovered,-1,758,748,4.937424419046368,4.937424419046368,0.9868073878627969,1.0,0.028836905526184356,-1.8136422808012753e-05,758,758,4.937424419046368,758.0,4.937424419046368,748,4.9390103345131005,7
collider,linear,additive,3312119525,L1-discovered,1,115,115,0.7293106806301312,0.7293106806301312,1.0,1.0,0.01096741491482555,0.0,115,115,0.7293106806301312,115.0,0.7293106806301312,115,0.7293106806301312,7
collider,linear,additive,3312119525,L2,-1,758,758,4.937442555469176,4.937442555469176,1.0,1.0,0.0,,758,758,4.937442555469176,,,758,4.937442555469176,7
collider,linear,additive,3312119525,L2,1,115,115,0.7293106806301312,0.7293106806301312,1.0,1.0,0.0,,115,115,0.7293106806301312,,,115,0.7293106806301312,7
collider,linear,additive,3527135551,L0,-1,791,791,6.74064811176673,6.74064811176673,1.0,1.0,0.0,1.1361784375407495,791,791,6.74064811176673,791.0,6.74064811176673,791,6.74064811176673,8
collider,linear,additive,3527135551,L0,1,93,93,0.9146568300630251,0.9146568300630251,1.0,1.0,0.11913433841956751,0.11668303044444317,93,93,0.9146568300630251,93.0,0.9146568300630251,93,0.9146568300630251,8
collider,linear,additive,3527135551,L1-oracle,-1,791,618,5.58534319633562,5.58534319633562,0.7812895069532237,1.0,0.033281229615194675,-0.019126477890361038,791,791,5.58534319633562,791.0,5.58534319633562,618,5.510661109557237,8
collider,linear,additive,3527135551,L1-oracle,1,93,90,0.7905900793220102,0.7905900793220102,0.967741935483871,1.0,0.004207741187132353,-0.00738372029657175,93,93,0.7905900793220102,93.0,0.7905900793220102,90,0.7890308527702632,8
collider,linear,additive,3527135551,L1-discovered,-1,791,618,5.58534319633562,5.58534319633562,0.7812895069532237,1.0,0.033281229615194675,-0.019126477890361038,791,791,5.58534319633562,791.0,5.58534319633562,618,5.510661109557237,8
collider,linear,additive,3527135551,L1-discovered,1,93,90,0.7905900793220102,0.7905900793220102,0.967741935483871,1.0,0.004207741187132353,-0.00738372029657175,93,93,0.7905900793220102,93.0,0.7905900793220102,90,0.7890308527702632,8
collider,linear,additive,3527135551,L2,-1,791,791,5.604469674225981,5.604469674225981,1.0,1.0,0.0,,791,791,5.604469674225981,,,791,5.604469674225981,8
collider,linear,additive,3527135551,L2,1,93,93,0.797973799618582,0.797973799618582,1.0,1.0,0.0,,93,93,0.797973799618582,,,93,0.797973799618582,8
collider,linear,additive,2727678368,L0,-1,711,711,6.819149204801708,6.819149204801708,1.0,1.0,0.0,1.1747172163940727,711,711,6.819149204801708,711.0,6.819149204801708,711,6.819149204801708,9
collider,linear,additive,2727678368,L0,1,150,150,0.89793963964688,0.89793963964688,1.0,1.0,0.13178708276428094,0.137390784421493,150,150,0.89793963964688,150.0,0.89793963964688,150,0.89793963964688,9
collider,linear,additive,2727678368,L1-oracle,-1,711,711,5.692426779326916,5.692426779326916,1.0,1.0,0.1226908919194347,0.04799479091928038,711,711,5.692426779326916,711.0,5.692426779326916,711,5.692426779326916,9
collider,linear,additive,2727678368,L1-oracle,1,150,150,0.7673102834057697,0.7673102834057697,1.0,1.0,0.016160057671760406,0.0067614281803827225,150,150,0.7673102834057697,150.0,0.7673102834057697,150,0.7673102834057697,9
collider,linear,additive,2727678368,L1-discovered,-1,711,711,5.692426779326916,5.692426779326916,1.0,1.0,0.1226908919194347,0.04799479091928038,711,711,5.692426779326916,711.0,5.692426779326916,711,5.692426779326916,9
collider,linear,additive,2727678368,L1-discovered,1,150,150,0.7673102834057697,0.7673102834057697,1.0,1.0,0.016160057671760406,0.0067614281803827225,150,150,0.7673102834057697,150.0,0.7673102834057697,150,0.7673102834057697,9
collider,linear,additive,2727678368,L2,-1,711,711,5.644431988407636,5.644431988407636,1.0,1.0,0.0,,711,711,5.644431988407636,,,711,5.644431988407636,9
collider,linear,additive,2727678368,L2,1,150,150,0.760548855225387,0.760548855225387,1.0,1.0,0.0,,150,150,0.760548855225387,,,150,0.760548855225387,9
collider,linear,additive,2186263937,L0,-1,730,730,6.83104554954161,6.83104554954161,1.0,1.0,0.0,0.7714765029279462,730,730,6.83104554954161,730.0,6.83104554954161,730,6.83104554954161,10
collider,linear,additive,2186263937,L0,1,133,133,0.9985949723830029,0.9985949723830029,1.0,1.0,0.07261581904554021,0.10315800262325237,133,133,0.9985949723830029,133.0,0.9985949723830029,133,0.9985949723830029,10
collider,linear,additive,2186263937,L1-oracle,-1,730,730,6.103742382401596,6.103742382401596,1.0,1.0,0.055440787111649334,0.044173335787932366,730,730,6.103742382401596,730.0,6.103742382401596,730,6.103742382401596,10
collider,linear,additive,2186263937,L1-oracle,1,133,133,0.8979380450564989,0.8979380450564989,1.0,1.0,0.008854949609272036,0.0025010752967483674,133,133,0.8979380450564989,133.0,0.8979380450564989,133,0.8979380450564989,10
collider,linear,additive,2186263937,L1-discovered,-1,730,730,6.103742382401596,6.103742382401596,1.0,1.0,0.055440787111649334,0.044173335787932366,730,730,6.103742382401596,730.0,6.103742382401596,730,6.103742382401596,10
collider,linear,additive,2186263937,L1-discovered,1,133,133,0.8979380450564989,0.8979380450564989,1.0,1.0,0.008854949609272036,0.0025010752967483674,133,133,0.8979380450564989,133.0,0.8979380450564989,133,0.8979380450564989,10
collider,linear,additive,2186263937,L2,-1,730,730,6.059569046613664,6.059569046613664,1.0,1.0,0.0,,730,730,6.059569046613664,,,730,6.059569046613664,10
collider,linear,additive,2186263937,L2,1,133,133,0.8954369697597505,0.8954369697597505,1.0,1.0,0.0,,133,133,0.8954369697597505,,,133,0.8954369697597505,10
collider,linear,additive,3073006032,L0,-1,726,726,7.043108124731689,7.043108124731689,1.0,1.0,0.0,1.22062315627102,726,726,7.043108124731689,726.0,7.043108124731689,726,7.043108124731689,11
collider,linear,additive,3073006032,L0,1,174,174,0.9411415852711387,0.9411415852711387,1.0,1.0,0.12227925577338876,0.1392931736126648,174,174,0.9411415852711387,174.0,0.9411415852711387,174,0.9411415852711387,11
collider,linear,additive,3073006032,L1-oracle,-1,726,234,5.742956664022974,5.742956664022974,0.32231404958677684,1.0,0.16277045045150537,-0.07952830443769532,726,726,5.742956664022974,726.0,5.742956664022974,234,5.465395999488955,11
collider,linear,additive,3073006032,L1-oracle,1,174,165,0.7962706624455234,0.7962706624455234,0.9482758620689655,1.0,0.018443022954718093,-0.005577749212950511,174,174,0.7962706624455234,174.0,0.7962706624455234,165,0.7678314141288141,11
collider,linear,additive,3073006032,L1-discovered,-1,726,234,5.742956664022974,5.742956664022974,0.32231404958677684,1.0,0.16277045045150537,-0.07952830443769532,726,726,5.742956664022974,726.0,5.742956664022974,234,5.465395999488955,11
collider,linear,additive,3073006032,L1-discovered,1,174,165,0.7962706624455234,0.7962706624455234,0.9482758620689655,1.0,0.018443022954718093,-0.005577749212950511,174,174,0.7962706624455234,174.0,0.7962706624455234,165,0.7678314141288141,11
collider,linear,additive,3073006032,L2,-1,726,726,5.822484968460669,5.822484968460669,1.0,1.0,0.0,,726,726,5.822484968460669,,,726,5.822484968460669,11
collider,linear,additive,3073006032,L2,1,174,174,0.8018484116584739,0.8018484116584739,1.0,1.0,0.0,,174,174,0.8018484116584739,,,174,0.8018484116584739,11
collider,linear,additive,2400372293,L0,-1,731,731,7.036441339086159,7.036441339086159,1.0,1.0,0.0,1.173316165920257,731,731,7.036441339086159,731.0,7.036441339086159,731,7.036441339086159,12
collider,linear,additive,2400372293,L0,1,141,141,0.9624068389627133,0.9624068389627133,1.0,1.0,0.14325644579664507,0.13861212241601073,141,141,0.9624068389627133,141.0,0.9624068389627133,141,0.9624068389627133,12
collider,linear,additive,2400372293,L1-oracle,-1,731,672,5.837803208866575,5.837803208866575,0.9192886456908345,1.0,0.05081008302250913,-0.025321964299327426,731,731,5.837803208866575,731.0,5.837803208866575,672,5.8135103274706195,12
collider,linear,additive,2400372293,L1-oracle,1,141,140,0.8213404218415944,0.8213404218415944,0.9929078014184397,1.0,0.005845779268082604,-0.002454294705108162,141,141,0.8213404218415944,141.0,0.8213404218415944,140,0.8181190789001854,12
collider,linear,additive,2400372293,L1-discovered,-1,731,672,5.837803208866575,5.837803208866575,0.9192886456908345,1.0,0.05081008302250913,-0.025321964299327426,731,731,5.837803208866575,731.0,5.837803208866575,672,5.8135103274706195,12
collider,linear,additive,2400372293,L1-discovered,1,141,140,0.8213404218415944,0.8213404218415944,0.9929078014184397,1.0,0.005845779268082604,-0.002454294705108162,141,141,0.8213404218415944,141.0,0.8213404218415944,140,0.8181190789001854,12
collider,linear,additive,2400372293,L2,-1,731,731,5.863125173165902,5.863125173165902,1.0,1.0,0.0,,731,731,5.863125173165902,,,731,5.863125173165902,12
collider,linear,additive,2400372293,L2,1,141,141,0.8237947165467026,0.8237947165467026,1.0,1.0,0.0,,141,141,0.8237947165467026,,,141,0.8237947165467026,12
collider,linear,additive,14143617,L0,-1,752,752,6.9181138314704445,6.9181138314704445,1.0,1.0,0.0,0.9082017990236597,752,752,6.9181138314704445,752.0,6.9181138314704445,752,6.9181138314704445,13
collider,linear,additive,14143617,L0,1,126,126,0.9871050766458158,0.9871050766458158,1.0,1.0,0.10206016778960884,0.12074328694704606,126,126,0.9871050766458158,126.0,0.9871050766458158,126,0.9871050766458158,13
collider,linear,additive,14143617,L1-oracle,-1,752,752,6.073249511219121,6.073249511219121,1.0,1.0,0.10086031771635094,0.0633374787723362,752,752,6.073249511219121,752.0,6.073249511219121,752,6.073249511219121,13
collider,linear,additive,14143617,L1-oracle,1,126,126,0.8720278615321222,0.8720278615321222,1.0,1.0,0.010933709508954847,0.005666071833352437,126,126,0.8720278615321222,126.0,0.8720278615321222,126,0.8720278615321222,13
collider,linear,additive,14143617,L1-discovered,-1,752,752,6.073249511219121,6.073249511219121,1.0,1.0,0.10086031771635094,0.0633374787723362,752,752,6.073249511219121,752.0,6.073249511219121,752,6.073249511219121,13
collider,linear,additive,14143617,L1-discovered,1,126,126,0.8720278615321222,0.8720278615321222,1.0,1.0,0.01093370950895505,0.005666071833352437,126,126,0.8720278615321222,126.0,0.8720278615321222,126,0.8720278615321222,13
collider,linear,additive,14143617,L2,-1,752,752,6.009912032446785,6.009912032446785,1.0,1.0,0.0,,752,752,6.009912032446785,,,752,6.009912032446785,13
collider,linear,additive,14143617,L2,1,126,126,0.8663617896987698,0.8663617896987698,1.0,1.0,0.0,,126,126,0.8663617896987698,,,126,0.8663617896987698,13
collider,linear,additive,1350438117,L0,-1,732,732,6.747506207677202,6.747506207677202,1.0,1.0,0.0,1.1543792580191026,732,732,6.747506207677202,732.0,6.747506207677202,732,6.747506207677202,14
collider,linear,additive,1350438117,L0,1,143,143,0.8288915788824652,0.8288915788824652,1.0,1.0,0.1400548626046448,0.10477896486126115,143,143,0.8288915788824652,143.0,0.8288915788824652,143,0.8288915788824652,14
collider,linear,additive,1350438117,L1-oracle,-1,732,732,5.636078299380753,5.636078299380753,1.0,1.0,0.09679754388700887,0.04295134972265391,732,732,5.636078299380753,732.0,5.636078299380753,732,5.636078299380753,14
collider,linear,additive,1350438117,L1-oracle,1,143,143,0.7253981395431884,0.7253981395431884,1.0,1.0,0.011689966365482977,0.0012855255219843542,143,143,0.7253981395431884,143.0,0.7253981395431884,143,0.7253981395431884,14
collider,linear,additive,1350438117,L1-discovered,-1,732,732,5.636078299380753,5.636078299380753,1.0,1.0,0.09679754388700887,0.04295134972265391,732,732,5.636078299380753,732.0,5.636078299380753,732,5.636078299380753,14
collider,linear,additive,1350438117,L1-discovered,1,143,143,0.7253981395431884,0.7253981395431884,1.0,1.0,0.011689966365482977,0.0012855255219843542,143,143,0.7253981395431884,143.0,0.7253981395431884,143,0.7253981395431884,14
collider,linear,additive,1350438117,L2,-1,732,732,5.5931269496580995,5.5931269496580995,1.0,1.0,0.0,,732,732,5.5931269496580995,,,732,5.5931269496580995,14
collider,linear,additive,1350438117,L2,1,143,143,0.7241126140212041,0.7241126140212041,1.0,1.0,0.0,,143,143,0.7241126140212041,,,143,0.7241126140212041,14
collider,linear,additive,801569728,L0,-1,770,770,6.425622388322841,6.425622388322841,1.0,1.0,0.0,1.1102726157893716,770,770,6.425622388322841,770.0,6.425622388322841,770,6.425622388322841,15
collider,linear,additive,801569728,L0,1,80,80,0.8683868342728699,0.8683868342728699,1.0,1.0,0.1700941034021214,0.11885011018479752,80,80,0.8683868342728699,80.0,0.8683868342728699,80,0.8683868342728699,15
collider,linear,additive,801569728,L1-oracle,-1,770,770,5.463537048934081,5.463537048934081,1.0,1.0,0.3474751376387582,0.1481872764006118,770,770,5.463537048934081,770.0,5.463537048934081,770,5.463537048934081,15
collider,linear,additive,801569728,L1-oracle,1,80,80,0.7659594049204046,0.7659594049204046,1.0,1.0,0.04807354567585197,0.016422680832332226,80,80,0.7659594049204046,80.0,0.7659594049204046,80,0.7659594049204046,15
collider,linear,additive,801569728,L1-discovered,-1,770,770,5.463537048934081,5.463537048934081,1.0,1.0,0.3474751376387582,0.1481872764006118,770,770,5.463537048934081,770.0,5.463537048934081,770,5.463537048934081,15
collider,linear,additive,801569728,L1-discovered,1,80,80,0.7659594049204046,0.7659594049204046,1.0,1.0,0.04807354567585197,0.016422680832332226,80,80,0.7659594049204046,80.0,0.7659594049204046,80,0.7659594049204046,15
collider,linear,additive,801569728,L2,-1,770,770,5.3153497725334695,5.3153497725334695,1.0,1.0,0.0,,770,770,5.3153497725334695,,,770,5.3153497725334695,15
collider,linear,additive,801569728,L2,1,80,80,0.7495367240880724,0.7495367240880724,1.0,1.0,0.0,,80,80,0.7495367240880724,,,80,0.7495367240880724,15
collider,linear,additive,3819681627,L0,-1,759,759,6.669971009100753,6.669971009100753,1.0,1.0,0.0,1.0705756209348092,759,759,6.669971009100753,759.0,6.669971009100753,759,6.669971009100753,16
collider,linear,additive,3819681627,L0,1,84,84,0.974574898693175,0.974574898693175,1.0,1.0,0.14654143132014297,0.128612351448544,84,84,0.974574898693175,84.0,0.974574898693175,84,0.974574898693175,16
collider,linear,additive,3819681627,L1-oracle,-1,759,759,5.762187827037347,5.762187827037347,1.0,1.0,0.31812137492107345,0.16279243887140282,759,759,5.762187827037347,759.0,5.762187827037347,759,5.762187827037347,16
collider,linear,additive,3819681627,L1-oracle,1,84,84,0.8493749203224018,0.8493749203224018,1.0,1.0,0.05078926481221117,0.0034123730777707584,84,84,0.8493749203224018,84.0,0.8493749203224018,84,0.8493749203224018,16
collider,linear,additive,3819681627,L1-discovered,-1,759,759,5.762187827037347,5.762187827037347,1.0,1.0,0.31812137492107345,0.16279243887140282,759,759,5.762187827037347,759.0,5.762187827037347,759,5.762187827037347,16
collider,linear,additive,3819681627,L1-discovered,1,84,84,0.8493749203224018,0.8493749203224018,1.0,1.0,0.05078926481221117,0.0034123730777707584,84,84,0.8493749203224018,84.0,0.8493749203224018,84,0.8493749203224018,16
collider,linear,additive,3819681627,L2,-1,759,759,5.599395388165944,5.599395388165944,1.0,1.0,0.0,,759,759,5.599395388165944,,,759,5.599395388165944,16
collider,linear,additive,3819681627,L2,1,84,84,0.845962547244631,0.845962547244631,1.0,1.0,0.0,,84,84,0.845962547244631,,,84,0.845962547244631,16
collider,linear,additive,2774431793,L0,-1,761,761,6.7337009971776824,6.7337009971776824,1.0,1.0,0.0,0.8274083896623976,761,761,6.7337009971776824,761.0,6.7337009971776824,761,6.7337009971776824,17
collider,linear,additive,2774431793,L0,1,107,107,1.0160480708088786,1.0160480708088786,1.0,1.0,0.09416819825091398,0.11936562126585026,107,107,1.0160480708088786,107.0,1.0160480708088786,107,1.0160480708088786,17
collider,linear,additive,2774431793,L1-oracle,-1,761,355,5.845603573828852,5.845603573828852,0.4664914586070959,1.0,0.07463573849057815,-0.06068903368643319,761,761,5.845603573828852,761.0,5.845603573828852,355,5.512279961818555,17
collider,linear,additive,2774431793,L1-oracle,1,107,102,0.8912972423015102,0.8912972423015102,0.9532710280373832,1.0,0.01562692848368881,-0.005385207241518142,107,107,0.8912972423015102,107.0,0.8912972423015102,102,0.8698892507785866,17
collider,linear,additive,2774431793,L1-discovered,-1,761,355,5.845603573828852,5.845603573828852,0.4664914586070959,1.0,0.07463573849057815,-0.06068903368643319,761,761,5.845603573828852,761.0,5.845603573828852,355,5.512279961818555,17
collider,linear,additive,2774431793,L1-discovered,1,107,102,0.8912972423015102,0.8912972423015102,0.9532710280373832,1.0,0.015626928483688733,-0.005385207241518142,107,107,0.8912972423015102,107.0,0.8912972423015102,102,0.8698892507785866,17
collider,linear,additive,2774431793,L2,-1,761,761,5.906292607515285,5.906292607515285,1.0,1.0,0.0,,761,761,5.906292607515285,,,761,5.906292607515285,17
collider,linear,additive,2774431793,L2,1,107,107,0.8966824495430283,0.8966824495430283,1.0,1.0,0.0,,107,107,0.8966824495430283,,,107,0.8966824495430283,17
collider,linear,additive,794650984,L0,-1,764,764,6.328374299500194,6.328374299500194,1.0,1.0,0.0,1.0052635066402482,764,764,6.328374299500194,764.0,6.328374299500194,764,6.328374299500194,18
collider,linear,additive,794650984,L0,1,104,104,0.9611409401935389,0.9611409401935389,1.0,1.0,0.09395365000786421,0.1276313288992461,104,104,0.9611409401935389,104.0,0.9611409401935389,104,0.9611409401935389,18
collider,linear,additive,794650984,L1-oracle,-1,764,487,5.267719094926319,5.267719094926319,0.637434554973822,1.0,0.12710980856533777,-0.05539169793362664,764,764,5.267719094926319,764.0,5.267719094926319,487,5.154232285349025,18
collider,linear,additive,794650984,L1-oracle,1,104,100,0.8264901206360571,0.8264901206360571,0.9615384615384616,1.0,0.01720729760058878,-0.007019490658235705,104,104,0.8264901206360571,104.0,0.8264901206360571,100,0.8311078610789266,18
collider,linear,additive,794650984,L1-discovered,-1,764,487,5.267719094926319,5.267719094926319,0.637434554973822,1.0,0.12710980856533777,-0.05539169793362664,764,764,5.267719094926319,764.0,5.267719094926319,487,5.154232285349025,18
collider,linear,additive,794650984,L1-discovered,1,104,100,0.8264901206360571,0.8264901206360571,0.9615384615384616,1.0,0.017207297600588565,-0.007019490658235705,104,104,0.8264901206360571,104.0,0.8264901206360571,100,0.8311078610789266,18
collider,linear,additive,794650984,L2,-1,764,764,5.3231107928599455,5.3231107928599455,1.0,1.0,0.0,,764,764,5.3231107928599455,,,764,5.3231107928599455,18
collider,linear,additive,794650984,L2,1,104,104,0.8335096112942928,0.8335096112942928,1.0,1.0,0.0,,104,104,0.8335096112942928,,,104,0.8335096112942928,18
collider,linear,additive,3338799195,L0,-1,748,748,5.825119882562014,5.825119882562014,1.0,1.0,0.002101281206390247,0.6864660892890262,748,748,5.825119882562014,748.0,5.825119882562014,748,5.825119882562014,19
collider,linear,additive,3338799195,L0,1,102,102,0.8197215818563472,0.8197215818563472,1.0,1.0,0.2949983084024452,0.06908686318899238,102,102,0.8197215818563472,102.0,0.8197215818563472,102,0.8197215818563472,19
collider,linear,additive,3338799195,L1-oracle,-1,748,748,5.165516418899598,5.165516418899598,1.0,1.0,0.1104181372740063,0.02686262562661046,748,748,5.165516418899598,748.0,5.165516418899598,748,5.165516418899598,19
collider,linear,additive,3338799195,L1-oracle,1,102,102,0.7506992986695047,0.7506992986695047,1.0,1.0,0.014354561095856666,6.458000214981663e-05,102,102,0.7506992986695047,102.0,0.7506992986695047,102,0.7506992986695047,19
collider,linear,additive,3338799195,L1-discovered,-1,748,748,5.165516418899598,5.165516418899598,1.0,1.0,0.11041813727400608,0.02686262562661046,748,748,5.165516418899598,748.0,5.165516418899598,748,5.165516418899598,19
collider,linear,additive,3338799195,L1-discovered,1,102,102,0.7506992986695047,0.7506992986695047,1.0,1.0,0.014354561095856666,6.458000214981663e-05,102,102,0.7506992986695047,102.0,0.7506992986695047,102,0.7506992986695047,19
collider,linear,additive,3338799195,L2,-1,748,748,5.138653793272987,5.138653793272987,1.0,1.0,0.0,,748,748,5.138653793272987,,,748,5.138653793272987,19
collider,linear,additive,3338799195,L2,1,102,102,0.7506347186673549,0.7506347186673549,1.0,1.0,0.0,,102,102,0.7506347186673549,,,102,0.7506347186673549,19
collider,linear,effect_modifying,3134173889,L0,-1,761,761,6.748090193721689,6.748090193721689,1.0,1.0,0.0,0.4269897864467582,761,761,6.748090193721689,761.0,6.748090193721689,761,6.748090193721689,0
collider,linear,effect_modifying,3134173889,L0,1,124,124,0.9801255017514734,0.9801255017514734,1.0,1.0,0.17696585517369418,0.19384957209813813,124,124,0.9801255017514734,124.0,0.9801255017514734,124,0.9801255017514734,0
collider,linear,effect_modifying,3134173889,L1-oracle,-1,761,761,6.42568021186272,6.42568021186272,1.0,1.0,0.19439753935531864,0.10457980458778948,761,761,6.42568021186272,761.0,6.42568021186272,761,6.42568021186272,0
collider,linear,effect_modifying,3134173889,L1-oracle,1,124,124,0.7862759296533353,0.7862759296533353,1.0,1.0,0.006926302066423263,0.0,124,124,0.7862759296533353,124.0,0.7862759296533353,124,0.7862759296533353,0
collider,linear,effect_modifying,3134173889,L1-discovered,-1,761,0,5.6714825042762005,5.6714825042762005,0.0,1.0,1.1438443073010098,-0.6496179029987301,761,761,5.6714825042762005,761.0,5.6714825042762005,0,,0
collider,linear,effect_modifying,3134173889,L1-discovered,1,124,124,0.8474498458819832,0.8474498458819832,1.0,1.0,0.23026080310968094,0.061173916228647984,124,124,0.8474498458819832,124.0,0.8474498458819832,124,0.8474498458819832,0
collider,linear,effect_modifying,3134173889,L2,-1,761,761,6.321100407274931,6.321100407274931,1.0,1.0,0.0,,761,761,6.321100407274931,,,761,6.321100407274931,0
collider,linear,effect_modifying,3134173889,L2,1,124,124,0.7862759296533353,0.7862759296533353,1.0,1.0,0.0,,124,124,0.7862759296533353,,,124,0.7862759296533353,0
collider,linear,effect_modifying,3888140183,L0,-1,717,717,6.896639193661496,6.896639193661496,1.0,1.0,0.0,0.7208542662474731,717,717,6.896639193661496,717.0,6.896639193661496,717,6.896639193661496,1
collider,linear,effect_modifying,3888140183,L0,1,141,141,1.0508942198708366,1.0508942198708366,1.0,1.0,0.15872602137890654,0.20327248962348787,141,141,1.0508942198708366,141.0,1.0508942198708366,141,1.0508942198708366,1
collider,linear,effect_modifying,3888140183,L1-oracle,-1,717,717,6.251454381979439,6.251454381979439,1.0,1.0,0.14893721097727503,0.07566945456541596,717,717,6.251454381979439,717.0,6.251454381979439,717,6.251454381979439,1
collider,linear,effect_modifying,3888140183,L1-oracle,1,141,141,0.8495163255176346,0.8495163255176346,1.0,1.0,0.032849025962549766,0.0018945952702857927,141,141,0.8495163255176346,141.0,0.8495163255176346,141,0.8495163255176346,1
collider,linear,effect_modifying,3888140183,L1-discovered,-1,717,2,5.804480840354835,5.804480840354835,0.002789400278940028,1.0,1.0008106793375022,-0.3713040870591877,717,717,5.804480840354835,717.0,5.804480840354835,2,3.347430713965233,1
collider,linear,effect_modifying,3888140183,L1-discovered,1,141,141,0.9096900071094108,0.9096900071094108,1.0,1.0,0.16927240674354976,0.062068276862062066,141,141,0.9096900071094108,141.0,0.9096900071094108,141,0.9096900071094108,1
collider,linear,effect_modifying,3888140183,L2,-1,717,717,6.175784927414023,6.175784927414023,1.0,1.0,0.0,,717,717,6.175784927414023,,,717,6.175784927414023,1
collider,linear,effect_modifying,3888140183,L2,1,141,141,0.8476217302473488,0.8476217302473488,1.0,1.0,0.0,,141,141,0.8476217302473488,,,141,0.8476217302473488,1
collider,linear,effect_modifying,242446310,L0,-1,743,743,6.8630536887662315,6.8630536887662315,1.0,1.0,0.0,0.6759428211051697,743,743,6.8630536887662315,743.0,6.8630536887662315,743,6.8630536887662315,2
collider,linear,effect_modifying,242446310,L0,1,151,151,1.0213274277877302,1.0213274277877302,1.0,1.0,0.1668187635170329,0.21077434686456553,151,151,1.0213274277877302,151.0,1.0213274277877302,151,1.0213274277877302,2
collider,linear,effect_modifying,242446310,L1-oracle,-1,743,699,6.18917245922408,6.18917245922408,0.9407806191117093,1.0,0.024676935433991836,0.002061591563018439,743,743,6.18917245922408,743.0,6.18917245922408,699,6.190920803456303,2
collider,linear,effect_modifying,242446310,L1-oracle,1,151,136,0.7922540470661164,0.7922540470661164,0.9006622516556292,1.0,0.04438911024966355,-0.01829903385704834,151,151,0.7922540470661164,151.0,0.7922540470661164,136,0.7346875359249585,2
collider,linear,effect_modifying,242446310,L1-discovered,-1,743,1,5.6567059048184865,5.6567059048184865,0.0013458950201884253,1.0,1.2034288510399778,-0.5304049628425753,743,743,5.6567059048184865,743.0,5.6567059048184865,1,2.837624597031986,2
collider,linear,effect_modifying,242446310,L1-discovered,1,151,150,0.8646022709397482,0.8646022709397482,0.9933774834437086,1.0,0.12119114979229685,0.05404919001658348,151,151,0.8646022709397482,151.0,0.8646022709397482,150,0.8644947264121424,2
collider,linear,effect_modifying,242446310,L2,-1,743,743,6.187110867661062,6.187110867661062,1.0,1.0,0.0,,743,743,6.187110867661062,,,743,6.187110867661062,2
collider,linear,effect_modifying,242446310,L2,1,151,151,0.8105530809231647,0.8105530809231647,1.0,1.0,0.0,,151,151,0.8105530809231647,,,151,0.8105530809231647,2
collider,linear,effect_modifying,1421188080,L0,-1,732,732,6.968647490937939,6.968647490937939,1.0,1.0,0.0,0.6922575558930175,732,732,6.968647490937939,732.0,6.968647490937939,732,6.968647490937939,3
collider,linear,effect_modifying,1421188080,L0,1,149,149,1.0518043960985248,1.0518043960985248,1.0,1.0,0.17364891769748572,0.20456350525368538,149,149,1.0518043960985248,149.0,1.0518043960985248,149,1.0518043960985248,3
collider,linear,effect_modifying,1421188080,L1-oracle,-1,732,5,6.143737211589331,6.143737211589331,0.006830601092896175,1.0,0.26355584627875855,-0.13265272345559076,732,732,6.143737211589331,732.0,6.143737211589331,5,3.6007703891637868,3
collider,linear,effect_modifying,1421188080,L1-oracle,1,149,137,0.8303599351871296,0.8303599351871296,0.9194630872483222,1.0,0.0434425127492056,-0.016880955657709862,149,149,0.8303599351871296,149.0,0.8303599351871296,137,0.801989780689118,3
collider,linear,effect_modifying,1421188080,L1-discovered,-1,732,0,5.649139885800008,5.649139885800008,0.0,1.0,1.4828651781249174,-0.6272500492449131,732,732,5.649139885800008,732.0,5.649139885800008,0,,3
collider,linear,effect_modifying,1421188080,L1-discovered,1,149,149,0.8953729544698711,0.8953729544698711,1.0,1.0,0.1574833386384468,0.04813206362503164,149,149,0.8953729544698711,149.0,0.8953729544698711,149,0.8953729544698711,3
collider,linear,effect_modifying,1421188080,L2,-1,732,732,6.2763899350449215,6.2763899350449215,1.0,1.0,0.0,,732,732,6.2763899350449215,,,732,6.2763899350449215,3
collider,linear,effect_modifying,1421188080,L2,1,149,149,0.8472408908448394,0.8472408908448394,1.0,1.0,0.0,,149,149,0.8472408908448394,,,149,0.8472408908448394,3
collider,linear,effect_modifying,2507512415,L0,-1,745,745,5.75559390958495,5.75559390958495,1.0,1.0,0.0481656054970596,0.331787576261938,745,745,5.75559390958495,745.0,5.75559390958495,745,5.75559390958495,4
collider,linear,effect_modifying,2507512415,L0,1,120,120,0.8419023003117512,0.8419023003117512,1.0,1.0,0.37777557237490367,0.08324275887217547,120,120,0.8419023003117512,120.0,0.8419023003117512,120,0.8419023003117512,4
collider,linear,effect_modifying,2507512415,L1-oracle,-1,745,530,5.341177349199872,5.341177349199872,0.7114093959731543,1.0,0.42198111684372225,-0.08262898412314001,745,745,5.341177349199872,745.0,5.341177349199872,530,5.33222448591118,4
collider,linear,effect_modifying,2507512415,L1-oracle,1,120,117,0.755591167362941,0.755591167362941,0.975,1.0,0.024343115189197448,-0.003068374076634739,120,120,0.755591167362941,120.0,0.755591167362941,117,0.7393637405931152,4
collider,linear,effect_modifying,2507512415,L1-discovered,-1,745,66,5.141738216269872,5.141738216269872,0.08859060402684564,1.0,1.3455138106031368,-0.2820681170531394,745,745,5.141738216269872,745.0,5.141738216269872,66,4.285124753143495,4
collider,linear,effect_modifying,2507512415,L1-discovered,1,120,120,0.7799508642574771,0.7799508642574771,1.0,1.0,0.09903726677820233,0.02129132281790136,120,120,0.7799508642574771,120.0,0.7799508642574771,120,0.7799508642574771,4
collider,linear,effect_modifying,2507512415,L2,-1,745,745,5.423806333323012,5.423806333323012,1.0,1.0,0.0,,745,745,5.423806333323012,,,745,5.423806333323012,4
collider,linear,effect_modifying,2507512415,L2,1,120,120,0.7586595414395757,0.7586595414395757,1.0,1.0,0.0,,120,120,0.7586595414395757,,,120,0.7586595414395757,4
collider,linear,effect_modifying,2830493979,L0,-1,732,732,6.780200877051399,6.780200877051399,1.0,1.0,0.0,0.7342309125475168,732,732,6.780200877051399,732.0,6.780200877051399,732,6.780200877051399,5
collider,linear,effect_modifying,2830493979,L0,1,164,164,0.8702811394739352,0.8702811394739352,1.0,1.0,0.2195398829162976,0.12436353982516035,164,164,0.8702811394739352,164.0,0.8702811394739352,164,0.8702811394739352,5
collider,linear,effect_modifying,2830493979,L1-oracle,-1,732,658,6.041868497896565,6.041868497896565,0.8989071038251366,1.0,0.015828297052671324,-0.004101466607317583,732,732,6.041868497896565,732.0,6.041868497896565,658,6.040027770687452,5
collider,linear,effect_modifying,2830493979,L1-oracle,1,164,164,0.7509823355734035,0.7509823355734035,1.0,1.0,0.0416987724773566,0.005064735924628749,164,164,0.7509823355734035,164.0,0.7509823355734035,164,0.7509823355734035,5
collider,linear,effect_modifying,2830493979,L1-discovered,-1,732,0,5.63940697979343,5.63940697979343,0.0,1.0,1.0257552961967,-0.4065629847104528,732,732,5.63940697979343,732.0,5.63940697979343,0,,5
collider,linear,effect_modifying,2830493979,L1-discovered,1,164,164,0.769444635309037,0.769444635309037,1.0,1.0,0.17018239781235509,0.023527035660262152,164,164,0.769444635309037,164.0,0.769444635309037,164,0.769444635309037,5
collider,linear,effect_modifying,2830493979,L2,-1,732,732,6.0459699645038825,6.0459699645038825,1.0,1.0,0.0,,732,732,6.0459699645038825,,,732,6.0459699645038825,5
collider,linear,effect_modifying,2830493979,L2,1,164,164,0.7459175996487748,0.7459175996487748,1.0,1.0,0.0,,164,164,0.7459175996487748,,,164,0.7459175996487748,5
collider,linear,effect_modifying,1162261060,L0,-1,752,752,6.650203489163693,6.650203489163693,1.0,1.0,0.0,0.5350801228240387,752,752,6.650203489163693,752.0,6.650203489163693,752,6.650203489163693,6
collider,linear,effect_modifying,1162261060,L0,1,111,111,0.9919477209209833,0.9919477209209833,1.0,1.0,0.1541115496401814,0.21679621607239008,111,111,0.9919477209209833,111.0,0.9919477209209833,111,0.9919477209209833,6
collider,linear,effect_modifying,1162261060,L1-oracle,-1,752,752,6.2260035597534475,6.2260035597534475,1.0,1.0,0.2475081460288954,0.1108801934137933,752,752,6.2260035597534475,752.0,6.2260035597534475,752,6.2260035597534475,6
collider,linear,effect_modifying,1162261060,L1-oracle,1,111,111,0.787175461138937,0.787175461138937,1.0,1.0,0.028968023936170494,0.012023956290343807,111,111,0.787175461138937,111.0,0.787175461138937,111,0.787175461138937,6
collider,linear,effect_modifying,1162261060,L1-discovered,-1,752,0,5.59394769746627,5.59394769746627,0.0,1.0,1.022210977864482,-0.5211756688733846,752,752,5.59394769746627,752.0,5.59394769746627,0,,6
collider,linear,effect_modifying,1162261060,L1-discovered,1,111,111,0.872029784883864,0.872029784883864,1.0,1.0,0.15028095621165655,0.09687828003527077,111,111,0.872029784883864,111.0,0.872029784883864,111,0.872029784883864,6
collider,linear,effect_modifying,1162261060,L2,-1,752,752,6.115123366339654,6.115123366339654,1.0,1.0,0.0,,752,752,6.115123366339654,,,752,6.115123366339654,6
collider,linear,effect_modifying,1162261060,L2,1,111,111,0.7751515048485932,0.7751515048485932,1.0,1.0,0.0,,111,111,0.7751515048485932,,,111,0.7751515048485932,6
collider,linear,effect_modifying,3312119525,L0,-1,758,758,5.203099252153643,5.203099252153643,1.0,1.0,1.3936181708396826,0.18128747177577775,758,758,5.203099252153643,758.0,5.203099252153643,758,5.203099252153643,7
collider,linear,effect_modifying,3312119525,L0,1,114,114,0.7695780170093889,0.7695780170093889,1.0,1.0,0.48587047240965797,0.032260037406523834,114,114,0.7695780170093889,114.0,0.7695780170093889,114,0.7695780170093889,7
collider,linear,effect_modifying,3312119525,L1-oracle,-1,758,741,5.020409876680541,5.020409876680541,0.9775725593667546,1.0,0.0535163100725178,-0.0014019036973236254,758,758,5.020409876680541,758.0,5.020409876680541,741,5.012734473104669,7
collider,linear,effect_modifying,3312119525,L1-oracle,1,114,114,0.737317979602865,0.737317979602865,1.0,1.0,0.008625579598632848,0.0,114,114,0.737317979602865,114.0,0.737317979602865,114,0.737317979602865,7
collider,linear,effect_modifying,3312119525,L1-discovered,-1,758,459,4.953445465856309,4.953445465856309,0.6055408970976254,1.0,0.9307770124105655,-0.06836631452155562,758,758,4.953445465856309,758.0,4.953445465856309,459,4.884257483145418,7
collider,linear,effect_modifying,3312119525,L1-discovered,1,114,114,0.740306234159842,0.740306234159842,1.0,1.0,0.11579511322460832,0.0029882545569769325,114,114,0.740306234159842,114.0,0.740306234159842,114,0.740306234159842,7
collider,linear,effect_modifying,3312119525,L2,-1,758,758,5.021811780377865,5.021811780377865,1.0,1.0,0.0,,758,758,5.021811780377865,,,758,5.021811780377865,7
collider,linear,effect_modifying,3312119525,L2,1,114,114,0.737317979602865,0.737317979602865,1.0,1.0,0.0,,114,114,0.737317979602865,,,114,0.737317979602865,7
collider,linear,effect_modifying,3527135551,L0,-1,791,791,6.643168117158172,6.643168117158172,1.0,1.0,0.0,0.5795284674225751,791,791,6.643168117158172,791.0,6.643168117158172,791,6.643168117158172,8
collider,linear,effect_modifying,3527135551,L0,1,98,98,0.9554166118164674,0.9554166118164674,1.0,1.0,0.17696867776511513,0.19491238901056218,98,98,0.9554166118164674,98.0,0.9554166118164674,98,0.9554166118164674,8
collider,linear,effect_modifying,3527135551,L1-oracle,-1,791,352,6.018385154768459,6.018385154768459,0.4450063211125158,1.0,0.08872088472692075,-0.04525449496713829,791,791,6.018385154768459,791.0,6.018385154768459,352,5.669907939644415,8
collider,linear,effect_modifying,3527135551,L1-oracle,1,98,98,0.7641901564983524,0.7641901564983524,1.0,1.0,0.007734135835891062,0.0036859336924471853,98,98,0.7641901564983524,98.0,0.7641901564983524,98,0.7641901564983524,8
collider,linear,effect_modifying,3527135551,L1-discovered,-1,791,1,5.5606276591166335,5.5606276591166335,0.0012642225031605564,1.0,1.0491691209790224,-0.5030119906189636,791,791,5.5606276591166335,791.0,5.5606276591166335,1,2.5121006276232594,8
collider,linear,effect_modifying,3527135551,L1-discovered,1,98,98,0.8339296821757232,0.8339296821757232,1.0,1.0,0.18299223964512037,0.07342545936981792,98,98,0.8339296821757232,98.0,0.8339296821757232,98,0.8339296821757232,8
collider,linear,effect_modifying,3527135551,L2,-1,791,791,6.063639649735597,6.063639649735597,1.0,1.0,0.0,,791,791,6.063639649735597,,,791,6.063639649735597,8
collider,linear,effect_modifying,3527135551,L2,1,98,98,0.7605042228059052,0.7605042228059052,1.0,1.0,0.0,,98,98,0.7605042228059052,,,98,0.7605042228059052,8
collider,linear,effect_modifying,2727678368,L0,-1,711,711,6.817658620381363,6.817658620381363,1.0,1.0,0.0,0.5569653165836996,711,711,6.817658620381363,711.0,6.817658620381363,711,6.817658620381363,9
collider,linear,effect_modifying,2727678368,L0,1,156,156,0.970201666401144,0.970201666401144,1.0,1.0,0.1848455656819059,0.19287288283657833,156,156,0.970201666401144,156.0,0.970201666401144,156,0.970201666401144,9
collider,linear,effect_modifying,2727678368,L1-oracle,-1,711,711,6.311540670102388,6.311540670102388,1.0,1.0,0.11923730331788178,0.05084736630472442,711,711,6.311540670102388,711.0,6.311540670102388,711,6.311540670102388,9
collider,linear,effect_modifying,2727678368,L1-oracle,1,156,156,0.7788065718494176,0.7788065718494176,1.0,1.0,0.018394607954045676,0.0014777882848518997,156,156,0.7788065718494176,156.0,0.7788065718494176,156,0.7788065718494176,9
collider,linear,effect_modifying,2727678368,L1-discovered,-1,711,0,5.687577091172547,5.687577091172547,0.0,1.0,1.2136085338714904,-0.5731162126251164,711,711,5.687577091172547,711.0,5.687577091172547,0,,9
collider,linear,effect_modifying,2727678368,L1-discovered,1,156,156,0.8466956634701815,0.8466956634701815,1.0,1.0,0.22175868039802862,0.06936687990561585,156,156,0.8466956634701815,156.0,0.8466956634701815,156,0.8466956634701815,9
collider,linear,effect_modifying,2727678368,L2,-1,711,711,6.260693303797663,6.260693303797663,1.0,1.0,0.0,,711,711,6.260693303797663,,,711,6.260693303797663,9
collider,linear,effect_modifying,2727678368,L2,1,156,156,0.7773287835645657,0.7773287835645657,1.0,1.0,0.0,,156,156,0.7773287835645657,,,156,0.7773287835645657,9
collider,linear,effect_modifying,2186263937,L0,-1,730,730,6.833461393759186,6.833461393759186,1.0,1.0,0.0,0.15364557097298182,730,730,6.833461393759186,730.0,6.833461393759186,730,6.833461393759186,10
collider,linear,effect_modifying,2186263937,L0,1,152,152,1.0654814194602942,1.0654814194602942,1.0,1.0,0.10239413907172758,0.1928743334737757,152,152,1.0654814194602942,152.0,1.0654814194602942,152,1.0654814194602942,10
collider,linear,effect_modifying,2186263937,L1-oracle,-1,730,730,6.71177463120262,6.71177463120262,1.0,1.0,0.05137963887583254,0.03195880841641596,730,730,6.71177463120262,730.0,6.71177463120262,730,6.71177463120262,10
collider,linear,effect_modifying,2186263937,L1-oracle,1,152,152,0.878746618273165,0.878746618273165,1.0,1.0,0.011917806757106374,0.006139532286646543,152,152,0.878746618273165,152.0,0.878746618273165,152,0.878746618273165,10
collider,linear,effect_modifying,2186263937,L1-discovered,-1,730,0,5.9245246097267374,5.9245246097267374,0.0,1.0,1.1252727121924417,-0.7552912130594667,730,730,5.9245246097267374,730.0,5.9245246097267374,0,,10
collider,linear,effect_modifying,2186263937,L1-discovered,1,152,152,0.9364233265266869,0.9364233265266869,1.0,1.0,0.13179103861571687,0.06381624054016843,152,152,0.9364233265266869,152.0,0.9364233265266869,152,0.9364233265266869,10
collider,linear,effect_modifying,2186263937,L2,-1,730,730,6.679815822786204,6.679815822786204,1.0,1.0,0.0,,730,730,6.679815822786204,,,730,6.679815822786204,10
collider,linear,effect_modifying,2186263937,L2,1,152,152,0.8726070859865185,0.8726070859865185,1.0,1.0,0.0,,152,152,0.8726070859865185,,,152,0.8726070859865185,10
collider,linear,effect_modifying,3073006032,L0,-1,726,726,6.99069822416725,6.99069822416725,1.0,1.0,0.0,0.5170415146875573,726,726,6.99069822416725,726.0,6.99069822416725,726,6.99069822416725,11
collider,linear,effect_modifying,3073006032,L0,1,170,170,0.9823585450417112,0.9823585450417112,1.0,1.0,0.14523492841732727,0.20158031957838352,170,170,0.9823585450417112,170.0,0.9823585450417112,170,0.9823585450417112,11
collider,linear,effect_modifying,3073006032,L1-oracle,-1,726,726,6.486500445779964,6.486500445779964,1.0,1.0,0.038206680840738166,0.01284373630027158,726,726,6.486500445779964,726.0,6.486500445779964,726,6.486500445779964,11
collider,linear,effect_modifying,3073006032,L1-oracle,1,170,149,0.7625892889309928,0.7625892889309928,0.8764705882352941,1.0,0.04200469345985779,-0.018188936532334887,170,170,0.7625892889309928,170.0,0.7625892889309928,149,0.7258816876103729,11
collider,linear,effect_modifying,3073006032,L1-discovered,-1,726,0,5.711111511770319,5.711111511770319,0.0,1.0,1.4191721980770124,-0.7625451977093736,726,726,5.711111511770319,726.0,5.711111511770319,0,,11
collider,linear,effect_modifying,3073006032,L1-discovered,1,170,168,0.8382488132933916,0.8382488132933916,0.9882352941176471,1.0,0.12737845894641073,0.05747058783006398,170,170,0.8382488132933916,170.0,0.8382488132933916,168,0.8429006663473138,11
collider,linear,effect_modifying,3073006032,L2,-1,726,726,6.473656709479693,6.473656709479693,1.0,1.0,0.0,,726,726,6.473656709479693,,,726,6.473656709479693,11
collider,linear,effect_modifying,3073006032,L2,1,170,170,0.7807782254633276,0.7807782254633276,1.0,1.0,0.0,,170,170,0.7807782254633276,,,170,0.7807782254633276,11
collider,linear,effect_modifying,2400372293,L0,-1,731,731,6.986418480298279,6.986418480298279,1.0,1.0,0.0,0.17736406047733144,731,731,6.986418480298279,731.0,6.986418480298279,731,6.986418480298279,12
collider,linear,effect_modifying,2400372293,L0,1,161,161,1.060166809476246,1.060166809476246,1.0,1.0,0.14729810942067345,0.22562724466466355,161,161,1.060166809476246,161.0,1.060166809476246,161,1.060166809476246,12
collider,linear,effect_modifying,2400372293,L1-oracle,-1,731,731,6.819700564093213,6.819700564093213,1.0,1.0,0.016870178694299236,0.010646144272265623,731,731,6.819700564093213,731.0,6.819700564093213,731,6.819700564093213,12
collider,linear,effect_modifying,2400372293,L1-oracle,1,161,156,0.828791251082654,0.828791251082654,0.968944099378882,1.0,0.018212518214830994,-0.005748313728928478,161,161,0.828791251082654,161.0,0.828791251082654,156,0.8157116047699186,12
collider,linear,effect_modifying,2400372293,L1-discovered,-1,731,0,5.929328799789283,5.929328799789283,0.0,1.0,1.422858185268527,-0.8797256200316648,731,731,5.929328799789283,731.0,5.929328799789283,0,,12
collider,linear,effect_modifying,2400372293,L1-discovered,1,161,161,0.9201860240857277,0.9201860240857277,1.0,1.0,0.1851070204489546,0.08564645927414527,161,161,0.9201860240857277,161.0,0.9201860240857277,161,0.9201860240857277,12
collider,linear,effect_modifying,2400372293,L2,-1,731,731,6.8090544198209475,6.8090544198209475,1.0,1.0,0.0,,731,731,6.8090544198209475,,,731,6.8090544198209475,12
collider,linear,effect_modifying,2400372293,L2,1,161,161,0.8345395648115824,0.8345395648115824,1.0,1.0,0.0,,161,161,0.8345395648115824,,,161,0.8345395648115824,12
collider,linear,effect_modifying,14143617,L0,-1,752,752,6.880124959336469,6.880124959336469,1.0,1.0,0.0,0.12867396454561852,752,752,6.880124959336469,752.0,6.880124959336469,752,6.880124959336469,13
collider,linear,effect_modifying,14143617,L0,1,135,135,1.0892147819622104,1.0892147819622104,1.0,1.0,0.1283207482311863,0.23673412012895023,135,135,1.0892147819622104,135.0,1.0892147819622104,135,1.0892147819622104,13
collider,linear,effect_modifying,14143617,L1-oracle,-1,752,752,6.866792446091284,6.866792446091284,1.0,1.0,0.07981202142282534,0.11534145130043338,752,752,6.866792446091284,752.0,6.866792446091284,752,6.866792446091284,13
collider,linear,effect_modifying,14143617,L1-oracle,1,135,134,0.8521448431295318,0.8521448431295318,0.9925925925925926,1.0,0.004908604294300699,-0.00033581870372845213,135,135,0.8521448431295318,135.0,0.8521448431295318,134,0.8376310937031466,13
collider,linear,effect_modifying,14143617,L1-discovered,-1,752,0,6.023187317310989,6.023187317310989,0.0,1.0,1.192982897441772,-0.7282636774798616,752,752,6.023187317310989,752.0,6.023187317310989,0,,13
collider,linear,effect_modifying,14143617,L1-discovered,1,135,135,0.9663789399818631,0.9663789399818631,1.0,1.0,0.20947803177453905,0.11389827814860287,135,135,0.9663789399818631,135.0,0.9663789399818631,135,0.9663789399818631,13
collider,linear,effect_modifying,14143617,L2,-1,752,752,6.751450994790851,6.751450994790851,1.0,1.0,0.0,,752,752,6.751450994790851,,,752,6.751450994790851,13
collider,linear,effect_modifying,14143617,L2,1,135,135,0.8524806618332602,0.8524806618332602,1.0,1.0,0.0,,135,135,0.8524806618332602,,,135,0.8524806618332602,13
collider,linear,effect_modifying,1350438117,L0,-1,732,732,6.426139956643197,6.426139956643197,1.0,1.0,0.0,0.7071822389896454,732,732,6.426139956643197,732.0,6.426139956643197,732,6.426139956643197,14
collider,linear,effect_modifying,1350438117,L0,1,142,142,0.8717456319430635,0.8717456319430635,1.0,1.0,0.30124692965129324,0.13570382082367183,142,142,0.8717456319430635,142.0,0.8717456319430635,142,0.8717456319430635,14
collider,linear,effect_modifying,1350438117,L1-oracle,-1,732,732,5.76230499859755,5.76230499859755,1.0,1.0,0.11404455103401212,0.043347280943998534,732,732,5.76230499859755,732.0,5.76230499859755,732,5.76230499859755,14
collider,linear,effect_modifying,1350438117,L1-oracle,1,142,142,0.7375211483821384,0.7375211483821384,1.0,1.0,0.010332727522340011,0.0014793372627467383,142,142,0.7375211483821384,142.0,0.7375211483821384,142,0.7375211483821384,14
collider,linear,effect_modifying,1350438117,L1-discovered,-1,732,2,5.420611903884315,5.420611903884315,0.00273224043715847,1.0,0.7969188879864416,-0.2983458137692363,732,732,5.420611903884315,732.0,5.420611903884315,2,2.8584356704662977,14
collider,linear,effect_modifying,1350438117,L1-discovered,1,142,142,0.7552291819605553,0.7552291819605553,1.0,1.0,0.13063376010427172,0.01918737084116362,142,142,0.7552291819605553,142.0,0.7552291819605553,142,0.7552291819605553,14
collider,linear,effect_modifying,1350438117,L2,-1,732,732,5.718957717653551,5.718957717653551,1.0,1.0,0.0,,732,732,5.718957717653551,,,732,5.718957717653551,14
collider,linear,effect_modifying,1350438117,L2,1,142,142,0.7360418111193917,0.7360418111193917,1.0,1.0,0.0,,142,142,0.7360418111193917,,,142,0.7360418111193917,14
collider,linear,effect_modifying,801569728,L0,-1,770,770,6.450972075778841,6.450972075778841,1.0,1.0,0.0,0.722684450566633,770,770,6.450972075778841,770.0,6.450972075778841,770,6.450972075778841,15
collider,linear,effect_modifying,801569728,L0,1,101,101,0.8936368002572622,0.8936368002572622,1.0,1.0,0.1625685395050109,0.14907395823361658,101,101,0.8936368002572622,101.0,0.8936368002572622,101,0.8936368002572622,15
collider,linear,effect_modifying,801569728,L1-oracle,-1,770,770,5.954679163264828,5.954679163264828,1.0,1.0,0.5116061907146411,0.2263915380526198,770,770,5.954679163264828,770.0,5.954679163264828,770,5.954679163264828,15
collider,linear,effect_modifying,801569728,L1-oracle,1,101,101,0.7519289371520111,0.7519289371520111,1.0,1.0,0.0295656502497008,0.007366095128365502,101,101,0.7519289371520111,101.0,0.7519289371520111,101,0.7519289371520111,15
collider,linear,effect_modifying,801569728,L1-discovered,-1,770,2,5.50418829431302,5.50418829431302,0.0025974025974025974,1.0,0.6157043294475257,-0.22409933089918788,770,770,5.50418829431302,770.0,5.50418829431302,2,3.4851980350041236,15
collider,linear,effect_modifying,801569728,L1-discovered,1,101,101,0.7814098273116132,0.7814098273116132,1.0,1.0,0.14806571298434199,0.03684698528796759,101,101,0.7814098273116132,101.0,0.7814098273116132,101,0.7814098273116132,15
collider,linear,effect_modifying,801569728,L2,-1,770,770,5.728287625212208,5.728287625212208,1.0,1.0,0.0,,770,770,5.728287625212208,,,770,5.728287625212208,15
collider,linear,effect_modifying,801569728,L2,1,101,101,0.7445628420236456,0.7445628420236456,1.0,1.0,0.0,,101,101,0.7445628420236456,,,101,0.7445628420236456,15
collider,linear,effect_modifying,3819681627,L0,-1,759,759,6.601054804254433,6.601054804254433,1.0,1.0,0.0,0.42199371732003055,759,759,6.601054804254433,759.0,6.601054804254433,759,6.601054804254433,16
collider,linear,effect_modifying,3819681627,L0,1,99,99,1.0414970613900145,1.0414970613900145,1.0,1.0,0.18056422435659564,0.2291199430175388,99,99,1.0414970613900145,99.0,1.0414970613900145,99,1.0414970613900145,16
collider,linear,effect_modifying,3819681627,L1-oracle,-1,759,759,6.269978132350605,6.269978132350605,1.0,1.0,0.1720758349542991,0.09091704541620249,759,759,6.269978132350605,759.0,6.269978132350605,759,6.269978132350605,16
collider,linear,effect_modifying,3819681627,L1-oracle,1,99,99,0.840785429720859,0.840785429720859,1.0,1.0,0.08078147246957314,0.028408311348383286,99,99,0.840785429720859,99.0,0.840785429720859,99,0.840785429720859,16
collider,linear,effect_modifying,3819681627,L1-discovered,-1,759,1,5.673154761754501,5.673154761754501,0.0013175230566534915,1.0,0.9627351197883635,-0.5059063251799021,759,759,5.673154761754501,759.0,5.673154761754501,1,2.23905560464789,16
collider,linear,effect_modifying,3819681627,L1-discovered,1,99,99,0.9233488467381404,0.9233488467381404,1.0,1.0,0.2624000522956929,0.11097172836566471,99,99,0.9233488467381404,99.0,0.9233488467381404,99,0.9233488467381404,16
collider,linear,effect_modifying,3819681627,L2,-1,759,759,6.179061086934403,6.179061086934403,1.0,1.0,0.0,,759,759,6.179061086934403,,,759,6.179061086934403,16
collider,linear,effect_modifying,3819681627,L2,1,99,99,0.8123771183724757,0.8123771183724757,1.0,1.0,0.0,,99,99,0.8123771183724757,,,99,0.8123771183724757,16
collider,linear,effect_modifying,2774431793,L0,-1,761,761,6.705278582374418,6.705278582374418,1.0,1.0,0.0,0.03930708811775396,761,761,6.705278582374418,761.0,6.705278582374418,761,6.705278582374418,17
collider,linear,effect_modifying,2774431793,L0,1,126,126,1.0523252593571075,1.0523252593571075,1.0,1.0,0.10413255572832197,0.19138981742885597,126,126,1.0523252593571075,126.0,1.0523252593571075,126,1.0523252593571075,17
collider,linear,effect_modifying,2774431793,L1-oracle,-1,761,184,6.576372170446651,6.576372170446651,0.24178712220762155,1.0,0.12777942989669783,-0.08959932381001323,761,761,6.576372170446651,761.0,6.576372170446651,184,6.011129278510806,17
collider,linear,effect_modifying,2774431793,L1-oracle,1,126,123,0.8619746454483973,0.8619746454483973,0.9761904761904762,1.0,0.01369469631672894,0.0010392035201457483,126,126,0.8619746454483973,126.0,0.8619746454483973,123,0.8705696046789029,17
collider,linear,effect_modifying,2774431793,L1-discovered,-1,761,0,5.815765555052512,5.815765555052512,0.0,1.0,1.1576083638490289,-0.8502059392041517,761,761,5.815765555052512,761.0,5.815765555052512,0,,17
collider,linear,effect_modifying,2774431793,L1-discovered,1,126,124,0.9261347108766055,0.9261347108766055,0.9841269841269841,1.0,0.12310441797987758,0.06519926894835393,126,126,0.9261347108766055,126.0,0.9261347108766055,124,0.9338521304326769,17
collider,linear,effect_modifying,2774431793,L2,-1,761,761,6.665971494256664,6.665971494256664,1.0,1.0,0.0,,761,761,6.665971494256664,,,761,6.665971494256664,17
collider,linear,effect_modifying,2774431793,L2,1,126,126,0.8609354419282516,0.8609354419282516,1.0,1.0,0.0,,126,126,0.8609354419282516,,,126,0.8609354419282516,17
collider,linear,effect_modifying,794650984,L0,-1,764,764,6.03647252936458,6.03647252936458,1.0,1.0,0.0,0.6811305730767758,764,764,6.03647252936458,764.0,6.03647252936458,764,6.03647252936458,18
collider,linear,effect_modifying,794650984,L0,1,114,114,0.9314294788097955,0.9314294788097955,1.0,1.0,0.22186112460346105,0.13938119720399067,114,114,0.9314294788097955,114.0,0.9314294788097955,114,0.9314294788097955,18
collider,linear,effect_modifying,794650984,L1-oracle,-1,764,623,5.3363590821951,5.3363590821951,0.8154450261780105,1.0,0.052160613206058075,-0.018982874092703383,764,764,5.3363590821951,764.0,5.3363590821951,623,5.294229317067741,18
collider,linear,effect_modifying,794650984,L1-oracle,1,114,105,0.7832237710276789,0.7832237710276789,0.9210526315789473,1.0,0.0349646964200363,-0.008824510578125944,114,114,0.7832237710276789,114.0,0.7832237710276789,105,0.7729055462757679,18
collider,linear,effect_modifying,794650984,L1-discovered,-1,764,8,5.100970892631482,5.100970892631482,0.010471204188481676,1.0,0.8075241779051425,-0.2543710636563219,764,764,5.100970892631482,764.0,5.100970892631482,8,3.1938846037149493,18
collider,linear,effect_modifying,794650984,L1-discovered,1,114,114,0.8274678544481034,0.8274678544481034,1.0,1.0,0.10494941925236136,0.035419572842298574,114,114,0.8274678544481034,114.0,0.8274678544481034,114,0.8274678544481034,18
collider,linear,effect_modifying,794650984,L2,-1,764,764,5.355341956287804,5.355341956287804,1.0,1.0,0.0,,764,764,5.355341956287804,,,764,5.355341956287804,18
collider,linear,effect_modifying,794650984,L2,1,114,114,0.7920482816058049,0.7920482816058049,1.0,1.0,0.0,,114,114,0.7920482816058049,,,114,0.7920482816058049,18
collider,linear,effect_modifying,3338799195,L0,-1,748,748,5.867725541704928,5.867725541704928,1.0,1.0,0.0013792064680409625,0.4243198177036174,748,748,5.867725541704928,748.0,5.867725541704928,748,5.867725541704928,19
collider,linear,effect_modifying,3338799195,L0,1,110,110,0.8594993378300608,0.8594993378300608,1.0,1.0,0.4224713863466498,0.10999145508338959,110,110,0.8594993378300608,110.0,0.8594993378300608,110,0.8594993378300608,19
collider,linear,effect_modifying,3338799195,L1-oracle,-1,748,748,5.521370770454635,5.521370770454635,1.0,1.0,0.2937912753103166,0.07796504645332458,748,748,5.521370770454635,748.0,5.521370770454635,748,5.521370770454635,19
collider,linear,effect_modifying,3338799195,L1-oracle,1,110,110,0.7495078827466712,0.7495078827466712,1.0,1.0,0.007264199062317211,0.0,110,110,0.7495078827466712,110.0,0.7495078827466712,110,0.7495078827466712,19
collider,linear,effect_modifying,3338799195,L1-discovered,-1,748,9,5.141450948538236,5.141450948538236,0.012032085561497326,1.0,1.1284865210141737,-0.3019547754630745,748,748,5.141450948538236,748.0,5.141450948538236,9,3.46393548815985,19
collider,linear,effect_modifying,3338799195,L1-discovered,1,110,110,0.7716185339384003,0.7716185339384003,1.0,1.0,0.1360111397126727,0.022110651191729058,110,110,0.7716185339384003,110.0,0.7716185339384003,110,0.7716185339384003,19
collider,linear,effect_modifying,3338799195,L2,-1,748,748,5.443405724001311,5.443405724001311,1.0,1.0,0.0,,748,748,5.443405724001311,,,748,5.443405724001311,19
collider,linear,effect_modifying,3338799195,L2,1,110,110,0.7495078827466712,0.7495078827466712,1.0,1.0,0.0,,110,110,0.7495078827466712,,,110,0.7495078827466712,19
collider,nlg,additive,3134173889,L0,-1,761,761,2.7404330792564098,2.7404330792564098,1.0,1.0,0.0,0.49411712262053964,761,761,2.7404330792564098,761.0,2.7404330792564098,761,2.7404330792564098,0
collider,nlg,additive,3134173889,L0,1,173,173,0.4801114481798075,0.4801114481798075,1.0,1.0,0.08386241785205219,0.09019606877602998,173,173,0.4801114481798075,173.0,0.4801114481798075,173,0.4801114481798075,0
collider,nlg,additive,3134173889,L1-oracle,-1,761,761,2.3403629451723686,2.3403629451723686,1.0,1.0,0.17590106905039649,0.09404698853649851,761,761,2.3403629451723686,761.0,2.3403629451723686,761,2.3403629451723686,0
collider,nlg,additive,3134173889,L1-oracle,1,173,173,0.39987512185549945,0.39987512185549945,1.0,1.0,0.029210409209882722,0.009959742451721931,173,173,0.39987512185549945,173.0,0.39987512185549945,173,0.39987512185549945,0
collider,nlg,additive,3134173889,L1-discovered,-1,761,761,2.3403629451723686,2.3403629451723686,1.0,1.0,0.17590106905039604,0.09404698853649851,761,761,2.3403629451723686,761.0,2.3403629451723686,761,2.3403629451723686,0
collider,nlg,additive,3134173889,L1-discovered,1,173,173,0.39987512185549945,0.39987512185549945,1.0,1.0,0.0292104092098829,0.009959742451721931,173,173,0.39987512185549945,173.0,0.39987512185549945,173,0.39987512185549945,0
collider,nlg,additive,3134173889,L2,-1,761,761,2.24631595663587,2.24631595663587,1.0,1.0,0.0,,761,761,2.24631595663587,,,761,2.24631595663587,0
collider,nlg,additive,3134173889,L2,1,173,173,0.3899153794037775,0.3899153794037775,1.0,1.0,0.0,,173,173,0.3899153794037775,,,173,0.3899153794037775,0
collider,nlg,additive,3888140183,L0,-1,717,717,2.902444858779943,2.902444858779943,1.0,1.0,0.0,0.5219384831178981,717,717,2.902444858779943,717.0,2.902444858779943,717,2.902444858779943,1
collider,nlg,additive,3888140183,L0,1,195,195,0.5198600997497893,0.5198600997497893,1.0,1.0,0.07200060713705332,0.09265211221722214,195,195,0.5198600997497893,195.0,0.5198600997497893,195,0.5198600997497893,1
collider,nlg,additive,3888140183,L1-oracle,-1,717,716,2.475047598264897,2.475047598264897,0.99860529986053,1.0,0.1670690292821905,0.09454122260285214,717,717,2.475047598264897,717.0,2.475047598264897,716,2.474644582902825,1
collider,nlg,additive,3888140183,L1-oracle,1,195,191,0.43619826113828575,0.43619826113828575,0.9794871794871794,1.0,0.02998327662823921,0.00899027360571858,195,195,0.43619826113828575,195.0,0.43619826113828575,191,0.4382274878750016,1
collider,nlg,additive,3888140183,L1-discovered,-1,717,716,2.475047598264897,2.475047598264897,0.99860529986053,1.0,0.16706902928219106,0.09454122260285214,717,717,2.475047598264897,717.0,2.475047598264897,716,2.474644582902825,1
collider,nlg,additive,3888140183,L1-discovered,1,195,191,0.43619826113828575,0.43619826113828575,0.9794871794871794,1.0,0.029983276628239196,0.00899027360571858,195,195,0.43619826113828575,195.0,0.43619826113828575,191,0.4382274878750016,1
collider,nlg,additive,3888140183,L2,-1,717,717,2.380506375662045,2.380506375662045,1.0,1.0,0.0,,717,717,2.380506375662045,,,717,2.380506375662045,1
collider,nlg,additive,3888140183,L2,1,195,195,0.42720798753256717,0.42720798753256717,1.0,1.0,0.0,,195,195,0.42720798753256717,,,195,0.42720798753256717,1
collider,nlg,additive,242446310,L0,-1,743,743,2.650823846801002,2.650823846801002,1.0,1.0,0.0,0.5052237401779465,743,743,2.650823846801002,743.0,2.650823846801002,743,2.650823846801002,2
collider,nlg,additive,242446310,L0,1,179,179,0.5004277804725806,0.5004277804725806,1.0,1.0,0.09973515181912998,0.10139835897204075,179,179,0.5004277804725806,179.0,0.5004277804725806,179,0.5004277804725806,2
collider,nlg,additive,242446310,L1-oracle,-1,743,212,2.0862703953137256,2.0862703953137256,0.2853297442799462,1.0,0.13356351051787815,-0.05932971130933007,743,743,2.0862703953137256,743.0,2.0862703953137256,212,1.8540377102542611,2
collider,nlg,additive,242446310,L1-oracle,1,179,157,0.39172738869135426,0.39172738869135426,0.8770949720670391,1.0,0.02440719256168771,-0.007302032809185621,179,179,0.39172738869135426,179.0,0.39172738869135426,157,0.35654629465858956,2
collider,nlg,additive,242446310,L1-discovered,-1,743,212,2.0862703953137256,2.0862703953137256,0.2853297442799462,1.0,0.13356351051787752,-0.05932971130933007,743,743,2.0862703953137256,743.0,2.0862703953137256,212,1.8540377102542611,2
collider,nlg,additive,242446310,L1-discovered,1,179,157,0.39172738869135426,0.39172738869135426,0.8770949720670391,1.0,0.02440719256168753,-0.007302032809185621,179,179,0.39172738869135426,179.0,0.39172738869135426,157,0.35654629465858956,2
collider,nlg,additive,242446310,L2,-1,743,743,2.1456001066230557,2.1456001066230557,1.0,1.0,0.0,,743,743,2.1456001066230557,,,743,2.1456001066230557,2
collider,nlg,additive,242446310,L2,1,179,179,0.3990294215005399,0.3990294215005399,1.0,1.0,0.0,,179,179,0.3990294215005399,,,179,0.3990294215005399,2
collider,nlg,additive,1421188080,L0,-1,732,732,2.732297308875511,2.732297308875511,1.0,1.0,0.0003964363291732157,0.5115441230858839,732,732,2.732297308875511,732.0,2.732297308875511,732,2.732297308875511,3
collider,nlg,additive,1421188080,L0,1,188,188,0.5032762992104988,0.5032762992104988,1.0,1.0,0.08157876326457143,0.09429948798272869,188,188,0.5032762992104988,188.0,0.5032762992104988,188,0.5032762992104988,3
collider,nlg,additive,1421188080,L1-oracle,-1,732,18,2.0783831214552446,2.0783831214552446,0.02459016393442623,1.0,0.30903052597737674,-0.14237006433438237,732,732,2.0783831214552446,732.0,2.0783831214552446,18,1.2373856094423166,3
collider,nlg,additive,1421188080,L1-oracle,1,188,134,0.3862780546793589,0.3862780546793589,0.7127659574468085,1.0,0.05489145837488241,-0.022698756548411192,188,188,0.3862780546793589,188.0,0.3862780546793589,134,0.318075793076863,3
collider,nlg,additive,1421188080,L1-discovered,-1,732,18,2.0783831214552446,2.0783831214552446,0.02459016393442623,1.0,0.30903052597737884,-0.14237006433438237,732,732,2.0783831214552446,732.0,2.0783831214552446,18,1.2373856094423166,3
collider,nlg,additive,1421188080,L1-discovered,1,188,134,0.3862780546793589,0.3862780546793589,0.7127659574468085,1.0,0.05489145837488275,-0.022698756548411192,188,188,0.3862780546793589,188.0,0.3862780546793589,134,0.318075793076863,3
collider,nlg,additive,1421188080,L2,-1,732,732,2.220753185789627,2.220753185789627,1.0,1.0,0.0,,732,732,2.220753185789627,,,732,2.220753185789627,3
collider,nlg,additive,1421188080,L2,1,188,188,0.4089768112277701,0.4089768112277701,1.0,1.0,0.0,,188,188,0.4089768112277701,,,188,0.4089768112277701,3
collider,nlg,additive,2507512415,L0,-1,745,745,2.604002863231539,2.604002863231539,1.0,1.0,0.0001345102381033555,0.4800752626971865,745,745,2.604002863231539,745.0,2.604002863231539,745,2.604002863231539,4
collider,nlg,additive,2507512415,L0,1,165,165,0.46819451355363684,0.46819451355363684,1.0,1.0,0.08634647873219362,0.08676474573680171,165,165,0.46819451355363684,165.0,0.46819451355363684,165,0.46819451355363684,4
collider,nlg,additive,2507512415,L1-oracle,-1,745,3,1.9791758785430054,1.9791758785430054,0.004026845637583893,1.0,0.3242933066450528,-0.14475172199134723,745,745,1.9791758785430054,745.0,1.9791758785430054,3,0.4965732654395885,4
collider,nlg,additive,2507512415,L1-oracle,1,165,103,0.360665142218258,0.360665142218258,0.6242424242424243,1.0,0.05485438893256676,-0.020764625598577113,165,165,0.360665142218258,165.0,0.360665142218258,103,0.248930061402467,4
collider,nlg,additive,2507512415,L1-discovered,-1,745,3,1.9791758785430054,1.9791758785430054,0.004026845637583893,1.0,0.3242933066450525,-0.14475172199134723,745,745,1.9791758785430054,745.0,1.9791758785430054,3,0.4965732654395885,4
collider,nlg,additive,2507512415,L1-discovered,1,165,103,0.360665142218258,0.360665142218258,0.6242424242424243,1.0,0.05485438893256667,-0.020764625598577113,165,165,0.360665142218258,165.0,0.360665142218258,103,0.248930061402467,4
collider,nlg,additive,2507512415,L2,-1,745,745,2.1239276005343526,2.1239276005343526,1.0,1.0,0.0,,745,745,2.1239276005343526,,,745,2.1239276005343526,4
collider,nlg,additive,2507512415,L2,1,165,165,0.38142976781683513,0.38142976781683513,1.0,1.0,0.0,,165,165,0.38142976781683513,,,165,0.38142976781683513,4
collider,nlg,additive,2830493979,L0,-1,732,732,2.6004404925080014,2.6004404925080014,1.0,1.0,0.0010061784953488127,0.48987481034326086,732,732,2.6004404925080014,732.0,2.6004404925080014,732,2.6004404925080014,5
collider,nlg,additive,2830493979,L0,1,181,181,0.43887310974594507,0.43887310974594507,1.0,1.0,0.10840840462530527,0.08603738871931799,181,181,0.43887310974594507,181.0,0.43887310974594507,181,0.43887310974594507,5
collider,nlg,additive,2830493979,L1-oracle,-1,732,732,2.156339153138969,2.156339153138969,1.0,1.0,0.11210688347138134,0.04577347097422857,732,732,2.156339153138969,732.0,2.156339153138969,732,2.156339153138969,5
collider,nlg,additive,2830493979,L1-oracle,1,181,181,0.3571952592934345,0.3571952592934345,1.0,1.0,0.017708678328267308,0.004359538266807406,181,181,0.3571952592934345,181.0,0.3571952592934345,181,0.3571952592934345,5
collider,nlg,additive,2830493979,L1-discovered,-1,732,732,2.156339153138969,2.156339153138969,1.0,1.0,0.11210688347137816,0.04577347097422857,732,732,2.156339153138969,732.0,2.156339153138969,732,2.156339153138969,5
collider,nlg,additive,2830493979,L1-discovered,1,181,181,0.3571952592934345,0.3571952592934345,1.0,1.0,0.017708678328266798,0.004359538266807406,181,181,0.3571952592934345,181.0,0.3571952592934345,181,0.3571952592934345,5
collider,nlg,additive,2830493979,L2,-1,732,732,2.1105656821647405,2.1105656821647405,1.0,1.0,0.0,,732,732,2.1105656821647405,,,732,2.1105656821647405,5
collider,nlg,additive,2830493979,L2,1,181,181,0.3528357210266271,0.3528357210266271,1.0,1.0,0.0,,181,181,0.3528357210266271,,,181,0.3528357210266271,5
collider,nlg,additive,1162261060,L0,-1,752,752,2.8206886017180377,2.8206886017180377,1.0,1.0,0.0,0.5330528561774561,752,752,2.8206886017180377,752.0,2.8206886017180377,752,2.8206886017180377,6
collider,nlg,additive,1162261060,L0,1,148,148,0.5381853309339913,0.5381853309339913,1.0,1.0,0.05076574691209677,0.10146400045689796,148,148,0.5381853309339913,148.0,0.5381853309339913,148,0.5381853309339913,6
collider,nlg,additive,1162261060,L1-oracle,-1,752,752,2.4172701113809625,2.4172701113809625,1.0,1.0,0.2143580683388359,0.1296343658403809,752,752,2.4172701113809625,752.0,2.4172701113809625,752,2.4172701113809625,6
collider,nlg,additive,1162261060,L1-oracle,1,148,148,0.45129119344023155,0.45129119344023155,1.0,1.0,0.03320250294857663,0.01456986296313817,148,148,0.45129119344023155,148.0,0.45129119344023155,148,0.45129119344023155,6
collider,nlg,additive,1162261060,L1-discovered,-1,752,752,2.4172701113809625,2.4172701113809625,1.0,1.0,0.21435806833883847,0.1296343658403809,752,752,2.4172701113809625,752.0,2.4172701113809625,752,2.4172701113809625,6
collider,nlg,additive,1162261060,L1-discovered,1,148,148,0.45129119344023155,0.45129119344023155,1.0,1.0,0.03320250294857725,0.01456986296313817,148,148,0.45129119344023155,148.0,0.45129119344023155,148,0.45129119344023155,6
collider,nlg,additive,1162261060,L2,-1,752,752,2.2876357455405816,2.2876357455405816,1.0,1.0,0.0,,752,752,2.2876357455405816,,,752,2.2876357455405816,6
collider,nlg,additive,1162261060,L2,1,148,148,0.4367213304770934,0.4367213304770934,1.0,1.0,0.0,,148,148,0.4367213304770934,,,148,0.4367213304770934,6
collider,nlg,additive,3312119525,L0,-1,758,758,2.2480512682593012,2.2480512682593012,1.0,1.0,0.000980537905718355,0.3646788822295135,758,758,2.2480512682593012,758.0,2.2480512682593012,758,2.2480512682593012,7
collider,nlg,additive,3312119525,L0,1,151,151,0.3919569091466593,0.3919569091466593,1.0,1.0,0.18317052487245986,0.06115063089344286,151,151,0.3919569091466593,151.0,0.3919569091466593,151,0.3919569091466593,7
collider,nlg,additive,3312119525,L1-oracle,-1,758,747,1.8933447153341998,1.8933447153341998,0.9854881266490765,1.0,0.028803872311664924,0.009972329304412053,758,758,1.8933447153341998,758.0,1.8933447153341998,747,1.8993473591901886,7
collider,nlg,additive,3312119525,L1-oracle,1,151,149,0.33193183566766915,0.33193183566766915,0.9867549668874173,1.0,0.013682211486089526,0.0011255574144526936,151,151,0.33193183566766915,151.0,0.33193183566766915,149,0.3320124694585195,7
collider,nlg,additive,3312119525,L1-discovered,-1,758,747,1.8933447153341998,1.8933447153341998,0.9854881266490765,1.0,0.02880387231166364,0.009972329304412053,758,758,1.8933447153341998,758.0,1.8933447153341998,747,1.8993473591901886,7
collider,nlg,additive,3312119525,L1-discovered,1,151,149,0.33193183566766915,0.33193183566766915,0.9867549668874173,1.0,0.013682211486089406,0.0011255574144526936,151,151,0.33193183566766915,151.0,0.33193183566766915,149,0.3320124694585195,7
collider,nlg,additive,3312119525,L2,-1,758,758,1.8833723860297877,1.8833723860297877,1.0,1.0,0.0,,758,758,1.8833723860297877,,,758,1.8833723860297877,7
collider,nlg,additive,3312119525,L2,1,151,151,0.33080627825321646,0.33080627825321646,1.0,1.0,0.0,,151,151,0.33080627825321646,,,151,0.33080627825321646,7
collider,nlg,additive,3527135551,L0,-1,791,791,2.674237116853321,2.674237116853321,1.0,1.0,0.0003335031988136186,0.5104119496792814,791,791,2.674237116853321,791.0,2.674237116853321,791,2.674237116853321,8
collider,nlg,additive,3527135551,L0,1,140,140,0.49070994483736163,0.49070994483736163,1.0,1.0,0.09402173374125757,0.09684240596780863,140,140,0.49070994483736163,140.0,0.49070994483736163,140,0.49070994483736163,8
collider,nlg,additive,3527135551,L1-oracle,-1,791,554,2.149441765874704,2.149441765874704,0.7003792667509482,1.0,0.02700560304730082,-0.014383401299335574,791,791,2.149441765874704,791.0,2.149441765874704,554,2.061828471317823,8
collider,nlg,additive,3527135551,L1-oracle,1,140,132,0.3911285623975134,0.3911285623975134,0.9428571428571428,1.0,0.004355407579788504,-0.002738976472039578,140,140,0.3911285623975134,140.0,0.3911285623975134,132,0.362711818994608,8
collider,nlg,additive,3527135551,L1-discovered,-1,791,554,2.149441765874704,2.149441765874704,0.7003792667509482,1.0,0.027005603047298796,-0.014383401299335574,791,791,2.149441765874704,791.0,2.149441765874704,554,2.061828471317823,8
collider,nlg,additive,3527135551,L1-discovered,1,140,132,0.3911285623975134,0.3911285623975134,0.9428571428571428,1.0,0.004355407579788077,-0.002738976472039578,140,140,0.3911285623975134,140.0,0.3911285623975134,132,0.362711818994608,8
collider,nlg,additive,3527135551,L2,-1,791,791,2.1638251671740396,2.1638251671740396,1.0,1.0,0.0,,791,791,2.1638251671740396,,,791,2.1638251671740396,8
collider,nlg,additive,3527135551,L2,1,140,140,0.393867538869553,0.393867538869553,1.0,1.0,0.0,,140,140,0.393867538869553,,,140,0.393867538869553,8
collider,nlg,additive,2727678368,L0,-1,711,711,2.885409172171251,2.885409172171251,1.0,1.0,0.0004115894612292207,0.5228693613412632,711,711,2.885409172171251,711.0,2.885409172171251,711,2.885409172171251,9
collider,nlg,additive,2727678368,L0,1,210,210,0.48129139286525413,0.48129139286525413,1.0,1.0,0.07420121373092324,0.09104826675562333,210,210,0.48129139286525413,210.0,0.48129139286525413,210,0.48129139286525413,9
collider,nlg,additive,2727678368,L1-oracle,-1,711,711,2.3734344538532715,2.3734344538532715,1.0,1.0,0.020330123170783785,0.010894643023283468,711,711,2.3734344538532715,711.0,2.3734344538532715,711,2.3734344538532715,9
collider,nlg,additive,2727678368,L1-oracle,1,210,210,0.39119682234193315,0.39119682234193315,1.0,1.0,0.004150604690041197,0.0009536962323023479,210,210,0.39119682234193315,210.0,0.39119682234193315,210,0.39119682234193315,9
collider,nlg,additive,2727678368,L1-discovered,-1,711,711,2.3734344538532715,2.3734344538532715,1.0,1.0,0.02033012317078402,0.010894643023283468,711,711,2.3734344538532715,711.0,2.3734344538532715,711,2.3734344538532715,9
collider,nlg,additive,2727678368,L1-discovered,1,210,210,0.39119682234193315,0.39119682234193315,1.0,1.0,0.004150604690041184,0.0009536962323023479,210,210,0.39119682234193315,210.0,0.39119682234193315,210,0.39119682234193315,9
collider,nlg,additive,2727678368,L2,-1,711,711,2.362539810829988,2.362539810829988,1.0,1.0,0.0,,711,711,2.362539810829988,,,711,2.362539810829988,9
collider,nlg,additive,2727678368,L2,1,210,210,0.3902431261096308,0.3902431261096308,1.0,1.0,0.0,,210,210,0.3902431261096308,,,210,0.3902431261096308,9
collider,nlg,additive,2186263937,L0,-1,730,730,2.931850483984386,2.931850483984386,1.0,1.0,0.0,0.4609850814498606,730,730,2.931850483984386,730.0,2.931850483984386,730,2.931850483984386,10
collider,nlg,additive,2186263937,L0,1,179,179,0.5637222043984859,0.5637222043984859,1.0,1.0,0.048330929158721156,0.10570652938408642,179,179,0.5637222043984859,179.0,0.5637222043984859,179,0.5637222043984859,10
collider,nlg,additive,2186263937,L1-oracle,-1,730,688,2.478751795068388,2.478751795068388,0.9424657534246575,1.0,0.015905880600781592,0.007886392533862363,730,730,2.478751795068388,730.0,2.478751795068388,688,2.4541873941436343,10
collider,nlg,additive,2186263937,L1-oracle,1,179,178,0.4625361545176894,0.4625361545176894,0.994413407821229,1.0,0.009232516875868695,0.004520479503289987,179,179,0.4625361545176894,179.0,0.4625361545176894,178,0.4593584148326132,10
collider,nlg,additive,2186263937,L1-discovered,-1,730,688,2.478751795068388,2.478751795068388,0.9424657534246575,1.0,0.015905880600781585,0.007886392533862363,730,730,2.478751795068388,730.0,2.478751795068388,688,2.4541873941436343,10
collider,nlg,additive,2186263937,L1-discovered,1,179,178,0.4625361545176894,0.4625361545176894,0.994413407821229,1.0,0.009232516875868655,0.004520479503289987,179,179,0.4625361545176894,179.0,0.4625361545176894,178,0.4593584148326132,10
collider,nlg,additive,2186263937,L2,-1,730,730,2.4708654025345256,2.4708654025345256,1.0,1.0,0.0,,730,730,2.4708654025345256,,,730,2.4708654025345256,10
collider,nlg,additive,2186263937,L2,1,179,179,0.45801567501439944,0.45801567501439944,1.0,1.0,0.0,,179,179,0.45801567501439944,,,179,0.45801567501439944,10
collider,nlg,additive,3073006032,L0,-1,726,726,2.802249095132293,2.802249095132293,1.0,1.0,0.0,0.5214953696116407,726,726,2.802249095132293,726.0,2.802249095132293,726,2.802249095132293,11
collider,nlg,additive,3073006032,L0,1,172,172,0.48748989508936225,0.48748989508936225,1.0,1.0,0.0919022861529044,0.09517998870061217,172,172,0.48748989508936225,172.0,0.48748989508936225,172,0.48748989508936225,11
collider,nlg,additive,3073006032,L1-oracle,-1,726,84,2.1959811986932705,2.1959811986932705,0.11570247933884298,1.0,0.1638614540943978,-0.08477252682738179,726,726,2.1959811986932705,726.0,2.1959811986932705,84,1.5114829786979973,11
collider,nlg,additive,3073006032,L1-oracle,1,172,131,0.3806220951691239,0.3806220951691239,0.7616279069767442,1.0,0.02719701773469599,-0.011687811219626199,172,172,0.3806220951691239,172.0,0.3806220951691239,131,0.31199182506174167,11
collider,nlg,additive,3073006032,L1-discovered,-1,726,84,2.1959811986932705,2.1959811986932705,0.11570247933884298,1.0,0.1638614540943962,-0.08477252682738179,726,726,2.1959811986932705,726.0,2.1959811986932705,84,1.5114829786979973,11
collider,nlg,additive,3073006032,L1-discovered,1,172,131,0.3806220951691239,0.3806220951691239,0.7616279069767442,1.0,0.027197017734695735,-0.011687811219626199,172,172,0.3806220951691239,172.0,0.3806220951691239,131,0.31199182506174167,11
collider,nlg,additive,3073006032,L2,-1,726,726,2.2807537255206523,2.2807537255206523,1.0,1.0,0.0,,726,726,2.2807537255206523,,,726,2.2807537255206523,11
collider,nlg,additive,3073006032,L2,1,172,172,0.3923099063887501,0.3923099063887501,1.0,1.0,0.0,,172,172,0.3923099063887501,,,172,0.3923099063887501,11
collider,nlg,additive,2400372293,L0,-1,730,730,3.166023823035067,3.166023823035067,1.0,1.0,0.0,0.29650090609111013,730,730,3.166023823035067,730.0,3.166023823035067,730,3.166023823035067,12
collider,nlg,additive,2400372293,L0,1,186,186,0.6870369128166277,0.6870369128166277,1.0,1.0,0.03339242559835234,0.09227770932609469,186,186,0.6870369128166277,186.0,0.6870369128166277,186,0.6870369128166277,12
collider,nlg,additive,2400372293,L1-oracle,-1,730,218,2.8043343128764984,2.8043343128764984,0.29863013698630136,1.0,0.06859949012805482,-0.0651886040674583,730,730,2.8043343128764984,730.0,2.8043343128764984,218,2.843444930247434,12
collider,nlg,additive,2400372293,L1-oracle,1,186,148,0.5832013909952576,0.5832013909952576,0.7956989247311828,1.0,0.014018776968477876,-0.011557812495275432,186,186,0.5832013909952576,186.0,0.5832013909952576,148,0.5109806573419565,12
collider,nlg,additive,2400372293,L1-discovered,-1,730,218,2.8043343128764984,2.8043343128764984,0.29863013698630136,1.0,0.0685994901280535,-0.0651886040674583,730,730,2.8043343128764984,730.0,2.8043343128764984,218,2.843444930247434,12
collider,nlg,additive,2400372293,L1-discovered,1,186,148,0.5832013909952576,0.5832013909952576,0.7956989247311828,1.0,0.014018776968477604,-0.011557812495275432,186,186,0.5832013909952576,186.0,0.5832013909952576,148,0.5109806573419565,12
collider,nlg,additive,2400372293,L2,-1,730,730,2.8695229169439567,2.8695229169439567,1.0,1.0,0.0,,730,730,2.8695229169439567,,,730,2.8695229169439567,12
collider,nlg,additive,2400372293,L2,1,186,186,0.594759203490533,0.594759203490533,1.0,1.0,0.0,,186,186,0.594759203490533,,,186,0.594759203490533,12
collider,nlg,additive,14143617,L0,-1,752,752,2.9791443729697717,2.9791443729697717,1.0,1.0,0.0,0.44358978305727126,752,752,2.9791443729697717,752.0,2.9791443729697717,752,2.9791443729697717,13
collider,nlg,additive,14143617,L0,1,177,177,0.5882072062812831,0.5882072062812831,1.0,1.0,0.03716657550771403,0.09844589747198734,177,177,0.5882072062812831,177.0,0.5882072062812831,177,0.5882072062812831,13
collider,nlg,additive,14143617,L1-oracle,-1,752,752,2.5694288761395465,2.5694288761395465,1.0,1.0,0.046536418117319754,0.033874286227046024,752,752,2.5694288761395465,752.0,2.5694288761395465,752,2.5694288761395465,13
collider,nlg,additive,14143617,L1-oracle,1,177,177,0.4926444731016675,0.4926444731016675,1.0,1.0,0.007535435745080719,0.0028831642923717316,177,177,0.4926444731016675,177.0,0.4926444731016675,177,0.4926444731016675,13
collider,nlg,additive,14143617,L1-discovered,-1,752,752,2.5694288761395465,2.5694288761395465,1.0,1.0,0.04653641811731993,0.033874286227046024,752,752,2.5694288761395465,752.0,2.5694288761395465,752,2.5694288761395465,13
collider,nlg,additive,14143617,L1-discovered,1,177,177,0.4926444731016675,0.4926444731016675,1.0,1.0,0.007535435745080802,0.0028831642923717316,177,177,0.4926444731016675,177.0,0.4926444731016675,177,0.4926444731016675,13
collider,nlg,additive,14143617,L2,-1,752,752,2.5355545899125005,2.5355545899125005,1.0,1.0,0.0,,752,752,2.5355545899125005,,,752,2.5355545899125005,13
collider,nlg,additive,14143617,L2,1,177,177,0.48976130880929575,0.48976130880929575,1.0,1.0,0.0,,177,177,0.48976130880929575,,,177,0.48976130880929575,13
collider,nlg,additive,1350438117,L0,-1,732,732,2.825086485124703,2.825086485124703,1.0,1.0,0.0,0.34308576543624314,732,732,2.825086485124703,732.0,2.825086485124703,732,2.825086485124703,14
collider,nlg,additive,1350438117,L0,1,207,207,0.5069076707859047,0.5069076707859047,1.0,1.0,0.039091883078496974,0.08649286012272633,207,207,0.5069076707859047,207.0,0.5069076707859047,207,0.5069076707859047,14
collider,nlg,additive,1350438117,L1-oracle,-1,732,732,2.5919404413307428,2.5919404413307428,1.0,1.0,0.1488604799009083,0.10993972164228305,732,732,2.5919404413307428,732.0,2.5919404413307428,732,2.5919404413307428,14
collider,nlg,additive,1350438117,L1-oracle,1,207,207,0.43613992907002197,0.43613992907002197,1.0,1.0,0.03019463188328747,0.015725118406843597,207,207,0.43613992907002197,207.0,0.43613992907002197,207,0.43613992907002197,14
collider,nlg,additive,1350438117,L1-discovered,-1,732,732,2.5919404413307428,2.5919404413307428,1.0,1.0,0.14886047990090348,0.10993972164228305,732,732,2.5919404413307428,732.0,2.5919404413307428,732,2.5919404413307428,14
collider,nlg,additive,1350438117,L1-discovered,1,207,207,0.43613992907002197,0.43613992907002197,1.0,1.0,0.03019463188328662,0.015725118406843597,207,207,0.43613992907002197,207.0,0.43613992907002197,207,0.43613992907002197,14
collider,nlg,additive,1350438117,L2,-1,732,732,2.4820007196884597,2.4820007196884597,1.0,1.0,0.0,,732,732,2.4820007196884597,,,732,2.4820007196884597,14
collider,nlg,additive,1350438117,L2,1,207,207,0.4204148106631784,0.4204148106631784,1.0,1.0,0.0,,207,207,0.4204148106631784,,,207,0.4204148106631784,14
collider,nlg,additive,801569728,L0,-1,770,770,2.661057743307056,2.661057743307056,1.0,1.0,0.0,0.5143087503741115,770,770,2.661057743307056,770.0,2.661057743307056,770,2.661057743307056,15
collider,nlg,additive,801569728,L0,1,131,131,0.4620243862510774,0.4620243862510774,1.0,1.0,0.08531566087025108,0.0891392147710044,131,131,0.4620243862510774,131.0,0.4620243862510774,131,0.4620243862510774,15
collider,nlg,additive,801569728,L1-oracle,-1,770,770,2.349365639028762,2.349365639028762,1.0,1.0,0.396363118615812,0.20261664609581764,770,770,2.349365639028762,770.0,2.349365639028762,770,2.349365639028762,15
collider,nlg,additive,801569728,L1-oracle,1,131,131,0.3958636914066334,0.3958636914066334,1.0,1.0,0.06663177094045986,0.022978519926560415,131,131,0.3958636914066334,131.0,0.3958636914066334,131,0.3958636914066334,15
collider,nlg,additive,801569728,L1-discovered,-1,770,770,2.349365639028762,2.349365639028762,1.0,1.0,0.39636311861580903,0.20261664609581764,770,770,2.349365639028762,770.0,2.349365639028762,770,2.349365639028762,15
collider,nlg,additive,801569728,L1-discovered,1,131,131,0.3958636914066334,0.3958636914066334,1.0,1.0,0.06663177094045937,0.022978519926560415,131,131,0.3958636914066334,131.0,0.3958636914066334,131,0.3958636914066334,15
collider,nlg,additive,801569728,L2,-1,770,770,2.1467489929329444,2.1467489929329444,1.0,1.0,0.0,,770,770,2.1467489929329444,,,770,2.1467489929329444,15
collider,nlg,additive,801569728,L2,1,131,131,0.372885171480073,0.372885171480073,1.0,1.0,0.0,,131,131,0.372885171480073,,,131,0.372885171480073,15
collider,nlg,additive,3819681627,L0,-1,759,759,2.8178825262655325,2.8178825262655325,1.0,1.0,0.0004473963931286872,0.5160898318751506,759,759,2.8178825262655325,759.0,2.8178825262655325,759,2.8178825262655325,16
collider,nlg,additive,3819681627,L0,1,142,142,0.5333456096834032,0.5333456096834032,1.0,1.0,0.07237231944726681,0.10857747887109731,142,142,0.5333456096834032,142.0,0.5333456096834032,142,0.5333456096834032,16
collider,nlg,additive,3819681627,L1-oracle,-1,759,759,2.5398794494546513,2.5398794494546513,1.0,1.0,0.3649354904015362,0.23808675506426935,759,759,2.5398794494546513,759.0,2.5398794494546513,759,2.5398794494546513,16
collider,nlg,additive,3819681627,L1-oracle,1,142,142,0.4619659923405058,0.4619659923405058,1.0,1.0,0.06328763346557682,0.03719786152819993,142,142,0.4619659923405058,142.0,0.4619659923405058,142,0.4619659923405058,16
collider,nlg,additive,3819681627,L1-discovered,-1,759,759,2.5398794494546513,2.5398794494546513,1.0,1.0,0.3649354904015407,0.23808675506426935,759,759,2.5398794494546513,759.0,2.5398794494546513,759,2.5398794494546513,16
collider,nlg,additive,3819681627,L1-discovered,1,142,142,0.4619659923405058,0.4619659923405058,1.0,1.0,0.06328763346557764,0.03719786152819993,142,142,0.4619659923405058,142.0,0.4619659923405058,142,0.4619659923405058,16
collider,nlg,additive,3819681627,L2,-1,759,759,2.301792694390382,2.301792694390382,1.0,1.0,0.0,,759,759,2.301792694390382,,,759,2.301792694390382,16
collider,nlg,additive,3819681627,L2,1,142,142,0.42476813081230586,0.42476813081230586,1.0,1.0,0.0,,142,142,0.42476813081230586,,,142,0.42476813081230586,16
collider,nlg,additive,2774431793,L0,-1,761,761,2.910903527869008,2.910903527869008,1.0,1.0,0.0,0.4463429482486281,761,761,2.910903527869008,761.0,2.910903527869008,761,2.910903527869008,17
collider,nlg,additive,2774431793,L0,1,161,161,0.57919122326601,0.57919122326601,1.0,1.0,0.0,0.11055115457076697,161,161,0.57919122326601,161.0,0.57919122326601,161,0.57919122326601,17
collider,nlg,additive,2774431793,L1-oracle,-1,761,187,2.412698158815285,2.412698158815285,0.2457293035479632,1.0,0.06544095313561481,-0.05186242080509462,761,761,2.412698158815285,761.0,2.412698158815285,187,2.442760790631448,17
collider,nlg,additive,2774431793,L1-oracle,1,161,130,0.4604524948621787,0.4604524948621787,0.8074534161490683,1.0,0.01608707123560998,-0.008187573833064343,161,161,0.4604524948621787,161.0,0.4604524948621787,130,0.42797046737429373,17
collider,nlg,additive,2774431793,L1-discovered,-1,761,187,2.412698158815285,2.412698158815285,0.2457293035479632,1.0,0.06544095313561232,-0.05186242080509462,761,761,2.412698158815285,761.0,2.412698158815285,187,2.442760790631448,17
collider,nlg,additive,2774431793,L1-discovered,1,161,130,0.4604524948621787,0.4604524948621787,0.8074534161490683,1.0,0.016087071235609644,-0.008187573833064343,161,161,0.4604524948621787,161.0,0.4604524948621787,130,0.42797046737429373,17
collider,nlg,additive,2774431793,L2,-1,761,761,2.4645605796203798,2.4645605796203798,1.0,1.0,0.0,,761,761,2.4645605796203798,,,761,2.4645605796203798,17
collider,nlg,additive,2774431793,L2,1,161,161,0.46864006869524305,0.46864006869524305,1.0,1.0,0.0,,161,161,0.46864006869524305,,,161,0.46864006869524305,17
collider,nlg,additive,794650984,L0,-1,764,764,2.6021636088401765,2.6021636088401765,1.0,1.0,0.0,0.46958581753549344,764,764,2.6021636088401765,764.0,2.6021636088401765,764,2.6021636088401765,18
collider,nlg,additive,794650984,L0,1,166,166,0.5207163228056965,0.5207163228056965,1.0,1.0,0.07351148842939825,0.09671744649696595,166,166,0.5207163228056965,166.0,0.5207163228056965,166,0.5207163228056965,18
collider,nlg,additive,794650984,L1-oracle,-1,764,39,2.0754500975716415,2.0754500975716415,0.051047120418848166,1.0,0.12091612800516108,-0.05712769373304161,764,764,2.0754500975716415,764.0,2.0754500975716415,39,1.2650778258668622,18
collider,nlg,additive,794650984,L1-oracle,1,166,132,0.4119111441089719,0.4119111441089719,0.7951807228915663,1.0,0.025145626339545937,-0.012087732199758616,166,166,0.4119111441089719,166.0,0.4119111441089719,132,0.363598174458137,18
collider,nlg,additive,794650984,L1-discovered,-1,764,39,2.0754500975716415,2.0754500975716415,0.051047120418848166,1.0,0.12091612800516108,-0.05712769373304161,764,764,2.0754500975716415,764.0,2.0754500975716415,39,1.2650778258668622,18
collider,nlg,additive,794650984,L1-discovered,1,166,132,0.4119111441089719,0.4119111441089719,0.7951807228915663,1.0,0.025145626339545844,-0.012087732199758616,166,166,0.4119111441089719,166.0,0.4119111441089719,132,0.363598174458137,18
collider,nlg,additive,794650984,L2,-1,764,764,2.132577791304683,2.132577791304683,1.0,1.0,0.0,,764,764,2.132577791304683,,,764,2.132577791304683,18
collider,nlg,additive,794650984,L2,1,166,166,0.4239988763087305,0.4239988763087305,1.0,1.0,0.0,,166,166,0.4239988763087305,,,166,0.4239988763087305,18
collider,nlg,additive,3338799195,L0,-1,748,748,2.562333003602199,2.562333003602199,1.0,1.0,0.0,0.4857698427153072,748,748,2.562333003602199,748.0,2.562333003602199,748,2.562333003602199,19
collider,nlg,additive,3338799195,L0,1,148,148,0.4575857105107438,0.4575857105107438,1.0,1.0,0.09230466132043887,0.08660635474711303,148,148,0.4575857105107438,148.0,0.4575857105107438,148,0.4575857105107438,19
collider,nlg,additive,3338799195,L1-oracle,-1,748,748,2.143626573730814,2.143626573730814,1.0,1.0,0.15900372922154915,0.06706341284392181,748,748,2.143626573730814,748.0,2.143626573730814,748,2.143626573730814,19
collider,nlg,additive,3338799195,L1-oracle,1,148,148,0.3793882825718029,0.3793882825718029,1.0,1.0,0.026671712144143295,0.008408926808172124,148,148,0.3793882825718029,148.0,0.3793882825718029,148,0.3793882825718029,19
collider,nlg,additive,3338799195,L1-discovered,-1,748,748,2.143626573730814,2.143626573730814,1.0,1.0,0.15900372922154335,0.06706341284392181,748,748,2.143626573730814,748.0,2.143626573730814,748,2.143626573730814,19
collider,nlg,additive,3338799195,L1-discovered,1,148,148,0.3793882825718029,0.3793882825718029,1.0,1.0,0.0266717121441424,0.008408926808172124,148,148,0.3793882825718029,148.0,0.3793882825718029,148,0.3793882825718029,19
collider,nlg,additive,3338799195,L2,-1,748,748,2.076563160886892,2.076563160886892,1.0,1.0,0.0,,748,748,2.076563160886892,,,748,2.076563160886892,19
collider,nlg,additive,3338799195,L2,1,148,148,0.3709793557636308,0.3709793557636308,1.0,1.0,0.0,,148,148,0.3709793557636308,,,148,0.3709793557636308,19
collider,nlg,effect_modifying,3134173889,L0,-1,761,761,2.7261820864907174,2.7261820864907174,1.0,1.0,0.0,0.28888632255635915,761,761,2.7261820864907174,761.0,2.7261820864907174,761,2.7261820864907174,0
collider,nlg,effect_modifying,3134173889,L0,1,180,180,0.4820438224000884,0.4820438224000884,1.0,1.0,0.1048209062014691,0.11895376921318218,180,180,0.4820438224000884,180.0,0.4820438224000884,180,0.4820438224000884,0
collider,nlg,effect_modifying,3134173889,L1-oracle,-1,761,761,2.578338808035541,2.578338808035541,1.0,1.0,0.24573578728057804,0.14104304410118296,761,761,2.578338808035541,761.0,2.578338808035541,761,2.578338808035541,0
collider,nlg,effect_modifying,3134173889,L1-oracle,1,180,179,0.36558700005247385,0.36558700005247385,0.9944444444444445,1.0,0.013749174298534086,0.0024969468655676175,180,180,0.36558700005247385,180.0,0.36558700005247385,179,0.36682373489106596,0
collider,nlg,effect_modifying,3134173889,L1-discovered,-1,761,49,2.3399528093662973,2.3399528093662973,0.06438896189224705,1.0,0.16715999221633865,-0.09734295456806086,761,761,2.3399528093662973,761.0,2.3399528093662973,49,2.548670951882981,0
collider,nlg,effect_modifying,3134173889,L1-discovered,1,180,180,0.4049227757903683,0.4049227757903683,1.0,1.0,0.0990747418407061,0.04183272260346205,180,180,0.4049227757903683,180.0,0.4049227757903683,180,0.4049227757903683,0
collider,nlg,effect_modifying,3134173889,L2,-1,761,761,2.437295763934358,2.437295763934358,1.0,1.0,0.0,,761,761,2.437295763934358,,,761,2.437295763934358,0
collider,nlg,effect_modifying,3134173889,L2,1,180,180,0.36309005318690624,0.36309005318690624,1.0,1.0,0.0,,180,180,0.36309005318690624,,,180,0.36309005318690624,0
collider,nlg,effect_modifying,3888140183,L0,-1,717,717,2.904769055754246,2.904769055754246,1.0,1.0,0.0,0.31242631444246616,717,717,2.904769055754246,717.0,2.904769055754246,717,2.904769055754246,1
collider,nlg,effect_modifying,3888140183,L0,1,193,193,0.5372329493443151,0.5372329493443151,1.0,1.0,0.08653758382324626,0.1296369854057181,193,193,0.5372329493443151,193.0,0.5372329493443151,193,0.5372329493443151,1
collider,nlg,effect_modifying,3888140183,L1-oracle,-1,717,693,2.6391030781972833,2.6391030781972833,0.9665271966527197,1.0,0.08069962224074095,0.046760336885503406,717,717,2.6391030781972833,717.0,2.6391030781972833,693,2.6398615562468275,1
collider,nlg,effect_modifying,3888140183,L1-oracle,1,193,193,0.42379723933919317,0.42379723933919317,1.0,1.0,0.04648273711437734,0.016201275400596182,193,193,0.42379723933919317,193.0,0.42379723933919317,193,0.42379723933919317,1
collider,nlg,effect_modifying,3888140183,L1-discovered,-1,717,79,2.472268928064781,2.472268928064781,0.1101813110181311,1.0,0.19372149867669056,-0.12007381324699873,717,717,2.472268928064781,717.0,2.472268928064781,79,2.302124995458168,1
collider,nlg,effect_modifying,3888140183,L1-discovered,1,193,193,0.44904241286627117,0.44904241286627117,1.0,1.0,0.09558534826303944,0.041446448927674184,193,193,0.44904241286627117,193.0,0.44904241286627117,193,0.44904241286627117,1
collider,nlg,effect_modifying,3888140183,L2,-1,717,717,2.59234274131178,2.59234274131178,1.0,1.0,0.0,,717,717,2.59234274131178,,,717,2.59234274131178,1
collider,nlg,effect_modifying,3888140183,L2,1,193,193,0.407595963938597,0.407595963938597,1.0,1.0,0.0,,193,193,0.407595963938597,,,193,0.407595963938597,1
collider,nlg,effect_modifying,242446310,L0,-1,743,743,2.6203334874052464,2.6203334874052464,1.0,1.0,0.0,0.34329975880133023,743,743,2.6203334874052464,743.0,2.6203334874052464,743,2.6203334874052464,2
collider,nlg,effect_modifying,242446310,L0,1,186,186,0.4963221216315048,0.4963221216315048,1.0,1.0,0.12145714817149758,0.11980606126851145,186,186,0.4963221216315048,186.0,0.4963221216315048,186,0.4963221216315048,2
collider,nlg,effect_modifying,242446310,L1-oracle,-1,743,723,2.2932494842331947,2.2932494842331947,0.9730820995962315,1.0,0.04454584773538824,0.016215755629278572,743,743,2.2932494842331947,743.0,2.2932494842331947,723,2.310058208997519,2
collider,nlg,effect_modifying,242446310,L1-oracle,1,186,130,0.35694276596826857,0.35694276596826857,0.6989247311827957,1.0,0.05550813846287712,-0.01957329439472477,186,186,0.35694276596826857,186.0,0.35694276596826857,130,0.2729920513721526,2
collider,nlg,effect_modifying,242446310,L1-discovered,-1,743,3,2.0711563385488456,2.0711563385488456,0.004037685060565276,1.0,0.44951298170125137,-0.20587739005507055,743,743,2.0711563385488456,743.0,2.0711563385488456,3,0.7096750921019521,2
collider,nlg,effect_modifying,242446310,L1-discovered,1,186,183,0.39247108577752887,0.39247108577752887,0.9838709677419355,1.0,0.04150011860590546,0.01595502541453553,186,186,0.39247108577752887,186.0,0.39247108577752887,183,0.39413766043664367,2
collider,nlg,effect_modifying,242446310,L2,-1,743,743,2.277033728603916,2.277033728603916,1.0,1.0,0.0,,743,743,2.277033728603916,,,743,2.277033728603916,2
collider,nlg,effect_modifying,242446310,L2,1,186,186,0.37651606036299334,0.37651606036299334,1.0,1.0,0.0,,186,186,0.37651606036299334,,,186,0.37651606036299334,2
collider,nlg,effect_modifying,1421188080,L0,-1,732,732,2.7242997538367413,2.7242997538367413,1.0,1.0,0.00042576771338178845,0.3482988582696178,732,732,2.7242997538367413,732.0,2.7242997538367413,732,2.7242997538367413,3
collider,nlg,effect_modifying,1421188080,L0,1,187,187,0.527271310991693,0.527271310991693,1.0,1.0,0.11209626223659702,0.1265810189319369,187,187,0.527271310991693,187.0,0.527271310991693,187,0.527271310991693,3
collider,nlg,effect_modifying,1421188080,L1-oracle,-1,732,13,2.2401290375102585,2.2401290375102585,0.017759562841530054,1.0,0.27305847473556955,-0.13587185805686497,732,732,2.2401290375102585,732.0,2.2401290375102585,13,2.007588446592801,3
collider,nlg,effect_modifying,1421188080,L1-oracle,1,187,129,0.3773233366513655,0.3773233366513655,0.6898395721925134,1.0,0.06290186755292018,-0.023366955408390566,187,187,0.3773233366513655,187.0,0.3773233366513655,129,0.296777398683277,3
collider,nlg,effect_modifying,1421188080,L1-discovered,-1,732,2,2.0629547209804806,2.0629547209804806,0.00273224043715847,1.0,0.6581416083175821,-0.31304617458664286,732,732,2.0629547209804806,732.0,2.0629547209804806,2,2.766565159803141,3
collider,nlg,effect_modifying,1421188080,L1-discovered,1,187,178,0.4034580653502366,0.4034580653502366,0.9518716577540107,1.0,0.016172979043189085,0.002767773290480502,187,187,0.4034580653502366,187.0,0.4034580653502366,178,0.3957017836808575,3
collider,nlg,effect_modifying,1421188080,L2,-1,732,732,2.3760008955671235,2.3760008955671235,1.0,1.0,0.0,,732,732,2.3760008955671235,,,732,2.3760008955671235,3
collider,nlg,effect_modifying,1421188080,L2,1,187,187,0.4006902920597561,0.4006902920597561,1.0,1.0,0.0,,187,187,0.4006902920597561,,,187,0.4006902920597561,3
collider,nlg,effect_modifying,2507512415,L0,-1,745,745,2.6625639678374813,2.6625639678374813,1.0,1.0,0.00020427365476820587,0.29584947038815956,745,745,2.6625639678374813,745.0,2.6625639678374813,745,2.6625639678374813,4
collider,nlg,effect_modifying,2507512415,L0,1,172,172,0.4923818091675262,0.4923818091675262,1.0,1.0,0.10423951455357532,0.11821042964651096,172,172,0.4923818091675262,172.0,0.4923818091675262,172,0.4923818091675262,4
collider,nlg,effect_modifying,2507512415,L1-oracle,-1,745,0,2.1052802988553805,2.1052802988553805,0.0,1.0,0.5040967219208596,-0.26143419859394124,745,745,2.1052802988553805,745.0,2.1052802988553805,0,,4
collider,nlg,effect_modifying,2507512415,L1-oracle,1,172,134,0.3625110812765648,0.3625110812765648,0.7790697674418605,1.0,0.028352001024368176,-0.011660298244450473,172,172,0.3625110812765648,172.0,0.3625110812765648,134,0.2939505120415826,4
collider,nlg,effect_modifying,2507512415,L1-discovered,-1,745,0,2.0067930047271316,2.0067930047271316,0.0,1.0,0.6942620951998412,-0.3599214927221901,745,745,2.0067930047271316,745.0,2.0067930047271316,0,,4
collider,nlg,effect_modifying,2507512415,L1-discovered,1,172,167,0.3783898169572613,0.3783898169572613,0.9709302325581395,1.0,0.02165756454352787,0.004218437436246059,172,172,0.3783898169572613,172.0,0.3783898169572613,167,0.3762716899812307,4
collider,nlg,effect_modifying,2507512415,L2,-1,745,745,2.3667144974493217,2.3667144974493217,1.0,1.0,0.0,,745,745,2.3667144974493217,,,745,2.3667144974493217,4
collider,nlg,effect_modifying,2507512415,L2,1,172,172,0.37417137952101526,0.37417137952101526,1.0,1.0,0.0,,172,172,0.37417137952101526,,,172,0.37417137952101526,4
collider,nlg,effect_modifying,2830493979,L0,-1,732,732,2.564214036851081,2.564214036851081,1.0,1.0,0.0011462055375462373,0.35157133437246735,732,732,2.564214036851081,732.0,2.564214036851081,732,2.564214036851081,5
collider,nlg,effect_modifying,2830493979,L0,1,188,188,0.433827014862904,0.433827014862904,1.0,1.0,0.12710625194280453,0.0949931592802683,188,188,0.433827014862904,188.0,0.433827014862904,188,0.433827014862904,5
collider,nlg,effect_modifying,2830493979,L1-oracle,-1,732,51,2.1661363367236315,2.1661363367236315,0.06967213114754098,1.0,0.11524547409126266,-0.04650636575498224,732,732,2.1661363367236315,732.0,2.1661363367236315,51,1.5235574409810466,5
collider,nlg,effect_modifying,2830493979,L1-oracle,1,188,188,0.35027203173409915,0.35027203173409915,1.0,1.0,0.049995828435630066,0.011438176151463475,188,188,0.35027203173409915,188.0,0.35027203173409915,188,0.35027203173409915,5
collider,nlg,effect_modifying,2830493979,L1-discovered,-1,732,10,2.122690055709241,2.122690055709241,0.01366120218579235,1.0,0.2281269873795869,-0.08995264676937254,732,732,2.122690055709241,732.0,2.122690055709241,10,0.8308295535000798,5
collider,nlg,effect_modifying,2830493979,L1-discovered,1,188,188,0.3538450080315563,0.3538450080315563,1.0,1.0,0.06319604818288747,0.015011152448920595,188,188,0.3538450080315563,188.0,0.3538450080315563,188,0.3538450080315563,5
collider,nlg,effect_modifying,2830493979,L2,-1,732,732,2.2126427024786137,2.2126427024786137,1.0,1.0,0.0,,732,732,2.2126427024786137,,,732,2.2126427024786137,5
collider,nlg,effect_modifying,2830493979,L2,1,188,188,0.3388338555826357,0.3388338555826357,1.0,1.0,0.0,,188,188,0.3388338555826357,,,188,0.3388338555826357,5
collider,nlg,effect_modifying,1162261060,L0,-1,752,752,2.8347815074071088,2.8347815074071088,1.0,1.0,0.0,0.3091336848007322,752,752,2.8347815074071088,752.0,2.8347815074071088,752,2.8347815074071088,6
collider,nlg,effect_modifying,1162261060,L0,1,158,158,0.5563742105217012,0.5563742105217012,1.0,1.0,0.08662211590680569,0.1389467846930585,158,158,0.5563742105217012,158.0,0.5563742105217012,158,0.5563742105217012,6
collider,nlg,effect_modifying,1162261060,L1-oracle,-1,752,752,2.6462118065395424,2.6462118065395424,1.0,1.0,0.18180632920267714,0.12056398393316581,752,752,2.6462118065395424,752.0,2.6462118065395424,752,2.6462118065395424,6
collider,nlg,effect_modifying,1162261060,L1-oracle,1,158,158,0.43357785894576667,0.43357785894576667,1.0,1.0,0.03878118785573544,0.01615043311712394,158,158,0.43357785894576667,158.0,0.43357785894576667,158,0.43357785894576667,6
collider,nlg,effect_modifying,1162261060,L1-discovered,-1,752,58,2.4253315109180664,2.4253315109180664,0.07712765957446809,1.0,0.15379730918716292,-0.10031631168831012,752,752,2.4253315109180664,752.0,2.4253315109180664,58,1.9047603052075204,6
collider,nlg,effect_modifying,1162261060,L1-discovered,1,158,158,0.4654798763277114,0.4654798763277114,1.0,1.0,0.09420502121015364,0.048052450499068644,158,158,0.4654798763277114,158.0,0.4654798763277114,158,0.4654798763277114,6
collider,nlg,effect_modifying,1162261060,L2,-1,752,752,2.5256478226063765,2.5256478226063765,1.0,1.0,0.0,,752,752,2.5256478226063765,,,752,2.5256478226063765,6
collider,nlg,effect_modifying,1162261060,L2,1,158,158,0.41742742582864273,0.41742742582864273,1.0,1.0,0.0,,158,158,0.41742742582864273,,,158,0.41742742582864273,6
collider,nlg,effect_modifying,3312119525,L0,-1,758,758,2.272455180959965,2.272455180959965,1.0,1.0,0.000621423525220589,0.273365403834404,758,758,2.272455180959965,758.0,2.272455180959965,758,2.272455180959965,7
collider,nlg,effect_modifying,3312119525,L0,1,160,160,0.4127134571531375,0.4127134571531375,1.0,1.0,0.2318503356062286,0.08007398270888277,160,160,0.4127134571531375,160.0,0.4127134571531375,160,0.4127134571531375,7
collider,nlg,effect_modifying,3312119525,L1-oracle,-1,758,583,1.9863895357214072,1.9863895357214072,0.7691292875989446,1.0,0.038012161160196865,-0.012700241404153934,758,758,1.9863895357214072,758.0,1.9863895357214072,583,1.9677638436257647,7
collider,nlg,effect_modifying,3312119525,L1-oracle,1,160,155,0.33244690034484725,0.33244690034484725,0.96875,1.0,0.017037794959830387,-0.00019257409940748316,160,160,0.33244690034484725,160.0,0.33244690034484725,155,0.3320675184513492,7
collider,nlg,effect_modifying,3312119525,L1-discovered,-1,758,96,1.9080502438508264,1.9080502438508264,0.1266490765171504,1.0,0.2858054829443088,-0.09103953327473469,758,758,1.9080502438508264,758.0,1.9080502438508264,96,1.5170879107438875,7
collider,nlg,effect_modifying,3312119525,L1-discovered,1,160,160,0.34705680315118886,0.34705680315118886,1.0,1.0,0.06291225506117502,0.01441732870693413,160,160,0.34705680315118886,160.0,0.34705680315118886,160,0.34705680315118886,7
collider,nlg,effect_modifying,3312119525,L2,-1,758,758,1.9990897771255611,1.9990897771255611,1.0,1.0,0.0,,758,758,1.9990897771255611,,,758,1.9990897771255611,7
collider,nlg,effect_modifying,3312119525,L2,1,160,160,0.33263947444425473,0.33263947444425473,1.0,1.0,0.0,,160,160,0.33263947444425473,,,160,0.33263947444425473,7
collider,nlg,effect_modifying,3527135551,L0,-1,791,791,2.6793643892629344,2.6793643892629344,1.0,1.0,0.0003261505370782064,0.2780747119916964,791,791,2.6793643892629344,791.0,2.6793643892629344,791,2.6793643892629344,8
collider,nlg,effect_modifying,3527135551,L0,1,139,139,0.5077210882803563,0.5077210882803563,1.0,1.0,0.10149788133703613,0.1335792942353491,139,139,0.5077210882803563,139.0,0.5077210882803563,139,0.5077210882803563,8
collider,nlg,effect_modifying,3527135551,L1-oracle,-1,791,196,2.342483167438308,2.342483167438308,0.24778761061946902,1.0,0.09389851346321554,-0.05880650983292979,791,791,2.342483167438308,791.0,2.342483167438308,196,1.9245224407441113,8
collider,nlg,effect_modifying,3527135551,L1-oracle,1,139,139,0.37965506807016036,0.37965506807016036,1.0,1.0,0.012963821419693827,0.005513274025153114,139,139,0.37965506807016036,139.0,0.37965506807016036,139,0.37965506807016036,8
collider,nlg,effect_modifying,3527135551,L1-discovered,-1,791,8,2.190986395618504,2.190986395618504,0.010113780025284451,1.0,0.3379262666774646,-0.21030328165273415,791,791,2.190986395618504,791.0,2.190986395618504,8,0.7629722512474547,8
collider,nlg,effect_modifying,3527135551,L1-discovered,1,139,139,0.40764510259229125,0.40764510259229125,1.0,1.0,0.07940686575148428,0.033503308547284005,139,139,0.40764510259229125,139.0,0.40764510259229125,139,0.40764510259229125,8
collider,nlg,effect_modifying,3527135551,L2,-1,791,791,2.401289677271238,2.401289677271238,1.0,1.0,0.0,,791,791,2.401289677271238,,,791,2.401289677271238,8
collider,nlg,effect_modifying,3527135551,L2,1,139,139,0.37414179404500725,0.37414179404500725,1.0,1.0,0.0,,139,139,0.37414179404500725,,,139,0.37414179404500725,8
collider,nlg,effect_modifying,2727678368,L0,-1,711,711,2.9376670755150953,2.9376670755150953,1.0,1.0,0.0004331839795070318,0.304517311846511,711,711,2.9376670755150953,711.0,2.9376670755150953,711,2.9376670755150953,9
collider,nlg,effect_modifying,2727678368,L0,1,216,216,0.5130552508587171,0.5130552508587171,1.0,1.0,0.08895433391808015,0.1266856590462292,216,216,0.5130552508587171,216.0,0.5130552508587171,216,0.5130552508587171,9
collider,nlg,effect_modifying,2727678368,L1-oracle,-1,711,695,2.632476643636344,2.632476643636344,0.9774964838255977,1.0,0.002030177500630141,-0.0006731200322405151,711,711,2.632476643636344,711.0,2.632476643636344,695,2.6350676141926326,9
collider,nlg,effect_modifying,2727678368,L1-oracle,1,216,216,0.38930789311601216,0.38930789311601216,1.0,1.0,0.008045746392291508,0.0029383013035242933,216,216,0.38930789311601216,216.0,0.38930789311601216,216,0.38930789311601216,9
collider,nlg,effect_modifying,2727678368,L1-discovered,-1,711,4,2.4128112359395715,2.4128112359395715,0.005625879043600563,1.0,0.35980194266150695,-0.22033852772901286,711,711,2.4128112359395715,711.0,2.4128112359395715,4,2.78055534222048,9
collider,nlg,effect_modifying,2727678368,L1-discovered,1,216,216,0.4159167516558084,0.4159167516558084,1.0,1.0,0.07318685735581076,0.029547159843320514,216,216,0.4159167516558084,216.0,0.4159167516558084,216,0.4159167516558084,9
collider,nlg,effect_modifying,2727678368,L2,-1,711,711,2.6331497636685843,2.6331497636685843,1.0,1.0,0.0,,711,711,2.6331497636685843,,,711,2.6331497636685843,9
collider,nlg,effect_modifying,2727678368,L2,1,216,216,0.38636959181248787,0.38636959181248787,1.0,1.0,0.0,,216,216,0.38636959181248787,,,216,0.38636959181248787,9
collider,nlg,effect_modifying,2186263937,L0,-1,730,730,2.954635425262859,2.954635425262859,1.0,1.0,0.0,0.1998158981351148,730,730,2.954635425262859,730.0,2.954635425262859,730,2.954635425262859,10
collider,nlg,effect_modifying,2186263937,L0,1,182,182,0.5961839594461478,0.5961839594461478,1.0,1.0,0.04719094932197256,0.13470133539185858,182,182,0.5961839594461478,182.0,0.5961839594461478,182,0.5961839594461478,10
collider,nlg,effect_modifying,2186263937,L1-oracle,-1,730,521,2.7484485879501888,2.7484485879501888,0.7136986301369863,1.0,0.019813520006658165,-0.006370939177555268,730,730,2.7484485879501888,730.0,2.7484485879501888,521,2.7328529996782702,10
collider,nlg,effect_modifying,2186263937,L1-oracle,1,182,179,0.46782078609281347,0.46782078609281347,0.9835164835164835,1.0,0.009655198635741262,0.006338162038524275,182,182,0.46782078609281347,182.0,0.46782078609281347,179,0.46512062677069876,10
collider,nlg,effect_modifying,2186263937,L1-discovered,-1,730,33,2.508425961432538,2.508425961432538,0.045205479452054796,1.0,0.34788148485660325,-0.2463935656952061,730,730,2.508425961432538,730.0,2.508425961432538,33,4.166847643337745,10
collider,nlg,effect_modifying,2186263937,L1-discovered,1,182,182,0.4923157621652233,0.4923157621652233,1.0,1.0,0.0593589825742562,0.030833138110934133,182,182,0.4923157621652233,182.0,0.4923157621652233,182,0.4923157621652233,10
collider,nlg,effect_modifying,2186263937,L2,-1,730,730,2.754819527127744,2.754819527127744,1.0,1.0,0.0,,730,730,2.754819527127744,,,730,2.754819527127744,10
collider,nlg,effect_modifying,2186263937,L2,1,182,182,0.4614826240542892,0.4614826240542892,1.0,1.0,0.0,,182,182,0.4614826240542892,,,182,0.4614826240542892,10
collider,nlg,effect_modifying,3073006032,L0,-1,726,726,2.796679165557119,2.796679165557119,1.0,1.0,0.0,0.3081109783140432,726,726,2.796679165557119,726.0,2.796679165557119,726,2.796679165557119,11
collider,nlg,effect_modifying,3073006032,L0,1,184,184,0.5026242203302377,0.5026242203302377,1.0,1.0,0.10512626460381487,0.1257730847511831,184,184,0.5026242203302377,184.0,0.5026242203302377,184,0.5026242203302377,11
collider,nlg,effect_modifying,3073006032,L1-oracle,-1,726,682,2.4924352426884435,2.4924352426884435,0.9393939393939394,1.0,0.013430648553535774,0.0038670554453679173,726,726,2.4924352426884435,726.0,2.4924352426884435,682,2.4890219904061492,11
collider,nlg,effect_modifying,3073006032,L1-oracle,1,184,110,0.3535165758922906,0.3535165758922906,0.5978260869565217,1.0,0.055503480063707526,-0.02333455968676401,184,184,0.3535165758922906,184.0,0.3535165758922906,110,0.24603743409194204,11
collider,nlg,effect_modifying,3073006032,L1-discovered,-1,726,1,2.201609278592519,2.201609278592519,0.0013774104683195593,1.0,0.5099064095493835,-0.2869589086505564,726,726,2.201609278592519,726.0,2.201609278592519,1,0.8174051152345237,11
collider,nlg,effect_modifying,3073006032,L1-discovered,1,184,184,0.39427219843244254,0.39427219843244254,1.0,1.0,0.03944481060623413,0.01742106285338796,184,184,0.39427219843244254,184.0,0.39427219843244254,184,0.39427219843244254,11
collider,nlg,effect_modifying,3073006032,L2,-1,726,726,2.4885681872430756,2.4885681872430756,1.0,1.0,0.0,,726,726,2.4885681872430756,,,726,2.4885681872430756,11
collider,nlg,effect_modifying,3073006032,L2,1,184,184,0.3768511355790546,0.3768511355790546,1.0,1.0,0.0,,184,184,0.3768511355790546,,,184,0.3768511355790546,11
collider,nlg,effect_modifying,2400372293,L0,-1,731,731,3.1113997905333997,3.1113997905333997,1.0,1.0,4.8928298711148525e-05,0.10888808925288851,731,731,3.1113997905333997,731.0,3.1113997905333997,731,3.1113997905333997,12
collider,nlg,effect_modifying,2400372293,L0,1,184,184,0.6902963724939323,0.6902963724939323,1.0,1.0,0.046872729095421686,0.1568233363486018,184,184,0.6902963724939323,184.0,0.6902963724939323,184,0.6902963724939323,12
collider,nlg,effect_modifying,2400372293,L1-oracle,-1,731,678,3.003557092137467,3.003557092137467,0.9274965800273598,1.0,0.00807627218376823,0.0010453908569556525,731,731,3.003557092137467,731.0,3.003557092137467,678,3.0383426089025347,12
collider,nlg,effect_modifying,2400372293,L1-oracle,1,184,135,0.515163507466919,0.515163507466919,0.7336956521739131,1.0,0.030034541203454324,-0.018309528678411513,184,184,0.515163507466919,184.0,0.515163507466919,135,0.42673992427988994,12
collider,nlg,effect_modifying,2400372293,L1-discovered,-1,731,43,2.638888897773503,2.638888897773503,0.058823529411764705,1.0,0.44700351427403484,-0.36362280350700793,731,731,2.638888897773503,731.0,2.638888897773503,43,4.410162666541103,12
collider,nlg,effect_modifying,2400372293,L1-discovered,1,184,184,0.5661493548781492,0.5661493548781492,1.0,1.0,0.061817796617239414,0.03267631873281873,184,184,0.5661493548781492,184.0,0.5661493548781492,184,0.5661493548781492,12
collider,nlg,effect_modifying,2400372293,L2,-1,731,731,3.002511701280511,3.002511701280511,1.0,1.0,0.0,,731,731,3.002511701280511,,,731,3.002511701280511,12
collider,nlg,effect_modifying,2400372293,L2,1,184,184,0.5334730361453305,0.5334730361453305,1.0,1.0,0.0,,184,184,0.5334730361453305,,,184,0.5334730361453305,12
collider,nlg,effect_modifying,14143617,L0,-1,752,752,2.9878630389736234,2.9878630389736234,1.0,1.0,0.0,0.1709934471585841,752,752,2.9878630389736234,752.0,2.9878630389736234,752,2.9878630389736234,13
collider,nlg,effect_modifying,14143617,L0,1,181,181,0.6082866322492889,0.6082866322492889,1.0,1.0,0.05160821871795501,0.14292735827954506,181,181,0.6082866322492889,181.0,0.6082866322492889,181,0.6082866322492889,13
collider,nlg,effect_modifying,14143617,L1-oracle,-1,752,752,2.877582952615258,2.877582952615258,1.0,1.0,0.07028259943417621,0.06071336080021883,752,752,2.877582952615258,752.0,2.877582952615258,752,2.877582952615258,13
collider,nlg,effect_modifying,14143617,L1-oracle,1,181,177,0.46585858323482776,0.46585858323482776,0.9779005524861878,1.0,0.005398006294928805,0.0004993092650839026,181,181,0.46585858323482776,181.0,0.46585858323482776,177,0.45793036625001393,13
collider,nlg,effect_modifying,14143617,L1-discovered,-1,752,43,2.5733140101213947,2.5733140101213947,0.057180851063829786,1.0,0.3162341204158529,-0.24355558169364455,752,752,2.5733140101213947,752.0,2.5733140101213947,43,4.251878577099816,13
collider,nlg,effect_modifying,14143617,L1-discovered,1,181,181,0.5118077515600808,0.5118077515600808,1.0,1.0,0.09086753671465567,0.04644847759033699,181,181,0.5118077515600808,181.0,0.5118077515600808,181,0.5118077515600808,13
collider,nlg,effect_modifying,14143617,L2,-1,752,752,2.8168695918150393,2.8168695918150393,1.0,1.0,0.0,,752,752,2.8168695918150393,,,752,2.8168695918150393,13
collider,nlg,effect_modifying,14143617,L2,1,181,181,0.46535927396974386,0.46535927396974386,1.0,1.0,0.0,,181,181,0.46535927396974386,,,181,0.46535927396974386,13
collider,nlg,effect_modifying,1350438117,L0,-1,732,732,2.8241347629140328,2.8241347629140328,1.0,1.0,0.0,0.16953471496066452,732,732,2.8241347629140328,732.0,2.8241347629140328,732,2.8241347629140328,14
collider,nlg,effect_modifying,1350438117,L0,1,199,199,0.5238212575855085,0.5238212575855085,1.0,1.0,0.04407216592398327,0.10600323402977252,199,199,0.5238212575855085,199.0,0.5238212575855085,199,0.5238212575855085,14
collider,nlg,effect_modifying,1350438117,L1-oracle,-1,732,732,2.7388089687566914,2.7388089687566914,1.0,1.0,0.09953020715806084,0.0842089208033232,732,732,2.7388089687566914,732.0,2.7388089687566914,732,2.7388089687566914,14
collider,nlg,effect_modifying,1350438117,L1-oracle,1,199,199,0.43313952828649566,0.43313952828649566,1.0,1.0,0.032893010521496326,0.015321504730759716,199,199,0.43313952828649566,199.0,0.43313952828649566,199,0.43313952828649566,14
collider,nlg,effect_modifying,1350438117,L1-discovered,-1,732,157,2.581185711788797,2.581185711788797,0.21448087431693988,1.0,0.12089043045698604,-0.07341433616457138,732,732,2.581185711788797,732.0,2.581185711788797,157,2.8764496247028846,14
collider,nlg,effect_modifying,1350438117,L1-discovered,1,199,199,0.45476328033204655,0.45476328033204655,1.0,1.0,0.0713092045458332,0.03694525677631061,199,199,0.45476328033204655,199.0,0.45476328033204655,199,0.45476328033204655,14
collider,nlg,effect_modifying,1350438117,L2,-1,732,732,2.6546000479533682,2.6546000479533682,1.0,1.0,0.0,,732,732,2.6546000479533682,,,732,2.6546000479533682,14
collider,nlg,effect_modifying,1350438117,L2,1,199,199,0.41781802355573594,0.41781802355573594,1.0,1.0,0.0,,199,199,0.41781802355573594,,,199,0.41781802355573594,14
collider,nlg,effect_modifying,801569728,L0,-1,770,770,2.7090032521616734,2.7090032521616734,1.0,1.0,0.0,0.33361652374322315,770,770,2.7090032521616734,770.0,2.7090032521616734,770,2.7090032521616734,15
collider,nlg,effect_modifying,801569728,L0,1,137,137,0.48833394032038074,0.48833394032038074,1.0,1.0,0.10028304359025207,0.1186138515139395,137,137,0.48833394032038074,137.0,0.48833394032038074,137,0.48833394032038074,15
collider,nlg,effect_modifying,801569728,L1-oracle,-1,770,770,2.6765476832137685,2.6765476832137685,1.0,1.0,0.3225077664263703,0.30116095479531824,770,770,2.6765476832137685,770.0,2.6765476832137685,770,2.6765476832137685,15
collider,nlg,effect_modifying,801569728,L1-oracle,1,137,136,0.3895029191532292,0.3895029191532292,0.9927007299270073,1.0,0.04690757962403787,0.01978283034678796,137,137,0.3895029191532292,137.0,0.3895029191532292,136,0.3902497483795622,15
collider,nlg,effect_modifying,801569728,L1-discovered,-1,770,736,2.426354394782863,2.426354394782863,0.9558441558441558,1.0,0.0747523165005413,0.05096766636441297,770,770,2.426354394782863,770.0,2.426354394782863,736,2.438697924554259,15
collider,nlg,effect_modifying,801569728,L1-discovered,1,137,137,0.42920464333876435,0.42920464333876435,1.0,1.0,0.1291401291428652,0.0594845545323231,137,137,0.42920464333876435,137.0,0.42920464333876435,137,0.42920464333876435,15
collider,nlg,effect_modifying,801569728,L2,-1,770,770,2.37538672841845,2.37538672841845,1.0,1.0,0.0,,770,770,2.37538672841845,,,770,2.37538672841845,15
collider,nlg,effect_modifying,801569728,L2,1,137,137,0.36972008880644125,0.36972008880644125,1.0,1.0,0.0,,137,137,0.36972008880644125,,,137,0.36972008880644125,15
collider,nlg,effect_modifying,3819681627,L0,-1,759,759,2.883506269827353,2.883506269827353,1.0,1.0,0.0,0.17573229199185425,759,759,2.883506269827353,759.0,2.883506269827353,759,2.883506269827353,16
collider,nlg,effect_modifying,3819681627,L0,1,153,153,0.577272177569839,0.577272177569839,1.0,1.0,0.0670055381653997,0.14509651991294065,153,153,0.577272177569839,153.0,0.577272177569839,153,0.577272177569839,16
collider,nlg,effect_modifying,3819681627,L1-oracle,-1,759,759,2.844933053463003,2.844933053463003,1.0,1.0,0.10510801752164083,0.1371590756275043,759,759,2.844933053463003,759.0,2.844933053463003,759,2.844933053463003,16
collider,nlg,effect_modifying,3819681627,L1-oracle,1,153,153,0.4937371837149814,0.4937371837149814,1.0,1.0,0.10907822631727243,0.06156152605808307,153,153,0.4937371837149814,153.0,0.4937371837149814,153,0.4937371837149814,16
collider,nlg,effect_modifying,3819681627,L1-discovered,-1,759,575,2.69728835125264,2.69728835125264,0.7575757575757576,1.0,0.013401701472608706,-0.010485626582858565,759,759,2.69728835125264,759.0,2.69728835125264,575,2.6743995103403626,16
collider,nlg,effect_modifying,3819681627,L1-discovered,1,153,153,0.5171948182917302,0.5171948182917302,1.0,1.0,0.14066424176943124,0.08501916063483189,153,153,0.5171948182917302,153.0,0.5171948182917302,153,0.5171948182917302,16
collider,nlg,effect_modifying,3819681627,L2,-1,759,759,2.707773977835499,2.707773977835499,1.0,1.0,0.0,,759,759,2.707773977835499,,,759,2.707773977835499,16
collider,nlg,effect_modifying,3819681627,L2,1,153,153,0.4321756576568983,0.4321756576568983,1.0,1.0,0.0,,153,153,0.4321756576568983,,,153,0.4321756576568983,16
collider,nlg,effect_modifying,2774431793,L0,-1,761,761,2.926656391083458,2.926656391083458,1.0,1.0,0.0,0.22029898917150215,761,761,2.926656391083458,761.0,2.926656391083458,761,2.926656391083458,17
collider,nlg,effect_modifying,2774431793,L0,1,165,165,0.6016637115323904,0.6016637115323904,1.0,1.0,0.04878199450089115,0.15109177514767907,165,165,0.6016637115323904,165.0,0.6016637115323904,165,0.6016637115323904,17
collider,nlg,effect_modifying,2774431793,L1-oracle,-1,761,262,2.6729947585867544,2.6729947585867544,0.3442838370565046,1.0,0.04046365470930582,-0.033362643325201446,761,761,2.6729947585867544,761.0,2.6729947585867544,262,2.87370555175526,17
collider,nlg,effect_modifying,2774431793,L1-oracle,1,165,142,0.4420522592796777,0.4420522592796777,0.8606060606060606,1.0,0.01544061915200471,-0.008519677105033652,165,165,0.4420522592796777,165.0,0.4420522592796777,142,0.4126078885118709,17
collider,nlg,effect_modifying,2774431793,L1-discovered,-1,761,27,2.4180248253722683,2.4180248253722683,0.035479632063074903,1.0,0.38867623822249986,-0.2883325765396876,761,761,2.4180248253722683,761.0,2.4180248253722683,27,4.868964589396119,17
collider,nlg,effect_modifying,2774431793,L1-discovered,1,165,161,0.47998954972243957,0.47998954972243957,0.9757575757575757,1.0,0.06752412527233587,0.029417613337728243,165,165,0.47998954972243957,165.0,0.47998954972243957,161,0.4854835586587097,17
collider,nlg,effect_modifying,2774431793,L2,-1,761,761,2.706357401911956,2.706357401911956,1.0,1.0,0.0,,761,761,2.706357401911956,,,761,2.706357401911956,17
collider,nlg,effect_modifying,2774431793,L2,1,165,165,0.4505719363847113,0.4505719363847113,1.0,1.0,0.0,,165,165,0.4505719363847113,,,165,0.4505719363847113,17
collider,nlg,effect_modifying,794650984,L0,-1,764,764,2.4548481780882456,2.4548481780882456,1.0,1.0,0.0,0.3351276900663658,764,764,2.4548481780882456,764.0,2.4548481780882456,764,2.4548481780882456,18
collider,nlg,effect_modifying,794650984,L0,1,152,152,0.5046532241288526,0.5046532241288526,1.0,1.0,0.10108107676540341,0.10873572023976374,152,152,0.5046532241288526,152.0,0.5046532241288526,152,0.5046532241288526,18
collider,nlg,effect_modifying,794650984,L1-oracle,-1,764,653,2.1202793658004375,2.1202793658004375,0.8547120418848168,1.0,0.023175305029716566,0.000558877778557676,764,764,2.1202793658004375,764.0,2.1202793658004375,653,2.1424940533532872,18
collider,nlg,effect_modifying,794650984,L1-oracle,1,152,110,0.3809599719246549,0.3809599719246549,0.7236842105263158,1.0,0.04441339066646395,-0.014957531964433946,152,152,0.3809599719246549,152.0,0.3809599719246549,110,0.3230086716182163,18
collider,nlg,effect_modifying,794650984,L1-discovered,-1,764,2,1.9568450275663674,1.9568450275663674,0.002617801047120419,1.0,0.3863849600892923,-0.1628754604555125,764,764,1.9568450275663674,764.0,1.9568450275663674,2,0.6712412608290067,18
collider,nlg,effect_modifying,794650984,L1-discovered,1,152,150,0.39910036507579055,0.39910036507579055,0.9868421052631579,1.0,0.030338600911498315,0.003182861186701691,152,152,0.39910036507579055,152.0,0.39910036507579055,150,0.4014681374974097,18
collider,nlg,effect_modifying,794650984,L2,-1,764,764,2.11972048802188,2.11972048802188,1.0,1.0,0.0,,764,764,2.11972048802188,,,764,2.11972048802188,18
collider,nlg,effect_modifying,794650984,L2,1,152,152,0.39591750388908886,0.39591750388908886,1.0,1.0,0.0,,152,152,0.39591750388908886,,,152,0.39591750388908886,18
collider,nlg,effect_modifying,3338799195,L0,-1,748,748,2.4989581467236768,2.4989581467236768,1.0,1.0,0.0,0.3234561040537405,748,748,2.4989581467236768,748.0,2.4989581467236768,748,2.4989581467236768,19
collider,nlg,effect_modifying,3338799195,L0,1,147,147,0.46791166707259263,0.46791166707259263,1.0,1.0,0.1222536536139227,0.1149992458205416,147,147,0.46791166707259263,147.0,0.46791166707259263,147,0.46791166707259263,19
collider,nlg,effect_modifying,3338799195,L1-oracle,-1,748,748,2.3265451997686313,2.3265451997686313,1.0,1.0,0.3545851972247735,0.15104315709869498,748,748,2.3265451997686313,748.0,2.3265451997686313,748,2.3265451997686313,19
collider,nlg,effect_modifying,3338799195,L1-oracle,1,147,141,0.3520949487389932,0.3520949487389932,0.9591836734693877,1.0,0.009424603746895088,-0.0008174725130578042,147,147,0.3520949487389932,147.0,0.3520949487389932,141,0.3463757802229501,19
collider,nlg,effect_modifying,3338799195,L1-discovered,-1,748,79,2.081860736230687,2.081860736230687,0.10561497326203209,1.0,0.21808153831232271,-0.0936413064392494,748,748,2.081860736230687,748.0,2.081860736230687,79,1.7020351844161463,19
collider,nlg,effect_modifying,3338799195,L1-discovered,1,147,147,0.38117408707217226,0.38117408707217226,1.0,1.0,0.08205989886812641,0.02826166582012124,147,147,0.38117408707217226,147.0,0.38117408707217226,147,0.38117408707217226,19
collider,nlg,effect_modifying,3338799195,L2,-1,748,748,2.1755020426699363,2.1755020426699363,1.0,1.0,0.0,,748,748,2.1755020426699363,,,748,2.1755020426699363,19
collider,nlg,effect_modifying,3338799195,L2,1,147,147,0.352912421252051,0.352912421252051,1.0,1.0,0.0,,147,147,0.352912421252051,,,147,0.352912421252051,19
chain,linear,additive,3134173889,L0,-1,761,761,2.8619128209338665,2.8619128209338665,1.0,1.0,0.0,0.19389409390423484,761,761,2.8619128209338665,761.0,2.8619128209338665,761,2.8619128209338665,0
chain,linear,additive,3134173889,L0,1,143,143,0.4880209651067645,0.4880209651067645,1.0,1.0,0.062123276624795117,0.04279350411571392,143,143,0.4880209651067645,143.0,0.4880209651067645,143,0.4880209651067645,0
chain,linear,additive,3134173889,L1-oracle,-1,761,761,2.7229057145103908,2.7229057145103908,1.0,1.0,0.10168605844900815,0.05488698748075915,761,761,2.7229057145103908,761.0,2.7229057145103908,761,2.7229057145103908,0
chain,linear,additive,3134173889,L1-oracle,1,143,143,0.44977499916529345,0.44977499916529345,1.0,1.0,0.015096759759283505,0.00454753817424286,143,143,0.44977499916529345,143.0,0.44977499916529345,143,0.44977499916529345,0
chain,linear,additive,3134173889,L1-discovered,-1,761,761,2.7229057145103908,2.7229057145103908,1.0,1.0,0.10168605844900815,0.05488698748075915,761,761,2.7229057145103908,761.0,2.7229057145103908,761,2.7229057145103908,0
chain,linear,additive,3134173889,L1-discovered,1,143,143,0.44977499916529345,0.44977499916529345,1.0,1.0,0.015096759759283625,0.00454753817424286,143,143,0.44977499916529345,143.0,0.44977499916529345,143,0.44977499916529345,0
chain,linear,additive,3134173889,L2,-1,761,761,2.6680187270296316,2.6680187270296316,1.0,1.0,0.0,,761,761,2.6680187270296316,,,761,2.6680187270296316,0
chain,linear,additive,3134173889,L2,1,143,143,0.4452274609910506,0.4452274609910506,1.0,1.0,0.0,,143,143,0.4452274609910506,,,143,0.4452274609910506,0
chain,linear,additive,3888140183,L0,-1,717,717,2.9684526449212614,2.9684526449212614,1.0,1.0,0.0,0.10895000440637492,717,717,2.9684526449212614,717.0,2.9684526449212614,717,2.9684526449212614,1
chain,linear,additive,3888140183,L0,1,160,160,0.5269569961279995,0.5269569961279995,1.0,1.0,0.04819166384353361,0.034415474340005414,160,160,0.5269569961279995,160.0,0.5269569961279995,160,0.5269569961279995,1
chain,linear,additive,3888140183,L1-oracle,-1,717,611,2.896890323105913,2.896890323105913,0.8521617852161785,1.0,0.04651550004192965,0.03738768259102665,717,717,2.896890323105913,717.0,2.896890323105913,611,2.845750766364858,1
chain,linear,additive,3888140183,L1-oracle,1,160,158,0.49533721671444014,0.49533721671444014,0.9875,1.0,0.007384690474693342,0.0027956949264460462,160,160,0.49533721671444014,160.0,0.49533721671444014,158,0.49423190088317126,1
chain,linear,additive,3888140183,L1-discovered,-1,717,611,2.896890323105913,2.896890323105913,0.8521617852161785,1.0,0.04651550004192965,0.03738768259102665,717,717,2.896890323105913,717.0,2.896890323105913,611,2.845750766364858,1
chain,linear,additive,3888140183,L1-discovered,1,160,158,0.49533721671444014,0.49533721671444014,0.9875,1.0,0.007384690474693342,0.0027956949264460462,160,160,0.49533721671444014,160.0,0.49533721671444014,158,0.49423190088317126,1
chain,linear,additive,3888140183,L2,-1,717,717,2.8595026405148865,2.8595026405148865,1.0,1.0,0.0,,717,717,2.8595026405148865,,,717,2.8595026405148865,1
chain,linear,additive,3888140183,L2,1,160,160,0.4925415217879941,0.4925415217879941,1.0,1.0,0.0,,160,160,0.4925415217879941,,,160,0.4925415217879941,1
chain,linear,additive,242446310,L0,-1,743,743,2.943750743503466,2.943750743503466,1.0,1.0,0.0,0.13120929661505487,743,743,2.943750743503466,743.0,2.943750743503466,743,2.943750743503466,2
chain,linear,additive,242446310,L0,1,177,177,0.5247792853350189,0.5247792853350189,1.0,1.0,0.04778049625914891,0.03616360020310844,177,177,0.5247792853350189,177.0,0.5247792853350189,177,0.5247792853350189,2
chain,linear,additive,242446310,L1-oracle,-1,743,358,2.7791411578467837,2.7791411578467837,0.48183041722745623,1.0,0.058975219654288084,-0.033400289041627396,743,743,2.7791411578467837,743.0,2.7791411578467837,358,2.6199558282859936,2
chain,linear,additive,242446310,L1-oracle,1,177,159,0.4825023938189841,0.4825023938189841,0.8983050847457628,1.0,0.006333999151170349,-0.006113291312926428,177,177,0.4825023938189841,177.0,0.4825023938189841,159,0.4348363702773472,2
chain,linear,additive,242446310,L1-discovered,-1,743,358,2.7791411578467837,2.7791411578467837,0.48183041722745623,1.0,0.058975219654288084,-0.033400289041627396,743,743,2.7791411578467837,743.0,2.7791411578467837,358,2.6199558282859936,2
chain,linear,additive,242446310,L1-discovered,1,177,159,0.4825023938189841,0.4825023938189841,0.8983050847457628,1.0,0.006333999151170349,-0.006113291312926428,177,177,0.4825023938189841,177.0,0.4825023938189841,159,0.4348363702773472,2
chain,linear,additive,242446310,L2,-1,743,743,2.812541446888411,2.812541446888411,1.0,1.0,0.0,,743,743,2.812541446888411,,,743,2.812541446888411,2
chain,linear,additive,242446310,L2,1,177,177,0.4886156851319105,0.4886156851319105,1.0,1.0,0.0,,177,177,0.4886156851319105,,,177,0.4886156851319105,2
chain,linear,additive,1421188080,L0,-1,732,732,3.0132930315196553,3.0132930315196553,1.0,1.0,0.0,0.10752343294827016,732,732,3.0132930315196553,732.0,3.0132930315196553,732,3.0132930315196553,3
chain,linear,additive,1421188080,L0,1,166,166,0.547897444843635,0.547897444843635,1.0,1.0,0.04403031893139294,0.03929149887456884,166,166,0.547897444843635,166.0,0.547897444843635,166,0.547897444843635,3
chain,linear,additive,1421188080,L1-oracle,-1,732,127,2.8519839088841485,2.8519839088841485,0.17349726775956284,1.0,0.10119694719730202,-0.053785689687236626,732,732,2.8519839088841485,732.0,2.8519839088841485,127,2.348361115912223,3
chain,linear,additive,1421188080,L1-oracle,1,166,143,0.5010562960785804,0.5010562960785804,0.8614457831325302,1.0,0.014110842623940557,-0.007549649890485788,166,166,0.5010562960785804,166.0,0.5010562960785804,143,0.4472583148253549,3
chain,linear,additive,1421188080,L1-discovered,-1,732,127,2.8519839088841485,2.8519839088841485,0.17349726775956284,1.0,0.10119694719730202,-0.053785689687236626,732,732,2.8519839088841485,732.0,2.8519839088841485,127,2.348361115912223,3
chain,linear,additive,1421188080,L1-discovered,1,166,143,0.5010562960785804,0.5010562960785804,0.8614457831325302,1.0,0.014110842623940557,-0.007549649890485788,166,166,0.5010562960785804,166.0,0.5010562960785804,143,0.4472583148253549,3
chain,linear,additive,1421188080,L2,-1,732,732,2.905769598571385,2.905769598571385,1.0,1.0,0.0,,732,732,2.905769598571385,,,732,2.905769598571385,3
chain,linear,additive,1421188080,L2,1,166,166,0.5086059459690662,0.5086059459690662,1.0,1.0,0.0,,166,166,0.5086059459690662,,,166,0.5086059459690662,3
chain,linear,additive,2507512415,L0,-1,745,745,2.831112352794259,2.831112352794259,1.0,1.0,0.00015471997939280304,0.18615481095185293,745,745,2.831112352794259,745.0,2.831112352794259,745,2.831112352794259,4
chain,linear,additive,2507512415,L0,1,145,145,0.49239646074358384,0.49239646074358384,1.0,1.0,0.08036562409708811,0.04333570224251537,145,145,0.49239646074358384,145.0,0.49239646074358384,145,0.49239646074358384,4
chain,linear,additive,2507512415,L1-oracle,-1,745,348,2.6290074941089125,2.6290074941089125,0.4671140939597315,1.0,0.09075939481751762,-0.015950047733493733,745,745,2.6290074941089125,745.0,2.6290074941089125,348,2.377124612807605,4
chain,linear,additive,2507512415,L1-oracle,1,145,138,0.447933235830297,0.447933235830297,0.9517241379310345,1.0,0.012183757950342374,-0.0011275226707714858,145,145,0.447933235830297,145.0,0.447933235830297,138,0.4160435401856216,4
chain,linear,additive,2507512415,L1-discovered,-1,745,348,2.6290074941089125,2.6290074941089125,0.4671140939597315,1.0,0.09075939481751763,-0.015950047733493733,745,745,2.6290074941089125,745.0,2.6290074941089125,348,2.377124612807605,4
chain,linear,additive,2507512415,L1-discovered,1,145,138,0.447933235830297,0.447933235830297,0.9517241379310345,1.0,0.012183757950342374,-0.0011275226707714858,145,145,0.447933235830297,145.0,0.447933235830297,138,0.4160435401856216,4
chain,linear,additive,2507512415,L2,-1,745,745,2.6449575418424063,2.6449575418424063,1.0,1.0,0.0,,745,745,2.6449575418424063,,,745,2.6449575418424063,4
chain,linear,additive,2507512415,L2,1,145,145,0.44906075850106847,0.44906075850106847,1.0,1.0,0.0,,145,145,0.44906075850106847,,,145,0.44906075850106847,4
chain,linear,additive,2830493979,L0,-1,732,732,2.911872730895446,2.911872730895446,1.0,1.0,0.00015448530395172584,0.18206527348991708,732,732,2.911872730895446,732.0,2.911872730895446,732,2.911872730895446,5
chain,linear,additive,2830493979,L0,1,195,195,0.45845958154444866,0.45845958154444866,1.0,1.0,0.06750533943361442,0.035301651752050134,195,195,0.45845958154444866,195.0,0.45845958154444866,195,0.45845958154444866,5
chain,linear,additive,2830493979,L1-oracle,-1,732,732,2.756147435209044,2.756147435209044,1.0,1.0,0.05267724146373348,0.026339977803514714,732,732,2.756147435209044,732.0,2.756147435209044,732,2.756147435209044,5
chain,linear,additive,2830493979,L1-oracle,1,195,195,0.4266845837740901,0.4266845837740901,1.0,1.0,0.008370190662013345,0.003526653981691552,195,195,0.4266845837740901,195.0,0.4266845837740901,195,0.4266845837740901,5
chain,linear,additive,2830493979,L1-discovered,-1,732,732,2.756147435209044,2.756147435209044,1.0,1.0,0.05267724146373348,0.026339977803514714,732,732,2.756147435209044,732.0,2.756147435209044,732,2.756147435209044,5
chain,linear,additive,2830493979,L1-discovered,1,195,195,0.4266845837740901,0.4266845837740901,1.0,1.0,0.008370190662013345,0.003526653981691552,195,195,0.4266845837740901,195.0,0.4266845837740901,195,0.4266845837740901,5
chain,linear,additive,2830493979,L2,-1,732,732,2.729807457405529,2.729807457405529,1.0,1.0,0.0,,732,732,2.729807457405529,,,732,2.729807457405529,5
chain,linear,additive,2830493979,L2,1,195,195,0.4231579297923985,0.4231579297923985,1.0,1.0,0.0,,195,195,0.4231579297923985,,,195,0.4231579297923985,5
chain,linear,additive,1162261060,L0,-1,752,752,2.8367786294730513,2.8367786294730513,1.0,1.0,0.0,0.10226905811521547,752,752,2.8367786294730513,752.0,2.8367786294730513,752,2.8367786294730513,6
chain,linear,additive,1162261060,L0,1,138,138,0.4836453686872999,0.4836453686872999,1.0,1.0,0.024926868560601022,0.029622761657211283,138,138,0.4836453686872999,138.0,0.4836453686872999,138,0.4836453686872999,6
chain,linear,additive,1162261060,L1-oracle,-1,752,457,2.716039714001679,2.716039714001679,0.6077127659574468,1.0,0.031190570909614197,-0.018469857356156805,752,752,2.716039714001679,752.0,2.716039714001679,457,2.5851093265445804,6
chain,linear,additive,1162261060,L1-oracle,1,138,137,0.4540213835672997,0.4540213835672997,0.9927536231884058,1.0,0.0034822062812641546,-1.2234627889129435e-06,138,138,0.4540213835672997,138.0,0.4540213835672997,137,0.4489686193948128,6
chain,linear,additive,1162261060,L1-discovered,-1,752,457,2.716039714001679,2.716039714001679,0.6077127659574468,1.0,0.031190570909614197,-0.018469857356156805,752,752,2.716039714001679,752.0,2.716039714001679,457,2.5851093265445804,6
chain,linear,additive,1162261060,L1-discovered,1,138,137,0.4540213835672997,0.4540213835672997,0.9927536231884058,1.0,0.003482206281264221,-1.2234627889129435e-06,138,138,0.4540213835672997,138.0,0.4540213835672997,137,0.4489686193948128,6
chain,linear,additive,1162261060,L2,-1,752,752,2.734509571357836,2.734509571357836,1.0,1.0,0.0,,752,752,2.734509571357836,,,752,2.734509571357836,6
chain,linear,additive,1162261060,L2,1,138,138,0.4540226070300886,0.4540226070300886,1.0,1.0,0.0,,138,138,0.4540226070300886,,,138,0.4540226070300886,6
chain,linear,additive,3312119525,L0,-1,758,758,2.543299934736805,2.543299934736805,1.0,1.0,0.043383152905153884,0.11940994064462718,758,758,2.543299934736805,758.0,2.543299934736805,758,2.543299934736805,7
chain,linear,additive,3312119525,L0,1,157,157,0.46340364464759165,0.46340364464759165,1.0,1.0,0.14647282458717065,0.01553283685675394,157,157,0.46340364464759165,157.0,0.46340364464759165,157,0.46340364464759165,7
chain,linear,additive,3312119525,L1-oracle,-1,758,758,2.4263191753506184,2.4263191753506184,1.0,1.0,0.013329036172731975,0.0024291812584404937,758,758,2.4263191753506184,758.0,2.4263191753506184,758,2.4263191753506184,7
chain,linear,additive,3312119525,L1-oracle,1,157,157,0.44916823743610884,0.44916823743610884,1.0,1.0,0.0034536962385886675,0.001297429645271131,157,157,0.44916823743610884,157.0,0.44916823743610884,157,0.44916823743610884,7
chain,linear,additive,3312119525,L1-discovered,-1,758,727,2.4221117632024525,2.4221117632024525,0.9591029023746702,1.0,0.013016332871436782,-0.0017782308897253962,758,758,2.4221117632024525,758.0,2.4221117632024525,727,2.4179433495211238,7
chain,linear,additive,3312119525,L1-discovered,1,157,156,0.4480717091895011,0.4480717091895011,0.9936305732484076,1.0,0.008268675847870416,0.00020090139866341117,157,157,0.4480717091895011,157.0,0.4480717091895011,156,0.4456969345639216,7
chain,linear,additive,3312119525,L2,-1,758,758,2.423889994092178,2.423889994092178,1.0,1.0,0.0,,758,758,2.423889994092178,,,758,2.423889994092178,7
chain,linear,additive,3312119525,L2,1,157,157,0.4478708077908377,0.4478708077908377,1.0,1.0,0.0,,157,157,0.4478708077908377,,,157,0.4478708077908377,7
chain,linear,additive,3527135551,L0,-1,791,791,2.793331138595303,2.793331138595303,1.0,1.0,0.0,0.1422022193307244,791,791,2.793331138595303,791.0,2.793331138595303,791,2.793331138595303,8
chain,linear,additive,3527135551,L0,1,112,112,0.47077575384376197,0.47077575384376197,1.0,1.0,0.05838829937588841,0.039373035093808406,112,112,0.47077575384376197,112.0,0.47077575384376197,112,0.47077575384376197,8
chain,linear,additive,3527135551,L1-oracle,-1,791,785,2.6656202947824523,2.6656202947824523,0.9924146649810367,1.0,0.02747970180329715,0.014491375517873717,791,791,2.6656202947824523,791.0,2.6656202947824523,785,2.6703922601895553,8
chain,linear,additive,3527135551,L1-oracle,1,112,111,0.4338103140263911,0.4338103140263911,0.9910714285714286,1.0,0.0034469086163182853,0.002407595276437524,112,112,0.4338103140263911,112.0,0.4338103140263911,111,0.43486313984406244,8
chain,linear,additive,3527135551,L1-discovered,-1,791,785,2.6656202947824523,2.6656202947824523,0.9924146649810367,1.0,0.02747970180329715,0.014491375517873717,791,791,2.6656202947824523,791.0,2.6656202947824523,785,2.6703922601895553,8
chain,linear,additive,3527135551,L1-discovered,1,112,111,0.4338103140263911,0.4338103140263911,0.9910714285714286,1.0,0.0034469086163182853,0.002407595276437524,112,112,0.4338103140263911,112.0,0.4338103140263911,111,0.43486313984406244,8
chain,linear,additive,3527135551,L2,-1,791,791,2.6511289192645786,2.6511289192645786,1.0,1.0,0.0,,791,791,2.6511289192645786,,,791,2.6511289192645786,8
chain,linear,additive,3527135551,L2,1,112,112,0.43140271874995356,0.43140271874995356,1.0,1.0,0.0,,112,112,0.43140271874995356,,,112,0.43140271874995356,8
chain,linear,additive,2727678368,L0,-1,711,711,3.013244261628587,3.013244261628587,1.0,1.0,0.0003155809170174024,0.17904479434167353,711,711,3.013244261628587,711.0,3.013244261628587,711,3.013244261628587,9
chain,linear,additive,2727678368,L0,1,191,191,0.4837472655866924,0.4837472655866924,1.0,1.0,0.06110682441639708,0.03865687086661351,191,191,0.4837472655866924,191.0,0.4837472655866924,191,0.4837472655866924,9
chain,linear,additive,2727678368,L1-oracle,-1,711,711,2.8740492616023143,2.8740492616023143,1.0,1.0,0.08868579509845508,0.03984979431540081,711,711,2.8740492616023143,711.0,2.8740492616023143,711,2.8740492616023143,9
chain,linear,additive,2727678368,L1-oracle,1,191,191,0.452041001341094,0.452041001341094,1.0,1.0,0.010332175705072853,0.0069506066210150985,191,191,0.452041001341094,191.0,0.452041001341094,191,0.452041001341094,9
chain,linear,additive,2727678368,L1-discovered,-1,711,711,2.8740492616023143,2.8740492616023143,1.0,1.0,0.08868579509845508,0.03984979431540081,711,711,2.8740492616023143,711.0,2.8740492616023143,711,2.8740492616023143,9
chain,linear,additive,2727678368,L1-discovered,1,191,191,0.452041001341094,0.452041001341094,1.0,1.0,0.010332175705072853,0.0069506066210150985,191,191,0.452041001341094,191.0,0.452041001341094,191,0.452041001341094,9
chain,linear,additive,2727678368,L2,-1,711,711,2.8341994672869135,2.8341994672869135,1.0,1.0,0.0,,711,711,2.8341994672869135,,,711,2.8341994672869135,9
chain,linear,additive,2727678368,L2,1,191,191,0.4450903947200789,0.4450903947200789,1.0,1.0,0.0,,191,191,0.4450903947200789,,,191,0.4450903947200789,9
chain,linear,additive,2186263937,L0,-1,730,730,2.8645281882285305,2.8645281882285305,1.0,1.0,0.0,0.010675835833203529,730,730,2.8645281882285305,730.0,2.8645281882285305,730,2.8645281882285305,10
chain,linear,additive,2186263937,L0,1,169,169,0.521998668644634,0.521998668644634,1.0,1.0,0.041800644448885704,0.019593112206591323,169,169,0.521998668644634,169.0,0.521998668644634,169,0.521998668644634,10
chain,linear,additive,2186263937,L1-oracle,-1,730,452,2.8336482212386978,2.8336482212386978,0.6191780821917808,1.0,0.04884871750072696,-0.020204131156629224,730,730,2.8336482212386978,730.0,2.8336482212386978,452,2.7658991692970054,10
chain,linear,additive,2186263937,L1-oracle,1,169,159,0.5032640194169039,0.5032640194169039,0.9408284023668639,1.0,0.008322820923263492,0.0008584629788612741,169,169,0.5032640194169039,169.0,0.5032640194169039,159,0.5029170967867289,10
chain,linear,additive,2186263937,L1-discovered,-1,730,452,2.8336482212386978,2.8336482212386978,0.6191780821917808,1.0,0.04884871750072696,-0.020204131156629224,730,730,2.8336482212386978,730.0,2.8336482212386978,452,2.7658991692970054,10
chain,linear,additive,2186263937,L1-discovered,1,169,159,0.5032640194169039,0.5032640194169039,0.9408284023668639,1.0,0.008322820923263492,0.0008584629788612741,169,169,0.5032640194169039,169.0,0.5032640194169039,159,0.5029170967867289,10
chain,linear,additive,2186263937,L2,-1,730,730,2.853852352395327,2.853852352395327,1.0,1.0,0.0,,730,730,2.853852352395327,,,730,2.853852352395327,10
chain,linear,additive,2186263937,L2,1,169,169,0.5024055564380426,0.5024055564380426,1.0,1.0,0.0,,169,169,0.5024055564380426,,,169,0.5024055564380426,10
chain,linear,additive,3073006032,L0,-1,726,726,2.908618851802303,2.908618851802303,1.0,1.0,0.0,0.19668062551535614,726,726,2.908618851802303,726.0,2.908618851802303,726,2.908618851802303,11
chain,linear,additive,3073006032,L0,1,174,174,0.4688009222581687,0.4688009222581687,1.0,1.0,0.06754140493900082,0.03855881795689181,174,174,0.4688009222581687,174.0,0.4688009222581687,174,0.4688009222581687,11
chain,linear,additive,3073006032,L1-oracle,-1,726,363,2.6876112963275447,2.6876112963275447,0.5,1.0,0.055998336696080016,-0.02432692995940222,726,726,2.6876112963275447,726.0,2.6876112963275447,363,2.5463278180839435,11
chain,linear,additive,3073006032,L1-oracle,1,174,168,0.4284615242113179,0.4284615242113179,0.9655172413793104,1.0,0.008939998358416532,-0.0017805800899590163,174,174,0.4284615242113179,174.0,0.4284615242113179,168,0.41753836978332126,11
chain,linear,additive,3073006032,L1-discovered,-1,726,363,2.6876112963275447,2.6876112963275447,0.5,1.0,0.055998336696080016,-0.02432692995940222,726,726,2.6876112963275447,726.0,2.6876112963275447,363,2.5463278180839435,11
chain,linear,additive,3073006032,L1-discovered,1,174,168,0.4284615242113179,0.4284615242113179,0.9655172413793104,1.0,0.008939998358416532,-0.0017805800899590163,174,174,0.4284615242113179,174.0,0.4284615242113179,168,0.41753836978332126,11
chain,linear,additive,3073006032,L2,-1,726,726,2.711938226286947,2.711938226286947,1.0,1.0,0.0,,726,726,2.711938226286947,,,726,2.711938226286947,11
chain,linear,additive,3073006032,L2,1,174,174,0.4302421043012769,0.4302421043012769,1.0,1.0,0.0,,174,174,0.4302421043012769,,,174,0.4302421043012769,11
chain,linear,additive,2400372293,L0,-1,731,731,2.886548411598281,2.886548411598281,1.0,1.0,0.0,0.028580519165469553,731,731,2.886548411598281,731.0,2.886548411598281,731,2.886548411598281,12
chain,linear,additive,2400372293,L0,1,187,187,0.5052023190980994,0.5052023190980994,1.0,1.0,0.04817100687742855,0.021643780802862944,187,187,0.5052023190980994,187.0,0.5052023190980994,187,0.5052023190980994,12
chain,linear,additive,2400372293,L1-oracle,-1,731,723,2.8703670315625076,2.8703670315625076,0.9890560875512996,1.0,0.02375321195460502,0.012399139129696035,731,731,2.8703670315625076,731.0,2.8703670315625076,723,2.8815277221284163,12
chain,linear,additive,2400372293,L1-oracle,1,187,181,0.4832117617826931,0.4832117617826931,0.9679144385026738,1.0,0.004618514246749466,-0.0003467765125433897,187,187,0.4832117617826931,187.0,0.4832117617826931,181,0.4722191702226097,12
chain,linear,additive,2400372293,L1-discovered,-1,731,723,2.8703670315625076,2.8703670315625076,0.9890560875512996,1.0,0.02375321195460502,0.012399139129696035,731,731,2.8703670315625076,731.0,2.8703670315625076,723,2.8815277221284163,12
chain,linear,additive,2400372293,L1-discovered,1,187,181,0.4832117617826931,0.4832117617826931,0.9679144385026738,1.0,0.004618514246749466,-0.0003467765125433897,187,187,0.4832117617826931,187.0,0.4832117617826931,181,0.4722191702226097,12
chain,linear,additive,2400372293,L2,-1,731,731,2.8579678924328116,2.8579678924328116,1.0,1.0,0.0,,731,731,2.8579678924328116,,,731,2.8579678924328116,12
chain,linear,additive,2400372293,L2,1,187,187,0.4835585382952365,0.4835585382952365,1.0,1.0,0.0,,187,187,0.4835585382952365,,,187,0.4835585382952365,12
chain,linear,additive,14143617,L0,-1,752,752,2.800679195137705,2.800679195137705,1.0,1.0,0.0,0.09146406171073007,752,752,2.800679195137705,752.0,2.800679195137705,752,2.800679195137705,13
chain,linear,additive,14143617,L0,1,157,157,0.49129672485109477,0.49129672485109477,1.0,1.0,0.08553403850573,0.01673645723699474,157,157,0.49129672485109477,157.0,0.49129672485109477,157,0.49129672485109477,13
chain,linear,additive,14143617,L1-oracle,-1,752,694,2.705457346799739,2.705457346799739,0.9228723404255319,1.0,0.013551235051042583,-0.003757786627235582,752,752,2.705457346799739,752.0,2.705457346799739,694,2.677172163524381,13
chain,linear,additive,14143617,L1-oracle,1,157,156,0.4743115651661759,0.4743115651661759,0.9936305732484076,1.0,0.0028003684674298974,-0.00024870244792413176,157,157,0.4743115651661759,157.0,0.4743115651661759,156,0.46712385866488926,13
chain,linear,additive,14143617,L1-discovered,-1,752,694,2.705457346799739,2.705457346799739,0.9228723404255319,1.0,0.013551235051042583,-0.003757786627235582,752,752,2.705457346799739,752.0,2.705457346799739,694,2.677172163524381,13
chain,linear,additive,14143617,L1-discovered,1,157,156,0.4743115651661759,0.4743115651661759,0.9936305732484076,1.0,0.0028003684674299347,-0.00024870244792413176,157,157,0.4743115651661759,157.0,0.4743115651661759,156,0.46712385866488926,13
chain,linear,additive,14143617,L2,-1,752,752,2.7092151334269747,2.7092151334269747,1.0,1.0,0.0,,752,752,2.7092151334269747,,,752,2.7092151334269747,13
chain,linear,additive,14143617,L2,1,157,157,0.47456026761410003,0.47456026761410003,1.0,1.0,0.0,,157,157,0.47456026761410003,,,157,0.47456026761410003,13
chain,linear,additive,1350438117,L0,-1,732,732,2.860126942598114,2.860126942598114,1.0,1.0,0.0,0.18716047874147446,732,732,2.860126942598114,732.0,2.860126942598114,732,2.860126942598114,14
chain,linear,additive,1350438117,L0,1,176,176,0.4924362255918464,0.4924362255918464,1.0,1.0,0.04920581638326344,0.032091907038642065,176,176,0.4924362255918464,176.0,0.4924362255918464,176,0.4924362255918464,14
chain,linear,additive,1350438117,L1-oracle,-1,732,732,2.6981924170225198,2.6981924170225198,1.0,1.0,0.045109486487949185,0.025225953165880277,732,732,2.6981924170225198,732.0,2.6981924170225198,732,2.6981924170225198,14
chain,linear,additive,1350438117,L1-oracle,1,176,176,0.46269483035031805,0.46269483035031805,1.0,1.0,0.005873615885811515,0.002350511797113708,176,176,0.46269483035031805,176.0,0.46269483035031805,176,0.46269483035031805,14
chain,linear,additive,1350438117,L1-discovered,-1,732,732,2.6981924170225198,2.6981924170225198,1.0,1.0,0.045109486487949185,0.025225953165880277,732,732,2.6981924170225198,732.0,2.6981924170225198,732,2.6981924170225198,14
chain,linear,additive,1350438117,L1-discovered,1,176,176,0.46269483035031805,0.46269483035031805,1.0,1.0,0.005873615885811515,0.002350511797113708,176,176,0.46269483035031805,176.0,0.46269483035031805,176,0.46269483035031805,14
chain,linear,additive,1350438117,L2,-1,732,732,2.6729664638566395,2.6729664638566395,1.0,1.0,0.0,,732,732,2.6729664638566395,,,732,2.6729664638566395,14
chain,linear,additive,1350438117,L2,1,176,176,0.46034431855320435,0.46034431855320435,1.0,1.0,0.0,,176,176,0.46034431855320435,,,176,0.46034431855320435,14
chain,linear,additive,801569728,L0,-1,770,770,2.7463544600606213,2.7463544600606213,1.0,1.0,0.0001482247487831623,0.1764097492308898,770,770,2.7463544600606213,770.0,2.7463544600606213,770,2.7463544600606213,15
chain,linear,additive,801569728,L0,1,133,133,0.4559439635100809,0.4559439635100809,1.0,1.0,0.06224950867724056,0.02702964079568987,133,133,0.4559439635100809,133.0,0.4559439635100809,133,0.4559439635100809,15
chain,linear,additive,801569728,L1-oracle,-1,770,770,2.6495455980108926,2.6495455980108926,1.0,1.0,0.14711676210276708,0.0796008871811611,770,770,2.6495455980108926,770.0,2.6495455980108926,770,2.6495455980108926,15
chain,linear,additive,801569728,L1-oracle,1,133,133,0.43595465091325725,0.43595465091325725,1.0,1.0,0.01784842001847241,0.007040328198866241,133,133,0.43595465091325725,133.0,0.43595465091325725,133,0.43595465091325725,15
chain,linear,additive,801569728,L1-discovered,-1,770,770,2.6495455980108926,2.6495455980108926,1.0,1.0,0.14711676210276708,0.0796008871811611,770,770,2.6495455980108926,770.0,2.6495455980108926,770,2.6495455980108926,15
chain,linear,additive,801569728,L1-discovered,1,133,133,0.43595465091325725,0.43595465091325725,1.0,1.0,0.01784842001847241,0.007040328198866241,133,133,0.43595465091325725,133.0,0.43595465091325725,133,0.43595465091325725,15
chain,linear,additive,801569728,L2,-1,770,770,2.5699447108297315,2.5699447108297315,1.0,1.0,0.0,,770,770,2.5699447108297315,,,770,2.5699447108297315,15
chain,linear,additive,801569728,L2,1,133,133,0.428914322714391,0.428914322714391,1.0,1.0,0.0,,133,133,0.428914322714391,,,133,0.428914322714391,15
chain,linear,additive,3819681627,L0,-1,759,759,2.7981479204949538,2.7981479204949538,1.0,1.0,0.0,0.13536737627387474,759,759,2.7981479204949538,759.0,2.7981479204949538,759,2.7981479204949538,16
chain,linear,additive,3819681627,L0,1,128,128,0.4940975169946473,0.4940975169946473,1.0,1.0,0.06105843858963651,0.03402571087307349,128,128,0.4940975169946473,128.0,0.4940975169946473,128,0.4940975169946473,16
chain,linear,additive,3819681627,L1-oracle,-1,759,621,2.654210458633271,2.654210458633271,0.8181818181818182,1.0,0.019064228932351733,-0.00857008558780814,759,759,2.654210458633271,759.0,2.654210458633271,621,2.601688583990637,16
chain,linear,additive,3819681627,L1-oracle,1,128,126,0.45909173696399813,0.45909173696399813,0.984375,1.0,0.00390119430725854,-0.0009800691575757026,128,128,0.45909173696399813,128.0,0.45909173696399813,126,0.45987132124720087,16
chain,linear,additive,3819681627,L1-discovered,-1,759,621,2.654223559386659,2.654223559386659,0.8181818181818182,1.0,0.019138581734242918,-0.0085569848344198,759,759,2.654223559386659,759.0,2.654223559386659,621,2.6017045960225564,16
chain,linear,additive,3819681627,L1-discovered,1,128,126,0.46337183523588743,0.46337183523588743,0.984375,1.0,0.0103972086646845,0.0033000291143135962,128,128,0.46337183523588743,128.0,0.46337183523588743,126,0.464219357586898,16
chain,linear,additive,3819681627,L2,-1,759,759,2.662780544221079,2.662780544221079,1.0,1.0,0.0,,759,759,2.662780544221079,,,759,2.662780544221079,16
chain,linear,additive,3819681627,L2,1,128,128,0.46007180612157383,0.46007180612157383,1.0,1.0,0.0,,128,128,0.46007180612157383,,,128,0.46007180612157383,16
chain,linear,additive,2774431793,L0,-1,761,761,2.8181841716978275,2.8181841716978275,1.0,1.0,0.0,0.05672648960387905,761,761,2.8181841716978275,761.0,2.8181841716978275,761,2.8181841716978275,17
chain,linear,additive,2774431793,L0,1,154,154,0.5103847294671605,0.5103847294671605,1.0,1.0,0.04169092435273875,0.020317897509562977,154,154,0.5103847294671605,154.0,0.5103847294671605,154,0.5103847294671605,17
chain,linear,additive,2774431793,L1-oracle,-1,761,489,2.7414338811011025,2.7414338811011025,0.6425755584756899,1.0,0.05931443609809709,-0.020023800992845953,761,761,2.7414338811011025,761.0,2.7414338811011025,489,2.672082957103537,17
chain,linear,additive,2774431793,L1-oracle,1,154,140,0.48450194082716047,0.48450194082716047,0.9090909090909091,1.0,0.01051333993355082,-0.005564891130437066,154,154,0.48450194082716047,154.0,0.48450194082716047,140,0.4682281361516914,17
chain,linear,additive,2774431793,L1-discovered,-1,761,489,2.7414338811011025,2.7414338811011025,0.6425755584756899,1.0,0.05931443609809709,-0.020023800992845953,761,761,2.7414338811011025,761.0,2.7414338811011025,489,2.672082957103537,17
chain,linear,additive,2774431793,L1-discovered,1,154,140,0.48450194082716047,0.48450194082716047,0.9090909090909091,1.0,0.010513339933550742,-0.005564891130437066,154,154,0.48450194082716047,154.0,0.48450194082716047,140,0.4682281361516914,17
chain,linear,additive,2774431793,L2,-1,761,761,2.7614576820939485,2.7614576820939485,1.0,1.0,0.0,,761,761,2.7614576820939485,,,761,2.7614576820939485,17
chain,linear,additive,2774431793,L2,1,154,154,0.49006683195759754,0.49006683195759754,1.0,1.0,0.0,,154,154,0.49006683195759754,,,154,0.49006683195759754,17
chain,linear,additive,794650984,L0,-1,764,764,2.6088474753270448,2.6088474753270448,1.0,1.0,0.0,0.22967237784357675,764,764,2.6088474753270448,764.0,2.6088474753270448,764,2.6088474753270448,18
chain,linear,additive,794650984,L0,1,148,148,0.5112156120388182,0.5112156120388182,1.0,1.0,0.04223471489057492,0.03356600684072658,148,148,0.5112156120388182,148.0,0.5112156120388182,148,0.5112156120388182,18
chain,linear,additive,794650984,L1-oracle,-1,764,359,2.355019979234137,2.355019979234137,0.4698952879581152,1.0,0.049608890285559336,-0.024155118249331142,764,764,2.355019979234137,764.0,2.355019979234137,359,2.135230698152214,18
chain,linear,additive,794650984,L1-oracle,1,148,143,0.4768875623507527,0.4768875623507527,0.9662162162162162,1.0,0.007578709596843663,-0.0007620428473388841,148,148,0.4768875623507527,148.0,0.4768875623507527,143,0.46940709543427683,18
chain,linear,additive,794650984,L1-discovered,-1,764,359,2.355019979234137,2.355019979234137,0.4698952879581152,1.0,0.049608890285559336,-0.024155118249331142,764,764,2.355019979234137,764.0,2.355019979234137,359,2.135230698152214,18
chain,linear,additive,794650984,L1-discovered,1,148,143,0.4768875623507527,0.4768875623507527,0.9662162162162162,1.0,0.0075787095968436104,-0.0007620428473388841,148,148,0.4768875623507527,148.0,0.4768875623507527,143,0.46940709543427683,18
chain,linear,additive,794650984,L2,-1,764,764,2.379175097483468,2.379175097483468,1.0,1.0,0.0,,764,764,2.379175097483468,,,764,2.379175097483468,18
chain,linear,additive,794650984,L2,1,148,148,0.4776496051980916,0.4776496051980916,1.0,1.0,0.0,,148,148,0.4776496051980916,,,148,0.4776496051980916,18
chain,linear,additive,3338799195,L0,-1,748,748,2.803913569468401,2.803913569468401,1.0,1.0,0.0,0.19635775970504898,748,748,2.803913569468401,748.0,2.803913569468401,748,2.803913569468401,19
chain,linear,additive,3338799195,L0,1,135,135,0.489460374343462,0.489460374343462,1.0,1.0,0.08502268089616973,0.04396059187313839,135,135,0.489460374343462,135.0,0.489460374343462,135,0.489460374343462,19
chain,linear,additive,3338799195,L1-oracle,-1,748,662,2.6023079887281035,2.6023079887281035,0.8850267379679144,1.0,0.017664196650419975,-0.005247821035248457,748,748,2.6023079887281035,748.0,2.6023079887281035,662,2.568544308765438,19
chain,linear,additive,3338799195,L1-oracle,1,135,135,0.4461023947509637,0.4461023947509637,1.0,1.0,0.004106663046778132,0.0006026122806400691,135,135,0.4461023947509637,135.0,0.4461023947509637,135,0.4461023947509637,19
chain,linear,additive,3338799195,L1-discovered,-1,748,662,2.6023079887281035,2.6023079887281035,0.8850267379679144,1.0,0.017664196650419968,-0.005247821035248457,748,748,2.6023079887281035,748.0,2.6023079887281035,662,2.568544308765438,19
chain,linear,additive,3338799195,L1-discovered,1,135,135,0.4461023947509637,0.4461023947509637,1.0,1.0,0.004106663046778132,0.0006026122806400691,135,135,0.4461023947509637,135.0,0.4461023947509637,135,0.4461023947509637,19
chain,linear,additive,3338799195,L2,-1,748,748,2.607555809763352,2.607555809763352,1.0,1.0,0.0,,748,748,2.607555809763352,,,748,2.607555809763352,19
chain,linear,additive,3338799195,L2,1,135,135,0.4454997824703236,0.4454997824703236,1.0,1.0,0.0,,135,135,0.4454997824703236,,,135,0.4454997824703236,19
chain,linear,effect_modifying,3134173889,L0,-1,761,761,2.8243380982049993,2.8243380982049993,1.0,1.0,0.0,0.00010051903360119852,761,761,2.8243380982049993,761.0,2.8243380982049993,761,2.8243380982049993,0
chain,linear,effect_modifying,3134173889,L0,1,165,165,0.5181051483052976,0.5181051483052976,1.0,1.0,0.12956092178823467,0.08150700767073105,165,165,0.5181051483052976,165.0,0.5181051483052976,165,0.5181051483052976,0
chain,linear,effect_modifying,3134173889,L1-oracle,-1,761,761,2.8242948176603155,2.8242948176603155,1.0,1.0,0.0001338857327568577,5.723848891747707e-05,761,761,2.8242948176603155,761.0,2.8242948176603155,761,2.8242948176603155,0
chain,linear,effect_modifying,3134173889,L1-oracle,1,165,165,0.4496137754823584,0.4496137754823584,1.0,1.0,0.03208849042690944,0.013015634847791835,165,165,0.4496137754823584,165.0,0.4496137754823584,165,0.4496137754823584,0
chain,linear,effect_modifying,3134173889,L1-discovered,-1,761,0,2.6761126927372603,2.6761126927372603,0.0,1.0,0.552909179512869,-0.1481248864341378,761,761,2.6761126927372603,761.0,2.6761126927372603,0,,0
chain,linear,effect_modifying,3134173889,L1-discovered,1,165,165,0.48826044718746425,0.48826044718746425,1.0,1.0,0.13659501299162605,0.05166230655289766,165,165,0.48826044718746425,165.0,0.48826044718746425,165,0.48826044718746425,0
chain,linear,effect_modifying,3134173889,L2,-1,761,761,2.824237579171398,2.824237579171398,1.0,1.0,0.0,,761,761,2.824237579171398,,,761,2.824237579171398,0
chain,linear,effect_modifying,3134173889,L2,1,165,165,0.4365981406345666,0.4365981406345666,1.0,1.0,0.0,,165,165,0.4365981406345666,,,165,0.4365981406345666,0
chain,linear,effect_modifying,3888140183,L0,-1,717,717,2.932509572754778,2.932509572754778,1.0,1.0,0.0,0.0010923909217370742,717,717,2.932509572754778,717.0,2.932509572754778,717,2.932509572754778,1
chain,linear,effect_modifying,3888140183,L0,1,179,179,0.5730081163179632,0.5730081163179632,1.0,1.0,0.07204349663416176,0.0799073744184301,179,179,0.5730081163179632,179.0,0.5730081163179632,179,0.5730081163179632,1
chain,linear,effect_modifying,3888140183,L1-oracle,-1,717,717,2.932444936422729,2.932444936422729,1.0,1.0,0.00011478979466364118,0.001027754589688179,717,717,2.932444936422729,717.0,2.932444936422729,717,2.932444936422729,1
chain,linear,effect_modifying,3888140183,L1-oracle,1,179,176,0.491700326837492,0.491700326837492,0.9832402234636871,1.0,0.012874539565294515,-0.0014004150620411382,179,179,0.491700326837492,179.0,0.491700326837492,176,0.48175168146237773,1
chain,linear,effect_modifying,3888140183,L1-discovered,-1,717,81,2.867651020180678,2.867651020180678,0.11297071129707113,1.0,0.570646997924149,-0.06376616165236282,717,717,2.867651020180678,717.0,2.867651020180678,81,2.4673849774750556,1
chain,linear,effect_modifying,3888140183,L1-discovered,1,179,179,0.5473564176993606,0.5473564176993606,1.0,1.0,0.08650156874711273,0.054255675799827485,179,179,0.5473564176993606,179.0,0.5473564176993606,179,0.5473564176993606,1
chain,linear,effect_modifying,3888140183,L2,-1,717,717,2.931417181833041,2.931417181833041,1.0,1.0,0.0,,717,717,2.931417181833041,,,717,2.931417181833041,1
chain,linear,effect_modifying,3888140183,L2,1,179,179,0.4931007418995331,0.4931007418995331,1.0,1.0,0.0,,179,179,0.4931007418995331,,,179,0.4931007418995331,1
chain,linear,effect_modifying,242446310,L0,-1,743,743,2.9037116496360307,2.9037116496360307,1.0,1.0,0.0,0.15450903324481935,743,743,2.9037116496360307,743.0,2.9037116496360307,743,2.9037116496360307,2
chain,linear,effect_modifying,242446310,L0,1,200,200,0.5714254786422308,0.5714254786422308,1.0,1.0,0.06498320359359809,0.09421082714313889,200,200,0.5714254786422308,200.0,0.5714254786422308,200,0.5714254786422308,2
chain,linear,effect_modifying,242446310,L1-oracle,-1,743,369,2.7081943379795987,2.7081943379795987,0.49663526244952894,1.0,0.08470602597304323,-0.041008278411612586,743,743,2.7081943379795987,743.0,2.7081943379795987,369,2.608516285579587,2
chain,linear,effect_modifying,242446310,L1-oracle,1,200,199,0.484309241064637,0.484309241064637,0.995,1.0,0.017008003074650925,0.007094589565545095,200,200,0.484309241064637,200.0,0.484309241064637,199,0.4851407663967865,2
chain,linear,effect_modifying,242446310,L1-discovered,-1,743,369,2.7081943379795987,2.7081943379795987,0.49663526244952894,1.0,0.08470602597304323,-0.041008278411612586,743,743,2.7081943379795987,743.0,2.7081943379795987,369,2.608516285579587,2
chain,linear,effect_modifying,242446310,L1-discovered,1,200,185,0.5253786684896308,0.5253786684896308,0.925,1.0,0.05873866664561412,0.04816401699053885,200,200,0.5253786684896308,200.0,0.5253786684896308,185,0.49069078115795395,2
chain,linear,effect_modifying,242446310,L2,-1,743,743,2.7492026163912113,2.7492026163912113,1.0,1.0,0.0,,743,743,2.7492026163912113,,,743,2.7492026163912113,2
chain,linear,effect_modifying,242446310,L2,1,200,200,0.4772146514990919,0.4772146514990919,1.0,1.0,0.0,,200,200,0.4772146514990919,,,200,0.4772146514990919,2
chain,linear,effect_modifying,1421188080,L0,-1,732,732,2.9671026784780996,2.9671026784780996,1.0,1.0,0.0,0.11494787588478417,732,732,2.9671026784780996,732.0,2.9671026784780996,732,2.9671026784780996,3
chain,linear,effect_modifying,1421188080,L0,1,199,199,0.5909069039840477,0.5909069039840477,1.0,1.0,0.06541354625979977,0.08416295575004118,199,199,0.5909069039840477,199.0,0.5909069039840477,199,0.5909069039840477,3
chain,linear,effect_modifying,1421188080,L1-oracle,-1,732,159,2.787934370106099,2.787934370106099,0.21721311475409835,1.0,0.10698784280469699,-0.06422043248721643,732,732,2.787934370106099,732.0,2.787934370106099,159,2.4081412661999564,3
chain,linear,effect_modifying,1421188080,L1-oracle,1,199,192,0.5028675812425378,0.5028675812425378,0.964824120603015,1.0,0.012409510415250674,-0.0038763669914686494,199,199,0.5028675812425378,199.0,0.5028675812425378,192,0.4895820713774511,3
chain,linear,effect_modifying,1421188080,L1-discovered,-1,732,159,2.787934370106099,2.787934370106099,0.21721311475409835,1.0,0.10698784280469699,-0.06422043248721643,732,732,2.787934370106099,732.0,2.787934370106099,159,2.4081412661999564,3
chain,linear,effect_modifying,1421188080,L1-discovered,1,199,179,0.5485599119860818,0.5485599119860818,0.8994974874371859,1.0,0.05924549839776925,0.0418159637520753,199,199,0.5485599119860818,199.0,0.5485599119860818,179,0.514932162274787,3
chain,linear,effect_modifying,1421188080,L2,-1,732,732,2.8521548025933154,2.8521548025933154,1.0,1.0,0.0,,732,732,2.8521548025933154,,,732,2.8521548025933154,3
chain,linear,effect_modifying,1421188080,L2,1,199,199,0.5067439482340065,0.5067439482340065,1.0,1.0,0.0,,199,199,0.5067439482340065,,,199,0.5067439482340065,3
chain,linear,effect_modifying,2507512415,L0,-1,745,745,2.801031938456771,2.801031938456771,1.0,1.0,0.0,0.1750137657953048,745,745,2.801031938456771,745.0,2.801031938456771,745,2.801031938456771,4
chain,linear,effect_modifying,2507512415,L0,1,161,161,0.5586635833603046,0.5586635833603046,1.0,1.0,0.0862476716674844,0.09682562472710265,161,161,0.5586635833603046,161.0,0.5586635833603046,161,0.5586635833603046,4
chain,linear,effect_modifying,2507512415,L1-oracle,-1,745,354,2.6004874317564304,2.6004874317564304,0.47516778523489933,1.0,0.07672660350360044,-0.02553074090503582,745,745,2.6004874317564304,745.0,2.6004874317564304,354,2.417339404076211,4
chain,linear,effect_modifying,2507512415,L1-oracle,1,161,160,0.47239528384801005,0.47239528384801005,0.9937888198757764,1.0,0.025001427011260725,0.010557325214808067,161,161,0.47239528384801005,161.0,0.47239528384801005,160,0.47333307323859924,4
chain,linear,effect_modifying,2507512415,L1-discovered,-1,745,336,2.600299012061234,2.600299012061234,0.45100671140939597,1.0,0.09166530860219065,-0.02571916060023227,745,745,2.600299012061234,745.0,2.600299012061234,336,2.435000751535269,4
chain,linear,effect_modifying,2507512415,L1-discovered,1,161,156,0.511823215591787,0.511823215591787,0.968944099378882,1.0,0.07853804858019088,0.04998525695858502,161,161,0.511823215591787,161.0,0.511823215591787,156,0.4968307128754354,4
chain,linear,effect_modifying,2507512415,L2,-1,745,745,2.626018172661466,2.626018172661466,1.0,1.0,0.0,,745,745,2.626018172661466,,,745,2.626018172661466,4
chain,linear,effect_modifying,2507512415,L2,1,161,161,0.461837958633202,0.461837958633202,1.0,1.0,0.0,,161,161,0.461837958633202,,,161,0.461837958633202,4
chain,linear,effect_modifying,2830493979,L0,-1,732,732,2.872957172457228,2.872957172457228,1.0,1.0,0.0,0.17228297028893902,732,732,2.872957172457228,732.0,2.872957172457228,732,2.872957172457228,5
chain,linear,effect_modifying,2830493979,L0,1,201,201,0.5235303295107542,0.5235303295107542,1.0,1.0,0.05756487633625414,0.07137839964692938,201,201,0.5235303295107542,201.0,0.5235303295107542,201,0.5235303295107542,5
chain,linear,effect_modifying,2830493979,L1-oracle,-1,732,732,2.7392876799096624,2.7392876799096624,1.0,1.0,0.07226959471834117,0.03861347774137336,732,732,2.7392876799096624,732.0,2.7392876799096624,732,2.7392876799096624,5
chain,linear,effect_modifying,2830493979,L1-oracle,1,201,201,0.4584884347208107,0.4584884347208107,1.0,1.0,0.01146131139521676,0.006336504856985892,201,201,0.4584884347208107,201.0,0.4584884347208107,201,0.4584884347208107,5
chain,linear,effect_modifying,2830493979,L1-discovered,-1,732,732,2.7392876799096624,2.7392876799096624,1.0,1.0,0.07226959471834117,0.03861347774137336,732,732,2.7392876799096624,732.0,2.7392876799096624,732,2.7392876799096624,5
chain,linear,effect_modifying,2830493979,L1-discovered,1,201,201,0.49373981215973256,0.49373981215973256,1.0,1.0,0.03326447924423434,0.04158788229590776,201,201,0.49373981215973256,201.0,0.49373981215973256,201,0.49373981215973256,5
chain,linear,effect_modifying,2830493979,L2,-1,732,732,2.700674202168289,2.700674202168289,1.0,1.0,0.0,,732,732,2.700674202168289,,,732,2.700674202168289,5
chain,linear,effect_modifying,2830493979,L2,1,201,201,0.4521519298638248,0.4521519298638248,1.0,1.0,0.0,,201,201,0.4521519298638248,,,201,0.4521519298638248,5
chain,linear,effect_modifying,1162261060,L0,-1,752,752,2.830435408653084,2.830435408653084,1.0,1.0,0.0,0.04624845463814786,752,752,2.830435408653084,752.0,2.830435408653084,752,2.830435408653084,6
chain,linear,effect_modifying,1162261060,L0,1,153,153,0.5421863325641417,0.5421863325641417,1.0,1.0,0.08797441607981459,0.08727917124849133,153,153,0.5421863325641417,153.0,0.5421863325641417,153,0.5421863325641417,6
chain,linear,effect_modifying,1162261060,L1-oracle,-1,752,750,2.8125314217088047,2.8125314217088047,0.9973404255319149,1.0,0.037169911268690244,0.02834446769386867,752,752,2.8125314217088047,752.0,2.8125314217088047,750,2.8161119239777763,6
chain,linear,effect_modifying,1162261060,L1-oracle,1,153,153,0.4562416860720713,0.4562416860720713,1.0,1.0,0.005479419192623769,0.001334524756420874,153,153,0.4562416860720713,153.0,0.4562416860720713,153,0.4562416860720713,6
chain,linear,effect_modifying,1162261060,L1-discovered,-1,752,1,2.6627269144699546,2.6627269144699546,0.0013297872340425532,1.0,0.7094458718101004,-0.12146003954498141,752,752,2.6627269144699546,752.0,2.6627269144699546,1,0.8036396391330215,6
chain,linear,effect_modifying,1162261060,L1-discovered,1,153,153,0.49557109829392726,0.49557109829392726,1.0,1.0,0.10563210015081957,0.04066393697827686,153,153,0.49557109829392726,153.0,0.49557109829392726,153,0.49557109829392726,6
chain,linear,effect_modifying,1162261060,L2,-1,752,752,2.784186954014936,2.784186954014936,1.0,1.0,0.0,,752,752,2.784186954014936,,,752,2.784186954014936,6
chain,linear,effect_modifying,1162261060,L2,1,153,153,0.4549071613156504,0.4549071613156504,1.0,1.0,0.0,,153,153,0.4549071613156504,,,153,0.4549071613156504,6
chain,linear,effect_modifying,3312119525,L0,-1,758,758,2.6721431161941283,2.6721431161941283,1.0,1.0,0.0,0.18188814385784902,758,758,2.6721431161941283,758.0,2.6721431161941283,758,2.6721431161941283,7
chain,linear,effect_modifying,3312119525,L0,1,168,168,0.5505489552445753,0.5505489552445753,1.0,1.0,0.11402654123202453,0.08134548322452573,168,168,0.5505489552445753,168.0,0.5505489552445753,168,0.5505489552445753,7
chain,linear,effect_modifying,3312119525,L1-oracle,-1,758,758,2.494507087734343,2.494507087734343,1.0,1.0,0.01782858974730173,0.004252115398063694,758,758,2.494507087734343,758.0,2.494507087734343,758,2.494507087734343,7
chain,linear,effect_modifying,3312119525,L1-oracle,1,168,168,0.47980725072983804,0.47980725072983804,1.0,1.0,0.0230088202375024,0.010603778709788514,168,168,0.47980725072983804,168.0,0.47980725072983804,168,0.47980725072983804,7
chain,linear,effect_modifying,3312119525,L1-discovered,-1,758,700,2.4866950890091335,2.4866950890091335,0.9234828496042217,1.0,0.014193638444501874,-0.003559883327145741,758,758,2.4866950890091335,758.0,2.4866950890091335,700,2.475078415594317,7
chain,linear,effect_modifying,3312119525,L1-discovered,1,168,165,0.51675431816972,0.51675431816972,0.9821428571428571,1.0,0.05091807406967564,0.04755084614967042,168,168,0.51675431816972,168.0,0.51675431816972,165,0.5112299947345715,7
chain,linear,effect_modifying,3312119525,L2,-1,758,758,2.4902549723362792,2.4902549723362792,1.0,1.0,0.0,,758,758,2.4902549723362792,,,758,2.4902549723362792,7
chain,linear,effect_modifying,3312119525,L2,1,168,168,0.46920347202004953,0.46920347202004953,1.0,1.0,0.0,,168,168,0.46920347202004953,,,168,0.46920347202004953,7
chain,linear,effect_modifying,3527135551,L0,-1,791,791,2.7118755802811685,2.7118755802811685,1.0,1.0,0.00011157610352612293,0.05000788645741938,791,791,2.7118755802811685,791.0,2.7118755802811685,791,2.7118755802811685,8
chain,linear,effect_modifying,3527135551,L0,1,113,113,0.5120034938893856,0.5120034938893856,1.0,1.0,0.07844321239296513,0.09473647767830623,113,113,0.5120034938893856,113.0,0.5120034938893856,113,0.5120034938893856,8
chain,linear,effect_modifying,3527135551,L1-oracle,-1,791,780,2.6612526401761194,2.6612526401761194,0.9860935524652339,1.0,0.0009060364746442167,-0.0006150536476297042,791,791,2.6612526401761194,791.0,2.6612526401761194,780,2.6573229572249177,8
chain,linear,effect_modifying,3527135551,L1-oracle,1,113,113,0.42215236407595036,0.42215236407595036,1.0,1.0,0.01069631943107123,0.0048853478648709925,113,113,0.42215236407595036,113.0,0.42215236407595036,113,0.42215236407595036,8
chain,linear,effect_modifying,3527135551,L1-discovered,-1,791,20,2.592593259951584,2.592593259951584,0.025284450063211124,1.0,0.5479196998711746,-0.06927443387216492,791,791,2.592593259951584,791.0,2.592593259951584,20,1.6584626922986558,8
chain,linear,effect_modifying,3527135551,L1-discovered,1,113,113,0.4703139754568468,0.4703139754568468,1.0,1.0,0.07493407165721887,0.05304695924576741,113,113,0.4703139754568468,113.0,0.4703139754568468,113,0.4703139754568468,8
chain,linear,effect_modifying,3527135551,L2,-1,791,791,2.661867693823749,2.661867693823749,1.0,1.0,0.0,,791,791,2.661867693823749,,,791,2.661867693823749,8
chain,linear,effect_modifying,3527135551,L2,1,113,113,0.41726701621107937,0.41726701621107937,1.0,1.0,0.0,,113,113,0.41726701621107937,,,113,0.41726701621107937,8
chain,linear,effect_modifying,2727678368,L0,-1,711,711,2.9839434952531247,2.9839434952531247,1.0,1.0,0.0,0.009810572210402935,711,711,2.9839434952531247,711.0,2.9839434952531247,711,2.9839434952531247,9
chain,linear,effect_modifying,2727678368,L0,1,203,203,0.5382617609030024,0.5382617609030024,1.0,1.0,0.08415046094845452,0.08800133695168783,203,203,0.5382617609030024,203.0,0.5382617609030024,203,0.5382617609030024,9
chain,linear,effect_modifying,2727678368,L1-oracle,-1,711,711,2.98071454153661,2.98071454153661,1.0,1.0,0.005971831095637335,0.006581618493888275,711,711,2.98071454153661,711.0,2.98071454153661,711,2.98071454153661,9
chain,linear,effect_modifying,2727678368,L1-oracle,1,203,203,0.46708898533817605,0.46708898533817605,1.0,1.0,0.03618385261835711,0.016828561386861507,203,203,0.46708898533817605,203.0,0.46708898533817605,203,0.46708898533817605,9
chain,linear,effect_modifying,2727678368,L1-discovered,-1,711,2,2.8289259037142163,2.8289259037142163,0.0028129395218002813,1.0,0.6363414500972245,-0.14520701932850555,711,711,2.8289259037142163,711.0,2.8289259037142163,2,1.2906232759944891,9
chain,linear,effect_modifying,2727678368,L1-discovered,1,203,203,0.498829666669581,0.498829666669581,1.0,1.0,0.10899552225906027,0.04856924271826646,203,203,0.498829666669581,203.0,0.498829666669581,203,0.498829666669581,9
chain,linear,effect_modifying,2727678368,L2,-1,711,711,2.974132923042722,2.974132923042722,1.0,1.0,0.0,,711,711,2.974132923042722,,,711,2.974132923042722,9
chain,linear,effect_modifying,2727678368,L2,1,203,203,0.45026042395131455,0.45026042395131455,1.0,1.0,0.0,,203,203,0.45026042395131455,,,203,0.45026042395131455,9
chain,linear,effect_modifying,2186263937,L0,-1,730,730,2.791628800785529,2.791628800785529,1.0,1.0,0.0,0.00012135875106311644,730,730,2.791628800785529,730.0,2.791628800785529,730,2.791628800785529,10
chain,linear,effect_modifying,2186263937,L0,1,176,176,0.5770666887594551,0.5770666887594551,1.0,1.0,0.0469299047735886,0.05342551048830613,176,176,0.5770666887594551,176.0,0.5770666887594551,176,0.5770666887594551,10
chain,linear,effect_modifying,2186263937,L1-oracle,-1,730,730,2.791628800785529,2.791628800785529,1.0,1.0,0.0,0.00012135875106311644,730,730,2.791628800785529,730.0,2.791628800785529,730,2.791628800785529,10
chain,linear,effect_modifying,2186263937,L1-oracle,1,176,157,0.5141087547567579,0.5141087547567579,0.8920454545454546,1.0,0.022521333433144483,-0.009532423514391097,176,176,0.5141087547567579,176.0,0.5141087547567579,157,0.49967213081067824,10
chain,linear,effect_modifying,2186263937,L1-discovered,-1,730,184,2.754745975941489,2.754745975941489,0.25205479452054796,1.0,0.4996895881122417,-0.036761466092976924,730,730,2.754745975941489,730.0,2.754745975941489,184,2.485757495186971,10
chain,linear,effect_modifying,2186263937,L1-discovered,1,176,176,0.5585022298388768,0.5585022298388768,1.0,1.0,0.06239766504796327,0.034861051567727785,176,176,0.5585022298388768,176.0,0.5585022298388768,176,0.5585022298388768,10
chain,linear,effect_modifying,2186263937,L2,-1,730,730,2.791507442034466,2.791507442034466,1.0,1.0,0.0,,730,730,2.791507442034466,,,730,2.791507442034466,10
chain,linear,effect_modifying,2186263937,L2,1,176,176,0.523641178271149,0.523641178271149,1.0,1.0,0.0,,176,176,0.523641178271149,,,176,0.523641178271149,10
chain,linear,effect_modifying,3073006032,L0,-1,726,726,2.8617772091667897,2.8617772091667897,1.0,1.0,0.0,0.038303795678796604,726,726,2.8617772091667897,726.0,2.8617772091667897,726,2.8617772091667897,11
chain,linear,effect_modifying,3073006032,L0,1,172,172,0.5299861017919872,0.5299861017919872,1.0,1.0,0.07448806790991633,0.08968949982717256,172,172,0.5299861017919872,172.0,0.5299861017919872,172,0.5299861017919872,11
chain,linear,effect_modifying,3073006032,L1-oracle,-1,726,468,2.7932456785665942,2.7932456785665942,0.6446280991735537,1.0,0.057796427415893074,-0.030227734921398852,726,726,2.7932456785665942,726.0,2.7932456785665942,468,2.746605042133245,11
chain,linear,effect_modifying,3073006032,L1-oracle,1,172,168,0.43839453348151347,0.43839453348151347,0.9767441860465116,1.0,0.012869206266404993,-0.0019020684833012114,172,172,0.43839453348151347,172.0,0.43839453348151347,168,0.4329612531010181,11
chain,linear,effect_modifying,3073006032,L1-discovered,-1,726,0,2.6268992601799708,2.6268992601799708,0.0,1.0,0.8231949559313992,-0.1965741533080223,726,726,2.6268992601799708,726.0,2.6268992601799708,0,,11
chain,linear,effect_modifying,3073006032,L1-discovered,1,172,168,0.4782972361768826,0.4782972361768826,0.9767441860465116,1.0,0.09351412736724893,0.038000634212067896,172,172,0.4782972361768826,172.0,0.4782972361768826,168,0.46850902666446326,11
chain,linear,effect_modifying,3073006032,L2,-1,726,726,2.823473413487993,2.823473413487993,1.0,1.0,0.0,,726,726,2.823473413487993,,,726,2.823473413487993,11
chain,linear,effect_modifying,3073006032,L2,1,172,172,0.4402966019648147,0.4402966019648147,1.0,1.0,0.0,,172,172,0.4402966019648147,,,172,0.4402966019648147,11
chain,linear,effect_modifying,2400372293,L0,-1,731,731,2.889482097800901,2.889482097800901,1.0,1.0,0.0,1.5866989405033394e-05,731,731,2.889482097800901,731.0,2.889482097800901,731,2.889482097800901,12
chain,linear,effect_modifying,2400372293,L0,1,196,196,0.5617115363459221,0.5617115363459221,1.0,1.0,0.0766356677685236,0.07386449374694054,196,196,0.5617115363459221,196.0,0.5617115363459221,196,0.5617115363459221,12
chain,linear,effect_modifying,2400372293,L1-oracle,-1,731,728,2.8894116400685688,2.8894116400685688,0.9958960328317373,1.0,0.0001083882688756199,-5.459074292701871e-05,731,731,2.8894116400685688,731.0,2.8894116400685688,728,2.8934728111884755,12
chain,linear,effect_modifying,2400372293,L1-oracle,1,196,194,0.48781623325506224,0.48781623325506224,0.9897959183673469,1.0,0.0036474377774299046,-3.0809343919302457e-05,196,196,0.48781623325506224,196.0,0.48781623325506224,194,0.4861748762718722,12
chain,linear,effect_modifying,2400372293,L1-discovered,-1,731,134,2.827167749211155,2.827167749211155,0.18331053351573187,1.0,0.5086476956286543,-0.06229848160034068,731,731,2.827167749211155,731.0,2.827167749211155,134,2.3563319842301733,12
chain,linear,effect_modifying,2400372293,L1-discovered,1,196,193,0.534845834240758,0.534845834240758,0.9846938775510204,1.0,0.0725226332216677,0.046998791641776505,196,196,0.534845834240758,196.0,0.534845834240758,193,0.5338395672140728,12
chain,linear,effect_modifying,2400372293,L2,-1,731,731,2.889466230811496,2.889466230811496,1.0,1.0,0.0,,731,731,2.889466230811496,,,731,2.889466230811496,12
chain,linear,effect_modifying,2400372293,L2,1,196,196,0.48784704259898154,0.48784704259898154,1.0,1.0,0.0,,196,196,0.48784704259898154,,,196,0.48784704259898154,12
chain,linear,effect_modifying,14143617,L0,-1,752,752,2.7791522868086025,2.7791522868086025,1.0,1.0,0.0,0.0,752,752,2.7791522868086025,752.0,2.7791522868086025,752,2.7791522868086025,13
chain,linear,effect_modifying,14143617,L0,1,168,168,0.5405250446928948,0.5405250446928948,1.0,1.0,0.08949472856082379,0.058358514204545076,168,168,0.5405250446928948,168.0,0.5405250446928948,168,0.5405250446928948,13
chain,linear,effect_modifying,14143617,L1-oracle,-1,752,751,2.779124975388915,2.779124975388915,0.9986702127659575,1.0,1.0353873932909227e-05,-2.731141968759232e-05,752,752,2.779124975388915,752.0,2.779124975388915,751,2.781123774424187,13
chain,linear,effect_modifying,14143617,L1-oracle,1,168,167,0.48236428213259785,0.48236428213259785,0.9940476190476191,1.0,0.003449337891357598,0.0001977516442481786,168,168,0.48236428213259785,168.0,0.48236428213259785,167,0.4814262631636316,13
chain,linear,effect_modifying,14143617,L1-discovered,-1,752,30,2.689944267862776,2.689944267862776,0.0398936170212766,1.0,0.5549020393986678,-0.08920801894582642,752,752,2.689944267862776,752.0,2.689944267862776,30,1.8098523524300476,13
chain,linear,effect_modifying,14143617,L1-discovered,1,168,168,0.5196289460652143,0.5196289460652143,1.0,1.0,0.07847895297977782,0.03746241557686458,168,168,0.5196289460652143,168.0,0.5196289460652143,168,0.5196289460652143,13
chain,linear,effect_modifying,14143617,L2,-1,752,752,2.7791522868086025,2.7791522868086025,1.0,1.0,0.0,,752,752,2.7791522868086025,,,752,2.7791522868086025,13
chain,linear,effect_modifying,14143617,L2,1,168,168,0.4821665304883497,0.4821665304883497,1.0,1.0,0.0,,168,168,0.4821665304883497,,,168,0.4821665304883497,13
chain,linear,effect_modifying,1350438117,L0,-1,732,732,2.8856165742965554,2.8856165742965554,1.0,1.0,0.0,0.08119007195169115,732,732,2.8856165742965554,732.0,2.8856165742965554,732,2.8856165742965554,14
chain,linear,effect_modifying,1350438117,L0,1,190,190,0.5538806654119487,0.5538806654119487,1.0,1.0,0.049374465788404605,0.06113514818517335,190,190,0.5538806654119487,190.0,0.5538806654119487,190,0.5538806654119487,14
chain,linear,effect_modifying,1350438117,L1-oracle,-1,732,732,2.8314856631745995,2.8314856631745995,1.0,1.0,0.041890497322434765,0.02705916082973525,732,732,2.8314856631745995,732.0,2.8314856631745995,732,2.8314856631745995,14
chain,linear,effect_modifying,1350438117,L1-oracle,1,190,190,0.4946217196095378,0.4946217196095378,1.0,1.0,0.004924581767923505,0.0018762023827624819,190,190,0.4946217196095378,190.0,0.4946217196095378,190,0.4946217196095378,14
chain,linear,effect_modifying,1350438117,L1-discovered,-1,732,732,2.8314856631745995,2.8314856631745995,1.0,1.0,0.041890497322434765,0.02705916082973525,732,732,2.8314856631745995,732.0,2.8314856631745995,732,2.8314856631745995,14
chain,linear,effect_modifying,1350438117,L1-discovered,1,190,190,0.5314458296756805,0.5314458296756805,1.0,1.0,0.04257314203370671,0.038700312448905205,190,190,0.5314458296756805,190.0,0.5314458296756805,190,0.5314458296756805,14
chain,linear,effect_modifying,1350438117,L2,-1,732,732,2.8044265023448642,2.8044265023448642,1.0,1.0,0.0,,732,732,2.8044265023448642,,,732,2.8044265023448642,14
chain,linear,effect_modifying,1350438117,L2,1,190,190,0.49274551722677534,0.49274551722677534,1.0,1.0,0.0,,190,190,0.49274551722677534,,,190,0.49274551722677534,14
chain,linear,effect_modifying,801569728,L0,-1,770,770,2.7709706753682326,2.7709706753682326,1.0,1.0,0.0,0.15737097631625163,770,770,2.7709706753682326,770.0,2.7709706753682326,770,2.7709706753682326,15
chain,linear,effect_modifying,801569728,L0,1,143,143,0.5367370397511636,0.5367370397511636,1.0,1.0,0.05926010802242912,0.07956294136168279,143,143,0.5367370397511636,143.0,0.5367370397511636,143,0.5367370397511636,15
chain,linear,effect_modifying,801569728,L1-oracle,-1,770,770,2.6730407808073453,2.6730407808073453,1.0,1.0,0.11169113591589432,0.05944108175536433,770,770,2.6730407808073453,770.0,2.6730407808073453,770,2.6730407808073453,15
chain,linear,effect_modifying,801569728,L1-oracle,1,143,143,0.46833594796531614,0.46833594796531614,1.0,1.0,0.028209358452428765,0.011161849575835325,143,143,0.46833594796531614,143.0,0.46833594796531614,143,0.46833594796531614,15
chain,linear,effect_modifying,801569728,L1-discovered,-1,770,770,2.6730407808073453,2.6730407808073453,1.0,1.0,0.11169113591589432,0.05944108175536433,770,770,2.6730407808073453,770.0,2.6730407808073453,770,2.6730407808073453,15
chain,linear,effect_modifying,801569728,L1-discovered,1,143,143,0.5076629788242025,0.5076629788242025,1.0,1.0,0.05030336947064603,0.05048888043472172,143,143,0.5076629788242025,143.0,0.5076629788242025,143,0.5076629788242025,15
chain,linear,effect_modifying,801569728,L2,-1,770,770,2.613599699051981,2.613599699051981,1.0,1.0,0.0,,770,770,2.613599699051981,,,770,2.613599699051981,15
chain,linear,effect_modifying,801569728,L2,1,143,143,0.4571740983894808,0.4571740983894808,1.0,1.0,0.0,,143,143,0.4571740983894808,,,143,0.4571740983894808,15
chain,linear,effect_modifying,3819681627,L0,-1,759,759,2.7531297030135575,2.7531297030135575,1.0,1.0,0.0,0.011202226843370244,759,759,2.7531297030135575,759.0,2.7531297030135575,759,2.7531297030135575,16
chain,linear,effect_modifying,3819681627,L0,1,145,145,0.5325128383132537,0.5325128383132537,1.0,1.0,0.08913460180999742,0.0831814260559205,145,145,0.5325128383132537,145.0,0.5325128383132537,145,0.5325128383132537,16
chain,linear,effect_modifying,3819681627,L1-oracle,-1,759,759,2.752389900480911,2.752389900480911,1.0,1.0,0.004007371003391362,0.010462424310723861,759,759,2.752389900480911,759.0,2.752389900480911,759,2.752389900480911,16
chain,linear,effect_modifying,3819681627,L1-oracle,1,145,143,0.4477942969357916,0.4477942969357916,0.9862068965517241,1.0,0.015875063381986645,-0.0015371153215416045,145,145,0.4477942969357916,145.0,0.4477942969357916,143,0.4437175605790886,16
chain,linear,effect_modifying,3819681627,L1-discovered,-1,759,3,2.6154785473648174,2.6154785473648174,0.003952569169960474,1.0,0.648458271356412,-0.12644892880536984,759,759,2.6154785473648174,759.0,2.6154785473648174,3,1.0946971999183799,16
chain,linear,effect_modifying,3819681627,L1-discovered,1,145,145,0.4964782008642448,0.4964782008642448,1.0,1.0,0.11442205858599219,0.04714678860691163,145,145,0.4964782008642448,145.0,0.4964782008642448,145,0.4964782008642448,16
chain,linear,effect_modifying,3819681627,L2,-1,759,759,2.7419274761701873,2.7419274761701873,1.0,1.0,0.0,,759,759,2.7419274761701873,,,759,2.7419274761701873,16
chain,linear,effect_modifying,3819681627,L2,1,145,145,0.4493314122573332,0.4493314122573332,1.0,1.0,0.0,,145,145,0.4493314122573332,,,145,0.4493314122573332,16
chain,linear,effect_modifying,2774431793,L0,-1,761,761,2.789517012660629,2.789517012660629,1.0,1.0,0.0,0.0,761,761,2.789517012660629,761.0,2.789517012660629,761,2.789517012660629,17
chain,linear,effect_modifying,2774431793,L0,1,161,161,0.5438349909624682,0.5438349909624682,1.0,1.0,0.08365356744216138,0.06588033526914489,161,161,0.5438349909624682,161.0,0.5438349909624682,161,0.5438349909624682,17
chain,linear,effect_modifying,2774431793,L1-oracle,-1,761,759,2.7894856465067464,2.7894856465067464,0.9973718791064389,1.0,6.197572682998764e-05,-3.136615388266151e-05,761,761,2.7894856465067464,761.0,2.7894856465067464,759,2.792458283262969,17
chain,linear,effect_modifying,2774431793,L1-oracle,1,161,153,0.47210583647007254,0.47210583647007254,0.9503105590062112,1.0,0.016757942515091433,-0.005848819223250812,161,161,0.47210583647007254,161.0,0.47210583647007254,153,0.4570664143313698,17
chain,linear,effect_modifying,2774431793,L1-discovered,-1,761,59,2.709492328606101,2.709492328606101,0.07752956636005257,1.0,0.6123104337389851,-0.080024684054528,761,761,2.709492328606101,761.0,2.709492328606101,59,2.0636155056862644,17
chain,linear,effect_modifying,2774431793,L1-discovered,1,161,161,0.5177178220530042,0.5177178220530042,1.0,1.0,0.08496521847264729,0.03976316635968086,161,161,0.5177178220530042,161.0,0.5177178220530042,161,0.5177178220530042,17
chain,linear,effect_modifying,2774431793,L2,-1,761,761,2.789517012660629,2.789517012660629,1.0,1.0,0.0,,761,761,2.789517012660629,,,761,2.789517012660629,17
chain,linear,effect_modifying,2774431793,L2,1,161,161,0.47795465569332335,0.47795465569332335,1.0,1.0,0.0,,161,161,0.47795465569332335,,,161,0.47795465569332335,17
chain,linear,effect_modifying,794650984,L0,-1,764,764,2.5270586745949535,2.5270586745949535,1.0,1.0,0.0,0.2211944101847294,764,764,2.5270586745949535,764.0,2.5270586745949535,764,2.5270586745949535,18
chain,linear,effect_modifying,794650984,L0,1,161,161,0.572584807209923,0.572584807209923,1.0,1.0,0.047795410015666895,0.04325374423542072,161,161,0.572584807209923,161.0,0.572584807209923,161,0.572584807209923,18
chain,linear,effect_modifying,794650984,L1-oracle,-1,764,258,2.276462962534388,2.276462962534388,0.337696335078534,1.0,0.06711004468673494,-0.029401301875835895,764,764,2.276462962534388,764.0,2.276462962534388,258,1.9342219019309899,18
chain,linear,effect_modifying,794650984,L1-oracle,1,161,153,0.5263451543684856,0.5263451543684856,0.9503105590062112,1.0,0.011435700063610707,-0.002985908606016663,161,161,0.5263451543684856,161.0,0.5263451543684856,153,0.5008783535827609,18
chain,linear,effect_modifying,794650984,L1-discovered,-1,764,258,2.276462962534388,2.276462962534388,0.337696335078534,1.0,0.06711004468673494,-0.029401301875835895,764,764,2.276462962534388,764.0,2.276462962534388,258,1.9342219019309899,18
chain,linear,effect_modifying,794650984,L1-discovered,1,161,150,0.5343349421617816,0.5343349421617816,0.9316770186335404,1.0,0.030426578001837817,0.005003879187279292,161,161,0.5343349421617816,161.0,0.5343349421617816,150,0.510771311719861,18
chain,linear,effect_modifying,794650984,L2,-1,764,764,2.305864264410224,2.305864264410224,1.0,1.0,0.0,,764,764,2.305864264410224,,,764,2.305864264410224,18
chain,linear,effect_modifying,794650984,L2,1,161,161,0.5293310629745023,0.5293310629745023,1.0,1.0,0.0,,161,161,0.5293310629745023,,,161,0.5293310629745023,18
chain,linear,effect_modifying,3338799195,L0,-1,748,748,2.6831087957513566,2.6831087957513566,1.0,1.0,0.00031008088167269125,0.09647120856905023,748,748,2.6831087957513566,748.0,2.6831087957513566,748,2.6831087957513566,19
chain,linear,effect_modifying,3338799195,L0,1,150,150,0.5430524844922958,0.5430524844922958,1.0,1.0,0.10543485540652286,0.09443538160779946,150,150,0.5430524844922958,150.0,0.5430524844922958,150,0.5430524844922958,19
chain,linear,effect_modifying,3338799195,L1-oracle,-1,748,748,2.5910290267400526,2.5910290267400526,1.0,1.0,0.01365733140166338,0.004391439557746235,748,748,2.5910290267400526,748.0,2.5910290267400526,748,2.5910290267400526,19
chain,linear,effect_modifying,3338799195,L1-oracle,1,150,150,0.44861710288449635,0.44861710288449635,1.0,1.0,0.002366436992530127,0.0,150,150,0.44861710288449635,150.0,0.44861710288449635,150,0.44861710288449635,19
chain,linear,effect_modifying,3338799195,L1-discovered,-1,748,3,2.4353720222723894,2.4353720222723894,0.004010695187165776,1.0,0.8356347324674278,-0.15126556490991705,748,748,2.4353720222723894,748.0,2.4353720222723894,3,1.29653036711099,19
chain,linear,effect_modifying,3338799195,L1-discovered,1,150,150,0.4921607111574925,0.4921607111574925,1.0,1.0,0.11135255893384655,0.04354360827299614,150,150,0.4921607111574925,150.0,0.4921607111574925,150,0.4921607111574925,19
chain,linear,effect_modifying,3338799195,L2,-1,748,748,2.5866375871823064,2.5866375871823064,1.0,1.0,0.0,,748,748,2.5866375871823064,,,748,2.5866375871823064,19
chain,linear,effect_modifying,3338799195,L2,1,150,150,0.44861710288449635,0.44861710288449635,1.0,1.0,0.0,,150,150,0.44861710288449635,,,150,0.44861710288449635,19
chain,nlg,additive,3134173889,L0,-1,761,761,1.8192742383481821,1.8192742383481821,1.0,1.0,0.0,0.0911389971237686,761,761,1.8192742383481821,761.0,1.8192742383481821,761,1.8192742383481821,0
chain,nlg,additive,3134173889,L0,1,167,167,0.36201275335823374,0.36201275335823374,1.0,1.0,0.030214619307759146,0.0298363809949711,167,167,0.36201275335823374,167.0,0.36201275335823374,167,0.36201275335823374,0
chain,nlg,additive,3134173889,L1-oracle,-1,761,761,1.7480514857882532,1.7480514857882532,1.0,1.0,0.046135625399062935,0.01991624456383967,761,761,1.7480514857882532,761.0,1.7480514857882532,761,1.7480514857882532,0
chain,nlg,additive,3134173889,L1-oracle,1,167,167,0.33589192904204995,0.33589192904204995,1.0,1.0,0.010629012513923841,0.003715556678787313,167,167,0.33589192904204995,167.0,0.33589192904204995,167,0.33589192904204995,0
chain,nlg,additive,3134173889,L1-discovered,-1,761,761,1.7480514857882532,1.7480514857882532,1.0,1.0,0.046135625399062935,0.01991624456383967,761,761,1.7480514857882532,761.0,1.7480514857882532,761,1.7480514857882532,0
chain,nlg,additive,3134173889,L1-discovered,1,167,167,0.33589192904204995,0.33589192904204995,1.0,1.0,0.010629012513923872,0.003715556678787313,167,167,0.33589192904204995,167.0,0.33589192904204995,167,0.33589192904204995,0
chain,nlg,additive,3134173889,L2,-1,761,761,1.7281352412244135,1.7281352412244135,1.0,1.0,0.0,,761,761,1.7281352412244135,,,761,1.7281352412244135,0
chain,nlg,additive,3134173889,L2,1,167,167,0.33217637236326264,0.33217637236326264,1.0,1.0,0.0,,167,167,0.33217637236326264,,,167,0.33217637236326264,0
chain,nlg,additive,3888140183,L0,-1,717,717,1.8585242326455103,1.8585242326455103,1.0,1.0,9.696995436198458e-05,0.07942810857753813,717,717,1.8585242326455103,717.0,1.8585242326455103,717,1.8585242326455103,1
chain,nlg,additive,3888140183,L0,1,172,172,0.3767874736430176,0.3767874736430176,1.0,1.0,0.023583083323449952,0.03326015402193322,172,172,0.3767874736430176,172.0,0.3767874736430176,172,0.3767874736430176,1
chain,nlg,additive,3888140183,L1-oracle,-1,717,704,1.819456942613316,1.819456942613316,0.9818688981868898,1.0,0.062369005561305056,0.0403608185453439,717,717,1.819456942613316,717.0,1.819456942613316,704,1.8264180987958598,1
chain,nlg,additive,3888140183,L1-oracle,1,172,170,0.34788181430098963,0.34788181430098963,0.9883720930232558,1.0,0.01118715061132735,0.00435449467990523,172,172,0.34788181430098963,172.0,0.34788181430098963,170,0.344804326338135,1
chain,nlg,additive,3888140183,L1-discovered,-1,717,704,1.819456942613316,1.819456942613316,0.9818688981868898,1.0,0.06236900556130572,0.0403608185453439,717,717,1.819456942613316,717.0,1.819456942613316,704,1.8264180987958598,1
chain,nlg,additive,3888140183,L1-discovered,1,172,170,0.34788181430098963,0.34788181430098963,0.9883720930232558,1.0,0.01118715061132745,0.00435449467990523,172,172,0.34788181430098963,172.0,0.34788181430098963,170,0.344804326338135,1
chain,nlg,additive,3888140183,L2,-1,717,717,1.7790961240679721,1.7790961240679721,1.0,1.0,0.0,,717,717,1.7790961240679721,,,717,1.7790961240679721,1
chain,nlg,additive,3888140183,L2,1,172,172,0.3435273196210844,0.3435273196210844,1.0,1.0,0.0,,172,172,0.3435273196210844,,,172,0.3435273196210844,1
chain,nlg,additive,242446310,L0,-1,743,743,1.8616562794846547,1.8616562794846547,1.0,1.0,9.788459061957164e-05,0.06041744995974252,743,743,1.8616562794846547,743.0,1.8616562794846547,743,1.8616562794846547,2
chain,nlg,additive,242446310,L0,1,188,188,0.3770587984551203,0.3770587984551203,1.0,1.0,0.022565341785645066,0.03002002000327214,188,188,0.3770587984551203,188.0,0.3770587984551203,188,0.3770587984551203,2
chain,nlg,additive,242446310,L1-oracle,-1,743,155,1.7744361002924365,1.7744361002924365,0.20861372812920592,1.0,0.045754444217857,-0.02680272923247573,743,743,1.7744361002924365,743.0,1.7744361002924365,155,1.3972881730496012,2
chain,nlg,additive,242446310,L1-oracle,1,188,167,0.3443899715515622,0.3443899715515622,0.8882978723404256,1.0,0.007523486801707945,-0.0026488069002859604,188,188,0.3443899715515622,188.0,0.3443899715515622,167,0.31136918392998075,2
chain,nlg,additive,242446310,L1-discovered,-1,743,155,1.7744361002924365,1.7744361002924365,0.20861372812920592,1.0,0.04575444421785785,-0.02680272923247573,743,743,1.7744361002924365,743.0,1.7744361002924365,155,1.3972881730496012,2
chain,nlg,additive,242446310,L1-discovered,1,188,167,0.3443899715515622,0.3443899715515622,0.8882978723404256,1.0,0.007523486801708074,-0.0026488069002859604,188,188,0.3443899715515622,188.0,0.3443899715515622,167,0.31136918392998075,2
chain,nlg,additive,242446310,L2,-1,743,743,1.8012388295249122,1.8012388295249122,1.0,1.0,0.0,,743,743,1.8012388295249122,,,743,1.8012388295249122,2
chain,nlg,additive,242446310,L2,1,188,188,0.34703877845184816,0.34703877845184816,1.0,1.0,0.0,,188,188,0.34703877845184816,,,188,0.34703877845184816,2
chain,nlg,additive,1421188080,L0,-1,732,732,1.9044994432758307,1.9044994432758307,1.0,1.0,0.0,0.08541287389515673,732,732,1.9044994432758307,732.0,1.9044994432758307,732,1.9044994432758307,3
chain,nlg,additive,1421188080,L0,1,192,192,0.3868658423177606,0.3868658423177606,1.0,1.0,0.02368190397147878,0.033798694969061294,192,192,0.3868658423177606,192.0,0.3868658423177606,192,0.3868658423177606,3
chain,nlg,additive,1421188080,L1-oracle,-1,732,30,1.7631737730426131,1.7631737730426131,0.040983606557377046,1.0,0.09835262654243497,-0.05591279633806079,732,732,1.7631737730426131,732.0,1.7631737730426131,30,0.8698368385055618,3
chain,nlg,additive,1421188080,L1-oracle,1,192,156,0.34558606525782537,0.34558606525782537,0.8125,1.0,0.018519515355168797,-0.007481082090873947,192,192,0.34558606525782537,192.0,0.34558606525782537,156,0.29879610092685904,3
chain,nlg,additive,1421188080,L1-discovered,-1,732,30,1.7631737730426131,1.7631737730426131,0.040983606557377046,1.0,0.09835262654243496,-0.05591279633806079,732,732,1.7631737730426131,732.0,1.7631737730426131,30,0.8698368385055618,3
chain,nlg,additive,1421188080,L1-discovered,1,192,156,0.34558606525782537,0.34558606525782537,0.8125,1.0,0.018519515355168777,-0.007481082090873947,192,192,0.34558606525782537,192.0,0.34558606525782537,156,0.29879610092685904,3
chain,nlg,additive,1421188080,L2,-1,732,732,1.819086569380674,1.819086569380674,1.0,1.0,0.0,,732,732,1.819086569380674,,,732,1.819086569380674,3
chain,nlg,additive,1421188080,L2,1,192,192,0.3530671473486993,0.3530671473486993,1.0,1.0,0.0,,192,192,0.3530671473486993,,,192,0.3530671473486993,3
chain,nlg,additive,2507512415,L0,-1,744,744,1.8043270604194936,1.8043270604194936,1.0,1.0,0.0007014521725883247,0.11207646773057012,744,744,1.8043270604194936,744.0,1.8043270604194936,744,1.8043270604194936,4
chain,nlg,additive,2507512415,L0,1,156,156,0.36920017801183286,0.36920017801183286,1.0,1.0,0.03496015337282514,0.03626534385922414,156,156,0.36920017801183286,156.0,0.36920017801183286,156,0.36920017801183286,4
chain,nlg,additive,2507512415,L1-oracle,-1,744,45,1.6466412995670507,1.6466412995670507,0.06048387096774194,1.0,0.1039544150696369,-0.045609293121872785,744,744,1.6466412995670507,744.0,1.6466412995670507,45,0.8576350515901581,4
chain,nlg,additive,2507512415,L1-oracle,1,156,131,0.3278006213611974,0.3278006213611974,0.8397435897435898,1.0,0.019493148429845474,-0.005134212791411297,156,156,0.3278006213611974,156.0,0.3278006213611974,131,0.27264366959824526,4
chain,nlg,additive,2507512415,L1-discovered,-1,744,45,1.6466412995670507,1.6466412995670507,0.06048387096774194,1.0,0.10395441506963587,-0.045609293121872785,744,744,1.6466412995670507,744.0,1.6466412995670507,45,0.8576350515901581,4
chain,nlg,additive,2507512415,L1-discovered,1,156,131,0.3278006213611974,0.3278006213611974,0.8397435897435898,1.0,0.019493148429845262,-0.005134212791411297,156,156,0.3278006213611974,156.0,0.3278006213611974,131,0.27264366959824526,4
chain,nlg,additive,2507512415,L2,-1,744,744,1.6922505926889235,1.6922505926889235,1.0,1.0,0.0,,744,744,1.6922505926889235,,,744,1.6922505926889235,4
chain,nlg,additive,2507512415,L2,1,156,156,0.3329348341526087,0.3329348341526087,1.0,1.0,0.0,,156,156,0.3329348341526087,,,156,0.3329348341526087,4
chain,nlg,additive,2830493979,L0,-1,731,731,1.829898954274763,1.829898954274763,1.0,1.0,0.0001877444347499198,0.10079357960686663,731,731,1.829898954274763,731.0,1.829898954274763,731,1.829898954274763,5
chain,nlg,additive,2830493979,L0,1,202,202,0.32311674509102645,0.32311674509102645,1.0,1.0,0.032489776884294164,0.026797436901688898,202,202,0.32311674509102645,202.0,0.32311674509102645,202,0.32311674509102645,5
chain,nlg,additive,2830493979,L1-oracle,-1,731,731,1.752501440931862,1.752501440931862,1.0,1.0,0.04174981459990165,0.02339606626396562,731,731,1.752501440931862,731.0,1.752501440931862,731,1.752501440931862,5
chain,nlg,additive,2830493979,L1-oracle,1,202,202,0.29998582145651,0.29998582145651,1.0,1.0,0.0070667415656332135,0.003666513267172433,202,202,0.29998582145651,202.0,0.29998582145651,202,0.29998582145651,5
chain,nlg,additive,2830493979,L1-discovered,-1,731,731,1.752501440931862,1.752501440931862,1.0,1.0,0.04174981459990016,0.02339606626396562,731,731,1.752501440931862,731.0,1.752501440931862,731,1.752501440931862,5
chain,nlg,additive,2830493979,L1-discovered,1,202,202,0.29998582145651,0.29998582145651,1.0,1.0,0.007066741565632958,0.003666513267172433,202,202,0.29998582145651,202.0,0.29998582145651,202,0.29998582145651,5
chain,nlg,additive,2830493979,L2,-1,731,731,1.7291053746678964,1.7291053746678964,1.0,1.0,0.0,,731,731,1.7291053746678964,,,731,1.7291053746678964,5
chain,nlg,additive,2830493979,L2,1,202,202,0.29631930818933755,0.29631930818933755,1.0,1.0,0.0,,202,202,0.29631930818933755,,,202,0.29631930818933755,5
chain,nlg,additive,1162261060,L0,-1,752,752,1.8110919699096748,1.8110919699096748,1.0,1.0,0.0,0.03123943686768138,752,752,1.8110919699096748,752.0,1.8110919699096748,752,1.8110919699096748,6
chain,nlg,additive,1162261060,L0,1,148,148,0.366772715719939,0.366772715719939,1.0,1.0,0.015028216704869946,0.021327744830185624,148,148,0.366772715719939,148.0,0.366772715719939,148,0.366772715719939,6
chain,nlg,additive,1162261060,L1-oracle,-1,752,684,1.7774676802673632,1.7774676802673632,0.9095744680851063,1.0,0.00963077987202726,-0.002384852774630186,752,752,1.7774676802673632,752.0,1.7774676802673632,684,1.7680649453957726,6
chain,nlg,additive,1162261060,L1-oracle,1,148,145,0.34716774194945405,0.34716774194945405,0.9797297297297297,1.0,0.005834136068432494,0.0017227710597006451,148,148,0.34716774194945405,148.0,0.34716774194945405,145,0.3434853085810794,6
chain,nlg,additive,1162261060,L1-discovered,-1,752,684,1.7774676802673632,1.7774676802673632,0.9095744680851063,1.0,0.009630779872027867,-0.002384852774630186,752,752,1.7774676802673632,752.0,1.7774676802673632,684,1.7680649453957726,6
chain,nlg,additive,1162261060,L1-discovered,1,148,145,0.34716774194945405,0.34716774194945405,0.9797297297297297,1.0,0.005834136068432636,0.0017227710597006451,148,148,0.34716774194945405,148.0,0.34716774194945405,145,0.3434853085810794,6
chain,nlg,additive,1162261060,L2,-1,752,752,1.7798525330419934,1.7798525330419934,1.0,1.0,0.0,,752,752,1.7798525330419934,,,752,1.7798525330419934,6
chain,nlg,additive,1162261060,L2,1,148,148,0.3454449708897534,0.3454449708897534,1.0,1.0,0.0,,148,148,0.3454449708897534,,,148,0.3454449708897534,6
chain,nlg,additive,3312119525,L0,-1,758,758,1.629244376143134,1.629244376143134,1.0,1.0,0.0009497869871060503,0.11408631730301688,758,758,1.629244376143134,758.0,1.629244376143134,758,1.629244376143134,7
chain,nlg,additive,3312119525,L0,1,170,170,0.3524738120136604,0.3524738120136604,1.0,1.0,0.0546602517057405,0.027750720198479628,170,170,0.3524738120136604,170.0,0.3524738120136604,170,0.3524738120136604,7
chain,nlg,additive,3312119525,L1-oracle,-1,758,758,1.5209488044314787,1.5209488044314787,1.0,1.0,0.024767207711315183,0.005790745591361501,758,758,1.5209488044314787,758.0,1.5209488044314787,758,1.5209488044314787,7
chain,nlg,additive,3312119525,L1-oracle,1,170,170,0.32546681464904476,0.32546681464904476,1.0,1.0,0.005342187639358683,0.0007437228338639801,170,170,0.32546681464904476,170.0,0.32546681464904476,170,0.32546681464904476,7
chain,nlg,additive,3312119525,L1-discovered,-1,758,757,1.5213875114972644,1.5213875114972644,0.9986807387862797,1.0,0.02868682754401319,0.006229452657147139,758,758,1.5213875114972644,758.0,1.5213875114972644,757,1.5224678026775569,7
chain,nlg,additive,3312119525,L1-discovered,1,170,169,0.3249178110220842,0.3249178110220842,0.9941176470588236,1.0,0.008706889892498975,0.00019471920690344868,170,170,0.3249178110220842,170.0,0.3249178110220842,169,0.32597736693637336,7
chain,nlg,additive,3312119525,L2,-1,758,758,1.5151580588401172,1.5151580588401172,1.0,1.0,0.0,,758,758,1.5151580588401172,,,758,1.5151580588401172,7
chain,nlg,additive,3312119525,L2,1,170,170,0.3247230918151808,0.3247230918151808,1.0,1.0,0.0,,170,170,0.3247230918151808,,,170,0.3247230918151808,7
chain,nlg,additive,3527135551,L0,-1,791,791,1.7258638029981341,1.7258638029981341,1.0,1.0,0.00047841722338580765,0.07136621902732943,791,791,1.7258638029981341,791.0,1.7258638029981341,791,1.7258638029981341,8
chain,nlg,additive,3527135551,L0,1,127,127,0.33413814212152587,0.33413814212152587,1.0,1.0,0.030912628383257038,0.022472824390143697,127,127,0.33413814212152587,127.0,0.33413814212152587,127,0.33413814212152587,8
chain,nlg,additive,3527135551,L1-oracle,-1,791,784,1.6611870727199538,1.6611870727199538,0.9911504424778761,1.0,0.016341371656185873,0.006689488749149097,791,791,1.6611870727199538,791.0,1.6611870727199538,784,1.663799473010948,8
chain,nlg,additive,3527135551,L1-oracle,1,127,125,0.31123649668392867,0.31123649668392867,0.984251968503937,1.0,0.0029319353883247644,-0.00042882104745350924,127,127,0.31123649668392867,127.0,0.31123649668392867,125,0.30992587921175857,8
chain,nlg,additive,3527135551,L1-discovered,-1,791,784,1.6611870727199538,1.6611870727199538,0.9911504424778761,1.0,0.01634137165618577,0.006689488749149097,791,791,1.6611870727199538,791.0,1.6611870727199538,784,1.663799473010948,8
chain,nlg,additive,3527135551,L1-discovered,1,127,125,0.31123649668392867,0.31123649668392867,0.984251968503937,1.0,0.0029319353883247956,-0.00042882104745350924,127,127,0.31123649668392867,127.0,0.31123649668392867,125,0.30992587921175857,8
chain,nlg,additive,3527135551,L2,-1,791,791,1.6544975839708047,1.6544975839708047,1.0,1.0,0.0,,791,791,1.6544975839708047,,,791,1.6544975839708047,8
chain,nlg,additive,3527135551,L2,1,127,127,0.3116653177313822,0.3116653177313822,1.0,1.0,0.0,,127,127,0.3116653177313822,,,127,0.3116653177313822,8
chain,nlg,additive,2727678368,L0,-1,711,711,1.9219075846137963,1.9219075846137963,1.0,1.0,0.0,0.05056481532773782,711,711,1.9219075846137963,711.0,1.9219075846137963,711,1.9219075846137963,9
chain,nlg,additive,2727678368,L0,1,208,208,0.3632664258389374,0.3632664258389374,1.0,1.0,0.00435936128371587,0.03352815639365497,208,208,0.3632664258389374,208.0,0.3632664258389374,208,0.3632664258389374,9
chain,nlg,additive,2727678368,L1-oracle,-1,711,711,1.8857842006214356,1.8857842006214356,1.0,1.0,0.021452252214190032,0.01444143133537712,711,711,1.8857842006214356,711.0,1.8857842006214356,711,1.8857842006214356,9
chain,nlg,additive,2727678368,L1-oracle,1,208,208,0.3333033767013372,0.3333033767013372,1.0,1.0,0.0061334534880155885,0.0035651072560547448,208,208,0.3333033767013372,208.0,0.3333033767013372,208,0.3333033767013372,9
chain,nlg,additive,2727678368,L1-discovered,-1,711,711,1.8857842006214356,1.8857842006214356,1.0,1.0,0.021452252214189994,0.01444143133537712,711,711,1.8857842006214356,711.0,1.8857842006214356,711,1.8857842006214356,9
chain,nlg,additive,2727678368,L1-discovered,1,208,208,0.3333033767013372,0.3333033767013372,1.0,1.0,0.006133453488015588,0.0035651072560547448,208,208,0.3333033767013372,208.0,0.3333033767013372,208,0.3333033767013372,9
chain,nlg,additive,2727678368,L2,-1,711,711,1.8713427692860585,1.8713427692860585,1.0,1.0,0.0,,711,711,1.8713427692860585,,,711,1.8713427692860585,9
chain,nlg,additive,2727678368,L2,1,208,208,0.32973826944528245,0.32973826944528245,1.0,1.0,0.0,,208,208,0.32973826944528245,,,208,0.32973826944528245,9
chain,nlg,additive,2186263937,L0,-1,730,730,1.823659346092939,1.823659346092939,1.0,1.0,0.0,0.01793358242454479,730,730,1.823659346092939,730.0,1.823659346092939,730,1.823659346092939,10
chain,nlg,additive,2186263937,L0,1,178,178,0.38270985738433005,0.38270985738433005,1.0,1.0,0.0,0.019406904113098256,178,178,0.38270985738433005,178.0,0.38270985738433005,178,0.38270985738433005,10
chain,nlg,additive,2186263937,L1-oracle,-1,730,680,1.8061442654302164,1.8061442654302164,0.9315068493150684,1.0,0.005408599149446609,0.000418501761822343,730,730,1.8061442654302164,730.0,1.8061442654302164,680,1.8185035231030062,10
chain,nlg,additive,2186263937,L1-oracle,1,178,172,0.3627416358852345,0.3627416358852345,0.9662921348314607,1.0,0.002501851591168339,-0.0005613173859972953,178,178,0.3627416358852345,178.0,0.3627416358852345,172,0.35770931572698794,10
chain,nlg,additive,2186263937,L1-discovered,-1,730,680,1.8061442654302164,1.8061442654302164,0.9315068493150684,1.0,0.00540859914944685,0.000418501761822343,730,730,1.8061442654302164,730.0,1.8061442654302164,680,1.8185035231030062,10
chain,nlg,additive,2186263937,L1-discovered,1,178,172,0.3627416358852345,0.3627416358852345,0.9662921348314607,1.0,0.00250185159116841,-0.0005613173859972953,178,178,0.3627416358852345,178.0,0.3627416358852345,172,0.35770931572698794,10
chain,nlg,additive,2186263937,L2,-1,730,730,1.805725763668394,1.805725763668394,1.0,1.0,0.0,,730,730,1.805725763668394,,,730,1.805725763668394,10
chain,nlg,additive,2186263937,L2,1,178,178,0.3633029532712318,0.3633029532712318,1.0,1.0,0.0,,178,178,0.3633029532712318,,,178,0.3633029532712318,10
chain,nlg,additive,3073006032,L0,-1,726,726,1.8347951196947947,1.8347951196947947,1.0,1.0,0.0,0.08640388940236732,726,726,1.8347951196947947,726.0,1.8347951196947947,726,1.8347951196947947,11
chain,nlg,additive,3073006032,L0,1,180,180,0.35554175952037936,0.35554175952037936,1.0,1.0,0.033386022265832,0.03758269122616975,180,180,0.35554175952037936,180.0,0.35554175952037936,180,0.35554175952037936,11
chain,nlg,additive,3073006032,L1-oracle,-1,726,373,1.7332974197865614,1.7332974197865614,0.5137741046831956,1.0,0.029540744762992194,-0.015093810505866001,726,726,1.7332974197865614,726.0,1.7332974197865614,373,1.6653773070810172,11
chain,nlg,additive,3073006032,L1-oracle,1,180,166,0.3147150353204891,0.3147150353204891,0.9222222222222223,1.0,0.007691453990225966,-0.003244032973720501,180,180,0.3147150353204891,180.0,0.3147150353204891,166,0.3086275383673887,11
chain,nlg,additive,3073006032,L1-discovered,-1,726,373,1.7332974197865614,1.7332974197865614,0.5137741046831956,1.0,0.029540744762990765,-0.015093810505866001,726,726,1.7332974197865614,726.0,1.7332974197865614,373,1.6653773070810172,11
chain,nlg,additive,3073006032,L1-discovered,1,180,166,0.3147150353204891,0.3147150353204891,0.9222222222222223,1.0,0.007691453990225629,-0.003244032973720501,180,180,0.3147150353204891,180.0,0.3147150353204891,166,0.3086275383673887,11
chain,nlg,additive,3073006032,L2,-1,726,726,1.7483912302924274,1.7483912302924274,1.0,1.0,0.0,,726,726,1.7483912302924274,,,726,1.7483912302924274,11
chain,nlg,additive,3073006032,L2,1,180,180,0.3179590682942096,0.3179590682942096,1.0,1.0,0.0,,180,180,0.3179590682942096,,,180,0.3179590682942096,11
chain,nlg,additive,2400372293,L0,-1,731,731,1.8238572854081914,1.8238572854081914,1.0,1.0,0.0,0.07143350581817431,731,731,1.8238572854081914,731.0,1.8238572854081914,731,1.8238572854081914,12
chain,nlg,additive,2400372293,L0,1,195,195,0.37094943320255586,0.37094943320255586,1.0,1.0,0.0,0.02104054061932409,195,195,0.37094943320255586,195.0,0.37094943320255586,195,0.37094943320255586,12
chain,nlg,additive,2400372293,L1-oracle,-1,731,731,1.7588667091478196,1.7588667091478196,1.0,1.0,0.022138939067979587,0.006442929557802568,731,731,1.7588667091478196,731.0,1.7588667091478196,731,1.7588667091478196,12
chain,nlg,additive,2400372293,L1-oracle,1,195,191,0.35064754372442747,0.35064754372442747,0.9794871794871794,1.0,0.0038041209119187894,0.0007386511411957009,195,195,0.35064754372442747,195.0,0.35064754372442747,191,0.353826641144708,12
chain,nlg,additive,2400372293,L1-discovered,-1,731,731,1.7588667091478196,1.7588667091478196,1.0,1.0,0.022138939067979358,0.006442929557802568,731,731,1.7588667091478196,731.0,1.7588667091478196,731,1.7588667091478196,12
chain,nlg,additive,2400372293,L1-discovered,1,195,191,0.35064754372442747,0.35064754372442747,0.9794871794871794,1.0,0.0038041209119187808,0.0007386511411957009,195,195,0.35064754372442747,195.0,0.35064754372442747,191,0.353826641144708,12
chain,nlg,additive,2400372293,L2,-1,731,731,1.752423779590017,1.752423779590017,1.0,1.0,0.0,,731,731,1.752423779590017,,,731,1.752423779590017,12
chain,nlg,additive,2400372293,L2,1,195,195,0.34990889258323177,0.34990889258323177,1.0,1.0,0.0,,195,195,0.34990889258323177,,,195,0.34990889258323177,12
chain,nlg,additive,14143617,L0,-1,752,752,1.8072427111999234,1.8072427111999234,1.0,1.0,9.819778246445309e-05,0.06413382373969312,752,752,1.8072427111999234,752.0,1.8072427111999234,752,1.8072427111999234,13
chain,nlg,additive,14143617,L0,1,167,167,0.3735580845750678,0.3735580845750678,1.0,1.0,0.019653065832011225,0.01805912563250467,167,167,0.3735580845750678,167.0,0.3735580845750678,167,0.3735580845750678,13
chain,nlg,additive,14143617,L1-oracle,-1,752,666,1.73989458598136,1.73989458598136,0.8856382978723404,1.0,0.012018455639500181,-0.0032143014788703628,752,752,1.73989458598136,752.0,1.73989458598136,666,1.7106232745230396,13
chain,nlg,additive,14143617,L1-oracle,1,167,167,0.3556510104453783,0.3556510104453783,1.0,1.0,0.00254139243744906,0.00015205150281516477,167,167,0.3556510104453783,167.0,0.3556510104453783,167,0.3556510104453783,13
chain,nlg,additive,14143617,L1-discovered,-1,752,666,1.73989458598136,1.73989458598136,0.8856382978723404,1.0,0.012018455639499633,-0.0032143014788703628,752,752,1.73989458598136,752.0,1.73989458598136,666,1.7106232745230396,13
chain,nlg,additive,14143617,L1-discovered,1,167,167,0.3556510104453783,0.3556510104453783,1.0,1.0,0.0025413924374490145,0.00015205150281516477,167,167,0.3556510104453783,167.0,0.3556510104453783,167,0.3556510104453783,13
chain,nlg,additive,14143617,L2,-1,752,752,1.7431088874602303,1.7431088874602303,1.0,1.0,0.0,,752,752,1.7431088874602303,,,752,1.7431088874602303,13
chain,nlg,additive,14143617,L2,1,167,167,0.3554989589425631,0.3554989589425631,1.0,1.0,0.0,,167,167,0.3554989589425631,,,167,0.3554989589425631,13
chain,nlg,additive,1350438117,L0,-1,732,732,1.77536638907434,1.77536638907434,1.0,1.0,0.0,0.07063775847866527,732,732,1.77536638907434,732.0,1.77536638907434,732,1.77536638907434,14
chain,nlg,additive,1350438117,L0,1,177,177,0.3484335093341491,0.3484335093341491,1.0,1.0,0.016780217717617233,0.02333223537405582,177,177,0.3484335093341491,177.0,0.3484335093341491,177,0.3484335093341491,14
chain,nlg,additive,1350438117,L1-oracle,-1,732,732,1.7360950736949223,1.7360950736949223,1.0,1.0,0.042901270622725834,0.03136644309924752,732,732,1.7360950736949223,732.0,1.7360950736949223,732,1.7360950736949223,14
chain,nlg,additive,1350438117,L1-oracle,1,177,177,0.3299950402877259,0.3299950402877259,1.0,1.0,0.008683444680817448,0.004893766327632609,177,177,0.3299950402877259,177.0,0.3299950402877259,177,0.3299950402877259,14
chain,nlg,additive,1350438117,L1-discovered,-1,732,732,1.7360950736949223,1.7360950736949223,1.0,1.0,0.04290127062272561,0.03136644309924752,732,732,1.7360950736949223,732.0,1.7360950736949223,732,1.7360950736949223,14
chain,nlg,additive,1350438117,L1-discovered,1,177,177,0.3299950402877259,0.3299950402877259,1.0,1.0,0.008683444680817415,0.004893766327632609,177,177,0.3299950402877259,177.0,0.3299950402877259,177,0.3299950402877259,14
chain,nlg,additive,1350438117,L2,-1,732,732,1.7047286305956748,1.7047286305956748,1.0,1.0,0.0,,732,732,1.7047286305956748,,,732,1.7047286305956748,14
chain,nlg,additive,1350438117,L2,1,177,177,0.3251012739600933,0.3251012739600933,1.0,1.0,0.0,,177,177,0.3251012739600933,,,177,0.3251012739600933,14
chain,nlg,additive,801569728,L0,-1,769,769,1.773836318532277,1.773836318532277,1.0,1.0,0.0,0.06715520042144618,769,769,1.773836318532277,769.0,1.773836318532277,769,1.773836318532277,15
chain,nlg,additive,801569728,L0,1,135,135,0.34393670235023693,0.34393670235023693,1.0,1.0,0.019876344949641776,0.02925357818850599,135,135,0.34393670235023693,135.0,0.34393670235023693,135,0.34393670235023693,15
chain,nlg,additive,801569728,L1-oracle,-1,769,769,1.7656887545162878,1.7656887545162878,1.0,1.0,0.030142930262261194,0.05900763640545703,769,769,1.7656887545162878,769.0,1.7656887545162878,769,1.7656887545162878,15
chain,nlg,additive,801569728,L1-oracle,1,135,135,0.32290031109920975,0.32290031109920975,1.0,1.0,0.01804281590995965,0.008217186937478804,135,135,0.32290031109920975,135.0,0.32290031109920975,135,0.32290031109920975,15
chain,nlg,additive,801569728,L1-discovered,-1,769,769,1.7656887545162878,1.7656887545162878,1.0,1.0,0.030142930262261093,0.05900763640545703,769,769,1.7656887545162878,769.0,1.7656887545162878,769,1.7656887545162878,15
chain,nlg,additive,801569728,L1-discovered,1,135,135,0.32290031109920975,0.32290031109920975,1.0,1.0,0.018042815909959604,0.008217186937478804,135,135,0.32290031109920975,135.0,0.32290031109920975,135,0.32290031109920975,15
chain,nlg,additive,801569728,L2,-1,769,769,1.7066811181108308,1.7066811181108308,1.0,1.0,0.0,,769,769,1.7066811181108308,,,769,1.7066811181108308,15
chain,nlg,additive,801569728,L2,1,135,135,0.31468312416173094,0.31468312416173094,1.0,1.0,0.0,,135,135,0.31468312416173094,,,135,0.31468312416173094,15
chain,nlg,additive,3819681627,L0,-1,758,758,1.7741983502235,1.7741983502235,1.0,1.0,0.0,0.05614476135967239,758,758,1.7741983502235,758.0,1.7741983502235,758,1.7741983502235,16
chain,nlg,additive,3819681627,L0,1,148,148,0.3612229334088619,0.3612229334088619,1.0,1.0,0.027504082967796113,0.03131519173641656,148,148,0.3612229334088619,148.0,0.3612229334088619,148,0.3612229334088619,16
chain,nlg,additive,3819681627,L1-oracle,-1,758,703,1.7288778537276812,1.7288778537276812,0.9274406332453826,1.0,0.011510016600988137,0.010824264863853683,758,758,1.7288778537276812,758.0,1.7288778537276812,703,1.719230083207195,16
chain,nlg,additive,3819681627,L1-oracle,1,148,147,0.3349225217006823,0.3349225217006823,0.9932432432432432,1.0,0.007632777185584203,0.005014780028236965,148,148,0.3349225217006823,148.0,0.3349225217006823,147,0.33495859115344256,16
chain,nlg,additive,3819681627,L1-discovered,-1,758,703,1.7294683710042404,1.7294683710042404,0.9274406332453826,1.0,0.009127435518796797,0.011414782140412916,758,758,1.7294683710042404,758.0,1.7294683710042404,703,1.7198668002706832,16
chain,nlg,additive,3819681627,L1-discovered,1,148,147,0.3361619437559727,0.3361619437559727,0.9932432432432432,1.0,0.008437715221488474,0.006254202083527338,148,148,0.3361619437559727,148.0,0.3361619437559727,147,0.33620644465128596,16
chain,nlg,additive,3819681627,L2,-1,758,758,1.7180535888638275,1.7180535888638275,1.0,1.0,0.0,,758,758,1.7180535888638275,,,758,1.7180535888638275,16
chain,nlg,additive,3819681627,L2,1,148,148,0.32990774167244535,0.32990774167244535,1.0,1.0,0.0,,148,148,0.32990774167244535,,,148,0.32990774167244535,16
chain,nlg,additive,2774431793,L0,-1,761,761,1.7868120664776166,1.7868120664776166,1.0,1.0,0.00011747363416436783,0.07761262684554215,761,761,1.7868120664776166,761.0,1.7868120664776166,761,1.7868120664776166,17
chain,nlg,additive,2774431793,L0,1,165,165,0.359153391200094,0.359153391200094,1.0,1.0,0.038937396356589125,0.026161693367617533,165,165,0.359153391200094,165.0,0.359153391200094,165,0.359153391200094,17
chain,nlg,additive,2774431793,L1-oracle,-1,761,572,1.6970268032771885,1.6970268032771885,0.7516425755584757,1.0,0.03164660200905611,-0.012172636354885968,761,761,1.6970268032771885,761.0,1.6970268032771885,572,1.7044752499884424,17
chain,nlg,additive,2774431793,L1-oracle,1,165,151,0.3302949398928914,0.3302949398928914,0.9151515151515152,1.0,0.00791882417621774,-0.0026967579395850705,165,165,0.3302949398928914,165.0,0.3302949398928914,151,0.3146196773009515,17
chain,nlg,additive,2774431793,L1-discovered,-1,761,572,1.6970268032771885,1.6970268032771885,0.7516425755584757,1.0,0.03164660200905761,-0.012172636354885968,761,761,1.6970268032771885,761.0,1.6970268032771885,572,1.7044752499884424,17
chain,nlg,additive,2774431793,L1-discovered,1,165,151,0.3302949398928914,0.3302949398928914,0.9151515151515152,1.0,0.007918824176217788,-0.0026967579395850705,165,165,0.3302949398928914,165.0,0.3302949398928914,151,0.3146196773009515,17
chain,nlg,additive,2774431793,L2,-1,761,761,1.7091994396320744,1.7091994396320744,1.0,1.0,0.0,,761,761,1.7091994396320744,,,761,1.7091994396320744,17
chain,nlg,additive,2774431793,L2,1,165,165,0.33299169783247645,0.33299169783247645,1.0,1.0,0.0,,165,165,0.33299169783247645,,,165,0.33299169783247645,17
chain,nlg,additive,794650984,L0,-1,764,764,1.7288340691902968,1.7288340691902968,1.0,1.0,0.0,0.1300421367340454,764,764,1.7288340691902968,764.0,1.7288340691902968,764,1.7288340691902968,18
chain,nlg,additive,794650984,L0,1,159,159,0.3631384132820844,0.3631384132820844,1.0,1.0,0.024649373466780606,0.02913376401463269,159,159,0.3631384132820844,159.0,0.3631384132820844,159,0.3631384132820844,18
chain,nlg,additive,794650984,L1-oracle,-1,764,227,1.5720092413814792,1.5720092413814792,0.29712041884816753,1.0,0.05247218457339686,-0.026782691074772158,764,764,1.5720092413814792,764.0,1.5720092413814792,227,1.3334557241567468,18
chain,nlg,additive,794650984,L1-oracle,1,159,145,0.3306822941586508,0.3306822941586508,0.9119496855345912,1.0,0.010914061232043637,-0.0033223551088009118,159,159,0.3306822941586508,159.0,0.3306822941586508,145,0.3009958945622019,18
chain,nlg,additive,794650984,L1-discovered,-1,764,227,1.5720092413814792,1.5720092413814792,0.29712041884816753,1.0,0.052472184573396995,-0.026782691074772158,764,764,1.5720092413814792,764.0,1.5720092413814792,227,1.3334557241567468,18
chain,nlg,additive,794650984,L1-discovered,1,159,145,0.3306822941586508,0.3306822941586508,0.9119496855345912,1.0,0.010914061232043613,-0.0033223551088009118,159,159,0.3306822941586508,159.0,0.3306822941586508,145,0.3009958945622019,18
chain,nlg,additive,794650984,L2,-1,764,764,1.5987919324562514,1.5987919324562514,1.0,1.0,0.0,,764,764,1.5987919324562514,,,764,1.5987919324562514,18
chain,nlg,additive,794650984,L2,1,159,159,0.3340046492674517,0.3340046492674517,1.0,1.0,0.0,,159,159,0.3340046492674517,,,159,0.3340046492674517,18
chain,nlg,additive,3338799195,L0,-1,748,748,1.7701911515210427,1.7701911515210427,1.0,1.0,0.0009209977161992463,0.09667430088199547,748,748,1.7701911515210427,748.0,1.7701911515210427,748,1.7701911515210427,19
chain,nlg,additive,3338799195,L0,1,152,152,0.36193484365265516,0.36193484365265516,1.0,1.0,0.04232674686881642,0.037341984713752885,152,152,0.36193484365265516,152.0,0.36193484365265516,152,0.36193484365265516,19
chain,nlg,additive,3338799195,L1-oracle,-1,748,694,1.6830578359370412,1.6830578359370412,0.9278074866310161,1.0,0.02952416317961379,0.009540985297993965,748,748,1.6830578359370412,748.0,1.6830578359370412,694,1.6726389962870551,19
chain,nlg,additive,3338799195,L1-oracle,1,152,152,0.3268984227092881,0.3268984227092881,1.0,1.0,0.006064956190794833,0.002305563770385821,152,152,0.3268984227092881,152.0,0.3268984227092881,152,0.3268984227092881,19
chain,nlg,additive,3338799195,L1-discovered,-1,748,694,1.6830578359370412,1.6830578359370412,0.9278074866310161,1.0,0.02952416317961317,0.009540985297993965,748,748,1.6830578359370412,748.0,1.6830578359370412,694,1.6726389962870551,19
chain,nlg,additive,3338799195,L1-discovered,1,152,152,0.3268984227092881,0.3268984227092881,1.0,1.0,0.006064956190794657,0.002305563770385821,152,152,0.3268984227092881,152.0,0.3268984227092881,152,0.3268984227092881,19
chain,nlg,additive,3338799195,L2,-1,748,748,1.6735168506390472,1.6735168506390472,1.0,1.0,0.0,,748,748,1.6735168506390472,,,748,1.6735168506390472,19
chain,nlg,additive,3338799195,L2,1,152,152,0.3245928589389023,0.3245928589389023,1.0,1.0,0.0,,152,152,0.3245928589389023,,,152,0.3245928589389023,19
chain,nlg,effect_modifying,3134173889,L0,-1,761,761,1.8120726526785604,1.8120726526785604,1.0,1.0,0.0,0.0019525651162677349,761,761,1.8120726526785604,761.0,1.8120726526785604,761,1.8120726526785604,0
chain,nlg,effect_modifying,3134173889,L0,1,170,170,0.4160842101395984,0.4160842101395984,1.0,1.0,0.03736294013789208,0.07669915405612882,170,170,0.4160842101395984,170.0,0.4160842101395984,170,0.4160842101395984,0
chain,nlg,effect_modifying,3134173889,L1-oracle,-1,761,761,1.8118304496575535,1.8118304496575535,1.0,1.0,0.0008926616974425272,0.0017103620952607645,761,761,1.8118304496575535,761.0,1.8118304496575535,761,1.8118304496575535,0
chain,nlg,effect_modifying,3134173889,L1-oracle,1,170,170,0.35569214411901545,0.35569214411901545,1.0,1.0,0.021634933349088364,0.01630708803554587,170,170,0.35569214411901545,170.0,0.35569214411901545,170,0.35569214411901545,0
chain,nlg,effect_modifying,3134173889,L1-discovered,-1,761,159,1.7790339541460443,1.7790339541460443,0.20893561103810776,1.0,0.2924889013107348,-0.03108613341624844,761,761,1.7790339541460443,761.0,1.7790339541460443,159,1.7348471563918804,0
chain,nlg,effect_modifying,3134173889,L1-discovered,1,170,170,0.39470422281541123,0.39470422281541123,1.0,1.0,0.07976176924516194,0.05531916673194165,170,170,0.39470422281541123,170.0,0.39470422281541123,170,0.39470422281541123,0
chain,nlg,effect_modifying,3134173889,L2,-1,761,761,1.8101200875622927,1.8101200875622927,1.0,1.0,0.0,,761,761,1.8101200875622927,,,761,1.8101200875622927,0
chain,nlg,effect_modifying,3134173889,L2,1,170,170,0.3393850560834696,0.3393850560834696,1.0,1.0,0.0,,170,170,0.3393850560834696,,,170,0.3393850560834696,0
chain,nlg,effect_modifying,3888140183,L0,-1,717,717,1.8511188397172627,1.8511188397172627,1.0,1.0,0.0,0.009757676353786104,717,717,1.8511188397172627,717.0,1.8511188397172627,717,1.8511188397172627,1
chain,nlg,effect_modifying,3888140183,L0,1,182,182,0.43158945577896923,0.43158945577896923,1.0,1.0,0.013666798242367221,0.061033908516411106,182,182,0.43158945577896923,182.0,0.43158945577896923,182,0.43158945577896923,1
chain,nlg,effect_modifying,3888140183,L1-oracle,-1,717,717,1.8506658997401524,1.8506658997401524,1.0,1.0,0.0026103286623611476,0.009304736376675837,717,717,1.8506658997401524,717.0,1.8506658997401524,717,1.8506658997401524,1
chain,nlg,effect_modifying,3888140183,L1-oracle,1,182,174,0.36878800169589515,0.36878800169589515,0.9560439560439561,1.0,0.014059415693164401,-0.0017675455666629758,182,182,0.36878800169589515,182.0,0.36878800169589515,174,0.3511202816232891,1
chain,nlg,effect_modifying,3888140183,L1-discovered,-1,717,605,1.8477246328652623,1.8477246328652623,0.8437935843793585,1.0,0.0654810022685369,0.00636346950178579,717,717,1.8477246328652623,717.0,1.8477246328652623,605,1.8890287127264886,1
chain,nlg,effect_modifying,3888140183,L1-discovered,1,182,182,0.41967553165646104,0.41967553165646104,1.0,1.0,0.03957758063103869,0.049119984393902916,182,182,0.41967553165646104,182.0,0.41967553165646104,182,0.41967553165646104,1
chain,nlg,effect_modifying,3888140183,L2,-1,717,717,1.8413611633634765,1.8413611633634765,1.0,1.0,0.0,,717,717,1.8413611633634765,,,717,1.8413611633634765,1
chain,nlg,effect_modifying,3888140183,L2,1,182,182,0.3705555472625581,0.3705555472625581,1.0,1.0,0.0,,182,182,0.3705555472625581,,,182,0.3705555472625581,1
chain,nlg,effect_modifying,242446310,L0,-1,743,743,1.8473240530531965,1.8473240530531965,1.0,1.0,0.0,0.04621100657532229,743,743,1.8473240530531965,743.0,1.8473240530531965,743,1.8473240530531965,2
chain,nlg,effect_modifying,242446310,L0,1,200,200,0.43175621415513743,0.43175621415513743,1.0,1.0,0.0020842271674118827,0.08914032966968122,200,200,0.43175621415513743,200.0,0.43175621415513743,200,0.43175621415513743,2
chain,nlg,effect_modifying,242446310,L1-oracle,-1,743,195,1.763171572290668,1.763171572290668,0.26244952893674295,1.0,0.06417354979847588,-0.03794147418720617,743,743,1.763171572290668,743.0,1.763171572290668,195,1.739755669338074,2
chain,nlg,effect_modifying,242446310,L1-oracle,1,200,191,0.34145082250723546,0.34145082250723546,0.955,1.0,0.010084584299892212,-0.0011650619782207494,200,200,0.34145082250723546,200.0,0.34145082250723546,191,0.3396113461948987,2
chain,nlg,effect_modifying,242446310,L1-discovered,-1,743,68,1.754586296854723,1.754586296854723,0.09152086137281291,1.0,0.17684641409823518,-0.046526749623151176,743,743,1.754586296854723,743.0,1.754586296854723,68,1.7519000936336677,2
chain,nlg,effect_modifying,242446310,L1-discovered,1,200,177,0.3919751004029428,0.3919751004029428,0.885,1.0,0.05735056836410111,0.0493592159174866,200,200,0.3919751004029428,200.0,0.3919751004029428,177,0.3527820490748435,2
chain,nlg,effect_modifying,242446310,L2,-1,743,743,1.8011130464778742,1.8011130464778742,1.0,1.0,0.0,,743,743,1.8011130464778742,,,743,1.8011130464778742,2
chain,nlg,effect_modifying,242446310,L2,1,200,200,0.3426158844854562,0.3426158844854562,1.0,1.0,0.0,,200,200,0.3426158844854562,,,200,0.3426158844854562,2
chain,nlg,effect_modifying,1421188080,L0,-1,732,732,1.8716289685064138,1.8716289685064138,1.0,1.0,0.0,0.07537065027066547,732,732,1.8716289685064138,732.0,1.8716289685064138,732,1.8716289685064138,3
chain,nlg,effect_modifying,1421188080,L0,1,210,210,0.43962741820748463,0.43962741820748463,1.0,1.0,0.018484589490268346,0.08280893158030161,210,210,0.43962741820748463,210.0,0.43962741820748463,210,0.43962741820748463,3
chain,nlg,effect_modifying,1421188080,L1-oracle,-1,732,20,1.7315537229534397,1.7315537229534397,0.0273224043715847,1.0,0.11233664458103189,-0.06470459528230865,732,732,1.7315537229534397,732.0,1.7315537229534397,20,1.0051352055748082,3
chain,nlg,effect_modifying,1421188080,L1-oracle,1,210,195,0.3501380207210834,0.3501380207210834,0.9285714285714286,1.0,0.022717464801313095,-0.0066804659060996086,210,210,0.3501380207210834,210.0,0.3501380207210834,195,0.33185360353191984,3
chain,nlg,effect_modifying,1421188080,L1-discovered,-1,732,13,1.728994110406942,1.728994110406942,0.017759562841530054,1.0,0.1481617854973789,-0.06726420782880638,732,732,1.728994110406942,732.0,1.728994110406942,13,0.9612398430652562,3
chain,nlg,effect_modifying,1421188080,L1-discovered,1,210,178,0.39481729576411795,0.39481729576411795,0.8476190476190476,1.0,0.05588005759262461,0.03799880913693493,210,210,0.39481729576411795,210.0,0.39481729576411795,178,0.3288331567351623,3
chain,nlg,effect_modifying,1421188080,L2,-1,732,732,1.7962583182357483,1.7962583182357483,1.0,1.0,0.0,,732,732,1.7962583182357483,,,732,1.7962583182357483,3
chain,nlg,effect_modifying,1421188080,L2,1,210,210,0.356818486627183,0.356818486627183,1.0,1.0,0.0,,210,210,0.356818486627183,,,210,0.356818486627183,3
chain,nlg,effect_modifying,2507512415,L0,-1,745,745,1.7915261639925795,1.7915261639925795,1.0,1.0,0.0001062374891880855,0.08096211283357646,745,745,1.7915261639925795,745.0,1.7915261639925795,745,1.7915261639925795,4
chain,nlg,effect_modifying,2507512415,L0,1,174,174,0.4288508151611635,0.4288508151611635,1.0,1.0,0.026268271201426587,0.08921463296996579,174,174,0.4288508151611635,174.0,0.4288508151611635,174,0.4288508151611635,4
chain,nlg,effect_modifying,2507512415,L1-oracle,-1,745,273,1.6777029853001542,1.6777029853001542,0.36644295302013424,1.0,0.07072528607944924,-0.03286106585884885,745,745,1.6777029853001542,745.0,1.6777029853001542,273,1.6438454750207308,4
chain,nlg,effect_modifying,2507512415,L1-oracle,1,174,169,0.3412132165525104,0.3412132165525104,0.9712643678160919,1.0,0.019815084023906453,0.0015770343613126792,174,174,0.3412132165525104,174.0,0.3412132165525104,169,0.33764250815063757,4
chain,nlg,effect_modifying,2507512415,L1-discovered,-1,745,166,1.6709114264505105,1.6709114264505105,0.22281879194630871,1.0,0.15788738860119758,-0.03965262470849251,745,745,1.6709114264505105,745.0,1.6709114264505105,166,1.7653402255517978,4
chain,nlg,effect_modifying,2507512415,L1-discovered,1,174,159,0.38764624816764087,0.38764624816764087,0.9137931034482759,1.0,0.06314351877049057,0.04801006597644314,174,174,0.38764624816764087,174.0,0.38764624816764087,159,0.35482186942422156,4
chain,nlg,effect_modifying,2507512415,L2,-1,745,745,1.710564051159003,1.710564051159003,1.0,1.0,0.0,,745,745,1.710564051159003,,,745,1.710564051159003,4
chain,nlg,effect_modifying,2507512415,L2,1,174,174,0.33963618219119773,0.33963618219119773,1.0,1.0,0.0,,174,174,0.33963618219119773,,,174,0.33963618219119773,4
chain,nlg,effect_modifying,2830493979,L0,-1,732,732,1.8442189006470924,1.8442189006470924,1.0,1.0,0.0,0.03937202799189321,732,732,1.8442189006470924,732.0,1.8442189006470924,732,1.8442189006470924,5
chain,nlg,effect_modifying,2830493979,L0,1,204,204,0.38819927309907515,0.38819927309907515,1.0,1.0,0.017736453652413244,0.07231984357471971,204,204,0.38819927309907515,204.0,0.38819927309907515,204,0.38819927309907515,5
chain,nlg,effect_modifying,2830493979,L1-oracle,-1,732,732,1.8345104278062658,1.8345104278062658,1.0,1.0,0.028048180537245886,0.029663555151066667,732,732,1.8345104278062658,732.0,1.8345104278062658,732,1.8345104278062658,5
chain,nlg,effect_modifying,2830493979,L1-oracle,1,204,204,0.3225649527134854,0.3225649527134854,1.0,1.0,0.011980979918053932,0.0066855231891299605,204,204,0.3225649527134854,204.0,0.3225649527134854,204,0.3225649527134854,5
chain,nlg,effect_modifying,2830493979,L1-discovered,-1,732,542,1.8286141071230475,1.8286141071230475,0.7404371584699454,1.0,0.12942685417463484,0.02376723446784834,732,732,1.8286141071230475,732.0,1.8286141071230475,542,1.9113340099802896,5
chain,nlg,effect_modifying,2830493979,L1-discovered,1,204,204,0.36680900657018933,0.36680900657018933,1.0,1.0,0.04135155697628687,0.050929577045833896,204,204,0.36680900657018933,204.0,0.36680900657018933,204,0.36680900657018933,5
chain,nlg,effect_modifying,2830493979,L2,-1,732,732,1.8048468726551992,1.8048468726551992,1.0,1.0,0.0,,732,732,1.8048468726551992,,,732,1.8048468726551992,5
chain,nlg,effect_modifying,2830493979,L2,1,204,204,0.31587942952435544,0.31587942952435544,1.0,1.0,0.0,,204,204,0.31587942952435544,,,204,0.31587942952435544,5
chain,nlg,effect_modifying,1162261060,L0,-1,752,752,1.8064059367354766,1.8064059367354766,1.0,1.0,0.0,0.015739060458163978,752,752,1.8064059367354766,752.0,1.8064059367354766,752,1.8064059367354766,6
chain,nlg,effect_modifying,1162261060,L0,1,168,168,0.42702858430507973,0.42702858430507973,1.0,1.0,0.014961047416283594,0.07421152814205756,168,168,0.42702858430507973,168.0,0.42702858430507973,168,0.42702858430507973,6
chain,nlg,effect_modifying,1162261060,L1-oracle,-1,752,752,1.8028298519786936,1.8028298519786936,1.0,1.0,0.00882243605562034,0.012162975701381029,752,752,1.8028298519786936,752.0,1.8028298519786936,752,1.8028298519786936,6
chain,nlg,effect_modifying,1162261060,L1-oracle,1,168,168,0.3553886618049053,0.3553886618049053,1.0,1.0,0.007179139451938009,0.0025716056418831346,168,168,0.3553886618049053,168.0,0.3553886618049053,168,0.3553886618049053,6
chain,nlg,effect_modifying,1162261060,L1-discovered,-1,752,175,1.7692713684806034,1.7692713684806034,0.2327127659574468,1.0,0.3653410547370231,-0.02139550779670918,752,752,1.7692713684806034,752.0,1.7692713684806034,175,1.7692566966249312,6
chain,nlg,effect_modifying,1162261060,L1-discovered,1,168,168,0.3991258993519638,0.3991258993519638,1.0,1.0,0.06207908724139213,0.04630884318894163,168,168,0.3991258993519638,168.0,0.3991258993519638,168,0.3991258993519638,6
chain,nlg,effect_modifying,1162261060,L2,-1,752,752,1.7906668762773126,1.7906668762773126,1.0,1.0,0.0,,752,752,1.7906668762773126,,,752,1.7906668762773126,6
chain,nlg,effect_modifying,1162261060,L2,1,168,168,0.35281705616302217,0.35281705616302217,1.0,1.0,0.0,,168,168,0.35281705616302217,,,168,0.35281705616302217,6
chain,nlg,effect_modifying,3312119525,L0,-1,758,758,1.66939319740251,1.66939319740251,1.0,1.0,0.0,0.10323226173316802,758,758,1.66939319740251,758.0,1.66939319740251,758,1.66939319740251,7
chain,nlg,effect_modifying,3312119525,L0,1,175,175,0.44663825831511095,0.44663825831511095,1.0,1.0,0.04412710470750079,0.09540006431757997,175,175,0.44663825831511095,175.0,0.44663825831511095,175,0.44663825831511095,7
chain,nlg,effect_modifying,3312119525,L1-oracle,-1,758,758,1.57653562826797,1.57653562826797,1.0,1.0,0.03308909334938216,0.010374692598627888,758,758,1.57653562826797,758.0,1.57653562826797,758,1.57653562826797,7
chain,nlg,effect_modifying,3312119525,L1-oracle,1,175,175,0.3611938080618596,0.3611938080618596,1.0,1.0,0.01699090077367576,0.0099556140643286,175,175,0.3611938080618596,175.0,0.3611938080618596,175,0.3611938080618596,7
chain,nlg,effect_modifying,3312119525,L1-discovered,-1,758,747,1.5762843099881272,1.5762843099881272,0.9854881266490765,1.0,0.03729729196605916,0.010123374318785183,758,758,1.5762843099881272,758.0,1.5762843099881272,747,1.5861283202989611,7
chain,nlg,effect_modifying,3312119525,L1-discovered,1,175,175,0.4159751635297055,0.4159751635297055,1.0,1.0,0.03805264861664962,0.0647369695321745,175,175,0.4159751635297055,175.0,0.4159751635297055,175,0.4159751635297055,7
chain,nlg,effect_modifying,3312119525,L2,-1,758,758,1.566160935669342,1.566160935669342,1.0,1.0,0.0,,758,758,1.566160935669342,,,758,1.566160935669342,7
chain,nlg,effect_modifying,3312119525,L2,1,175,175,0.351238193997531,0.351238193997531,1.0,1.0,0.0,,175,175,0.351238193997531,,,175,0.351238193997531,7
chain,nlg,effect_modifying,3527135551,L0,-1,791,791,1.7052538545332265,1.7052538545332265,1.0,1.0,0.0,0.009771661782664198,791,791,1.7052538545332265,791.0,1.7052538545332265,791,1.7052538545332265,8
chain,nlg,effect_modifying,3527135551,L0,1,134,134,0.3789548759280715,0.3789548759280715,1.0,1.0,0.03148585366235079,0.06990588288564265,134,134,0.3789548759280715,134.0,0.3789548759280715,134,0.3789548759280715,8
chain,nlg,effect_modifying,3527135551,L1-oracle,-1,791,713,1.6933341668779465,1.6933341668779465,0.9013906447534766,1.0,0.003430148052680048,-0.0021480258726158663,791,791,1.6933341668779465,791.0,1.6933341668779465,713,1.691659927867754,8
chain,nlg,effect_modifying,3527135551,L1-oracle,1,134,133,0.3129661804017581,0.3129661804017581,0.9925373134328358,1.0,0.0072853734909815535,0.003917187359329277,134,134,0.3129661804017581,134.0,0.3129661804017581,133,0.31234856274375644,8
chain,nlg,effect_modifying,3527135551,L1-discovered,-1,791,221,1.6681850742518018,1.6681850742518018,0.27939317319848295,1.0,0.24630684900269892,-0.027297118498760486,791,791,1.6681850742518018,791.0,1.6681850742518018,221,1.6117910475722073,8
chain,nlg,effect_modifying,3527135551,L1-discovered,1,134,131,0.3548041816304184,0.3548041816304184,0.9776119402985075,1.0,0.06503610097257785,0.04575518858798955,134,134,0.3548041816304184,134.0,0.3548041816304184,131,0.350059948956794,8
chain,nlg,effect_modifying,3527135551,L2,-1,791,791,1.6954821927505623,1.6954821927505623,1.0,1.0,0.0,,791,791,1.6954821927505623,,,791,1.6954821927505623,8
chain,nlg,effect_modifying,3527135551,L2,1,134,134,0.30904899304242883,0.30904899304242883,1.0,1.0,0.0,,134,134,0.30904899304242883,,,134,0.30904899304242883,8
chain,nlg,effect_modifying,2727678368,L0,-1,711,711,1.90842937732844,1.90842937732844,1.0,1.0,0.0,0.019495110019257966,711,711,1.90842937732844,711.0,1.90842937732844,711,1.90842937732844,9
chain,nlg,effect_modifying,2727678368,L0,1,215,215,0.4188465092313602,0.4188465092313602,1.0,1.0,0.013967100750447482,0.07644197196587993,215,215,0.4188465092313602,215.0,0.4188465092313602,215,0.4188465092313602,9
chain,nlg,effect_modifying,2727678368,L1-oracle,-1,711,711,1.8926975615564667,1.8926975615564667,1.0,1.0,0.005195796728345792,0.003763294247284721,711,711,1.8926975615564667,711.0,1.8926975615564667,711,1.8926975615564667,9
chain,nlg,effect_modifying,2727678368,L1-oracle,1,215,215,0.357218977038836,0.357218977038836,1.0,1.0,0.024247008471115272,0.014814439773355725,215,215,0.357218977038836,215.0,0.357218977038836,215,0.357218977038836,9
chain,nlg,effect_modifying,2727678368,L1-discovered,-1,711,419,1.8803513109161996,1.8803513109161996,0.5893108298171589,1.0,0.18225484705537567,-0.008582956392982455,711,711,1.8803513109161996,711.0,1.8803513109161996,419,1.9329920395975508,9
chain,nlg,effect_modifying,2727678368,L1-discovered,1,215,215,0.3913627630735479,0.3913627630735479,1.0,1.0,0.04056008803162672,0.048958225808067635,215,215,0.3913627630735479,215.0,0.3913627630735479,215,0.3913627630735479,9
chain,nlg,effect_modifying,2727678368,L2,-1,711,711,1.888934267309182,1.888934267309182,1.0,1.0,0.0,,711,711,1.888934267309182,,,711,1.888934267309182,9
chain,nlg,effect_modifying,2727678368,L2,1,215,215,0.34240453726548026,0.34240453726548026,1.0,1.0,0.0,,215,215,0.34240453726548026,,,215,0.34240453726548026,9
chain,nlg,effect_modifying,2186263937,L0,-1,730,730,1.818908306411183,1.818908306411183,1.0,1.0,0.0,0.005942196787127818,730,730,1.818908306411183,730.0,1.818908306411183,730,1.818908306411183,10
chain,nlg,effect_modifying,2186263937,L0,1,185,185,0.450389000138957,0.450389000138957,1.0,1.0,0.010199705552214975,0.06988988118650225,185,185,0.450389000138957,185.0,0.450389000138957,185,0.450389000138957,10
chain,nlg,effect_modifying,2186263937,L1-oracle,-1,730,725,1.8127657565987128,1.8127657565987128,0.9931506849315068,1.0,0.00017453786195790173,-0.00020035302534249233,730,730,1.8127657565987128,730.0,1.8127657565987128,725,1.8146998908578593,10
chain,nlg,effect_modifying,2186263937,L1-oracle,1,185,163,0.3726775351651698,0.3726775351651698,0.8810810810810811,1.0,0.019761675682627378,-0.007821583787284925,185,185,0.3726775351651698,185.0,0.3726775351651698,163,0.35744594688322023,10
chain,nlg,effect_modifying,2186263937,L1-discovered,-1,730,226,1.7855680083042638,1.7855680083042638,0.3095890410958904,1.0,0.3551603417939869,-0.02739810131979148,730,730,1.7855680083042638,730.0,1.7855680083042638,226,1.697482145812963,10
chain,nlg,effect_modifying,2186263937,L1-discovered,1,185,185,0.4274904100389849,0.4274904100389849,1.0,1.0,0.04434518808386979,0.04699129108653016,185,185,0.4274904100389849,185.0,0.4274904100389849,185,0.4274904100389849,10
chain,nlg,effect_modifying,2186263937,L2,-1,730,730,1.8129661096240552,1.8129661096240552,1.0,1.0,0.0,,730,730,1.8129661096240552,,,730,1.8129661096240552,10
chain,nlg,effect_modifying,2186263937,L2,1,185,185,0.38049911895245475,0.38049911895245475,1.0,1.0,0.0,,185,185,0.38049911895245475,,,185,0.38049911895245475,10
chain,nlg,effect_modifying,3073006032,L0,-1,726,726,1.7854035659407559,1.7854035659407559,1.0,1.0,0.0,0.019363947289863903,726,726,1.7854035659407559,726.0,1.7854035659407559,726,1.7854035659407559,11
chain,nlg,effect_modifying,3073006032,L0,1,187,187,0.40341435063434417,0.40341435063434417,1.0,1.0,0.03629854891955033,0.07995724784072611,187,187,0.40341435063434417,187.0,0.40341435063434417,187,0.40341435063434417,11
chain,nlg,effect_modifying,3073006032,L1-oracle,-1,726,412,1.7462822410062904,1.7462822410062904,0.5674931129476584,1.0,0.047642783560729186,-0.019757377644601615,726,726,1.7462822410062904,726.0,1.7462822410062904,412,1.652496168164258,11
chain,nlg,effect_modifying,3073006032,L1-oracle,1,187,178,0.3213738906164255,0.3213738906164255,0.9518716577540107,1.0,0.011550021561681816,-0.0020832121771925394,187,187,0.3213738906164255,187.0,0.3213738906164255,178,0.3212846213412262,11
chain,nlg,effect_modifying,3073006032,L1-discovered,-1,726,26,1.6714513950597782,1.6714513950597782,0.03581267217630854,1.0,0.4545455358031854,-0.09458822359111374,726,726,1.6714513950597782,726.0,1.6714513950597782,26,1.4324131771541444,11
chain,nlg,effect_modifying,3073006032,L1-discovered,1,187,182,0.3651186400186207,0.3651186400186207,0.9732620320855615,1.0,0.09373072375013307,0.041661537225002654,187,187,0.3651186400186207,187.0,0.3651186400186207,182,0.3668981639287189,11
chain,nlg,effect_modifying,3073006032,L2,-1,726,726,1.766039618650892,1.766039618650892,1.0,1.0,0.0,,726,726,1.766039618650892,,,726,1.766039618650892,11
chain,nlg,effect_modifying,3073006032,L2,1,187,187,0.32345710279361806,0.32345710279361806,1.0,1.0,0.0,,187,187,0.32345710279361806,,,187,0.32345710279361806,11
chain,nlg,effect_modifying,2400372293,L0,-1,731,731,1.8261249481759738,1.8261249481759738,1.0,1.0,5.6582051749787874e-05,6.300237416101417e-05,731,731,1.8261249481759738,731.0,1.8261249481759738,731,1.8261249481759738,12
chain,nlg,effect_modifying,2400372293,L0,1,196,196,0.42816290589125783,0.42816290589125783,1.0,1.0,0.018369562623613795,0.05883567859072125,196,196,0.42816290589125783,196.0,0.42816290589125783,196,0.42816290589125783,12
chain,nlg,effect_modifying,2400372293,L1-oracle,-1,731,724,1.8259781231903407,1.8259781231903407,0.9904240766073872,1.0,0.00024271852426793264,-8.382261147210635e-05,731,731,1.8259781231903407,731.0,1.8259781231903407,724,1.8334195632236288,12
chain,nlg,effect_modifying,2400372293,L1-oracle,1,196,194,0.36973535378005445,0.36973535378005445,0.9897959183673469,1.0,0.004756632169811212,0.0004081264795178785,196,196,0.36973535378005445,196.0,0.36973535378005445,194,0.36953172482038243,12
chain,nlg,effect_modifying,2400372293,L1-discovered,-1,731,50,1.7686089102660536,1.7686089102660536,0.06839945280437756,1.0,0.38618588505558343,-0.0574530355357592,731,731,1.7686089102660536,731.0,1.7686089102660536,50,1.471368604376254,12
chain,nlg,effect_modifying,2400372293,L1-discovered,1,196,192,0.40723247466655277,0.40723247466655277,0.9795918367346939,1.0,0.07029858832676304,0.03790524736601619,196,196,0.40723247466655277,196.0,0.40723247466655277,192,0.40411508038591687,12
chain,nlg,effect_modifying,2400372293,L2,-1,731,731,1.8260619458018128,1.8260619458018128,1.0,1.0,0.0,,731,731,1.8260619458018128,,,731,1.8260619458018128,12
chain,nlg,effect_modifying,2400372293,L2,1,196,196,0.3693272273005366,0.3693272273005366,1.0,1.0,0.0,,196,196,0.3693272273005366,,,196,0.3693272273005366,12
chain,nlg,effect_modifying,14143617,L0,-1,752,752,1.7619486053497204,1.7619486053497204,1.0,1.0,0.0,6.07416752835821e-05,752,752,1.7619486053497204,752.0,1.7619486053497204,752,1.7619486053497204,13
chain,nlg,effect_modifying,14143617,L0,1,173,173,0.4098660587078762,0.4098660587078762,1.0,1.0,0.03956903671364449,0.051332330404335214,173,173,0.4098660587078762,173.0,0.4098660587078762,173,0.4098660587078762,13
chain,nlg,effect_modifying,14143617,L1-oracle,-1,752,751,1.7618751137752353,1.7618751137752353,0.9986702127659575,1.0,5.287226346091515e-05,-1.2749899201525139e-05,752,752,1.7618751137752353,752.0,1.7618751137752353,751,1.7629028325470266,13
chain,nlg,effect_modifying,14143617,L1-oracle,1,173,173,0.35853372830354097,0.35853372830354097,1.0,1.0,0.002612588913631082,0.0,173,173,0.35853372830354097,173.0,0.35853372830354097,173,0.35853372830354097,13
chain,nlg,effect_modifying,14143617,L1-discovered,-1,752,20,1.690687810997225,1.690687810997225,0.026595744680851064,1.0,0.39540597910552766,-0.07120005267721186,752,752,1.690687810997225,752.0,1.690687810997225,20,1.2914476295046413,13
chain,nlg,effect_modifying,14143617,L1-discovered,1,173,173,0.3908791133552167,0.3908791133552167,1.0,1.0,0.07434412034797051,0.032345385051675724,173,173,0.3908791133552167,173.0,0.3908791133552167,173,0.3908791133552167,13
chain,nlg,effect_modifying,14143617,L2,-1,752,752,1.7618878636744368,1.7618878636744368,1.0,1.0,0.0,,752,752,1.7618878636744368,,,752,1.7618878636744368,13
chain,nlg,effect_modifying,14143617,L2,1,173,173,0.35853372830354097,0.35853372830354097,1.0,1.0,0.0,,173,173,0.35853372830354097,,,173,0.35853372830354097,13
chain,nlg,effect_modifying,1350438117,L0,-1,732,732,1.789948961288807,1.789948961288807,1.0,1.0,0.0,0.027750839869619126,732,732,1.789948961288807,732.0,1.789948961288807,732,1.789948961288807,14
chain,nlg,effect_modifying,1350438117,L0,1,184,184,0.4181611653051962,0.4181611653051962,1.0,1.0,0.010967272435082689,0.04836673672911529,184,184,0.4181611653051962,184.0,0.4181611653051962,184,0.4181611653051962,14
chain,nlg,effect_modifying,1350438117,L1-oracle,-1,732,732,1.7834454367540402,1.7834454367540402,1.0,1.0,0.01689547942675551,0.021247315334852246,732,732,1.7834454367540402,732.0,1.7834454367540402,732,1.7834454367540402,14
chain,nlg,effect_modifying,1350438117,L1-oracle,1,184,184,0.3761767484469608,0.3761767484469608,1.0,1.0,0.009748860668943801,0.006382319870879893,184,184,0.3761767484469608,184.0,0.3761767484469608,184,0.3761767484469608,14
chain,nlg,effect_modifying,1350438117,L1-discovered,-1,732,731,1.7834411535023107,1.7834411535023107,0.9986338797814208,1.0,0.017211581487109554,0.021243032083122726,732,732,1.7834411535023107,732.0,1.7834411535023107,731,1.7848468389651615,14
chain,nlg,effect_modifying,1350438117,L1-discovered,1,184,184,0.4045829311107985,0.4045829311107985,1.0,1.0,0.013273298961571933,0.0347885025347176,184,184,0.4045829311107985,184.0,0.4045829311107985,184,0.4045829311107985,14
chain,nlg,effect_modifying,1350438117,L2,-1,732,732,1.762198121419188,1.762198121419188,1.0,1.0,0.0,,732,732,1.762198121419188,,,732,1.762198121419188,14
chain,nlg,effect_modifying,1350438117,L2,1,184,184,0.3697944285760809,0.3697944285760809,1.0,1.0,0.0,,184,184,0.3697944285760809,,,184,0.3697944285760809,14
chain,nlg,effect_modifying,801569728,L0,-1,770,770,1.7351305971195403,1.7351305971195403,1.0,1.0,0.0,0.06479262602989877,770,770,1.7351305971195403,770.0,1.7351305971195403,770,1.7351305971195403,15
chain,nlg,effect_modifying,801569728,L0,1,149,149,0.39895668512879623,0.39895668512879623,1.0,1.0,0.0184235408382344,0.07358821851596542,149,149,0.39895668512879623,149.0,0.39895668512879623,149,0.39895668512879623,15
chain,nlg,effect_modifying,801569728,L1-oracle,-1,770,770,1.722500359231044,1.722500359231044,1.0,1.0,0.051845858455553645,0.052162388141402394,770,770,1.722500359231044,770.0,1.722500359231044,770,1.722500359231044,15
chain,nlg,effect_modifying,801569728,L1-oracle,1,149,149,0.341191495815338,0.341191495815338,1.0,1.0,0.02488685694328963,0.015823029202507166,149,149,0.341191495815338,149.0,0.341191495815338,149,0.341191495815338,15
chain,nlg,effect_modifying,801569728,L1-discovered,-1,770,734,1.7217796476019542,1.7217796476019542,0.9532467532467532,1.0,0.06596112762607315,0.051441676512312684,770,770,1.7217796476019542,770.0,1.7217796476019542,734,1.7502318291782804,15
chain,nlg,effect_modifying,801569728,L1-discovered,1,149,149,0.38094629869959806,0.38094629869959806,1.0,1.0,0.04018936658262014,0.055577832086767254,149,149,0.38094629869959806,149.0,0.38094629869959806,149,0.38094629869959806,15
chain,nlg,effect_modifying,801569728,L2,-1,770,770,1.6703379710896415,1.6703379710896415,1.0,1.0,0.0,,770,770,1.6703379710896415,,,770,1.6703379710896415,15
chain,nlg,effect_modifying,801569728,L2,1,149,149,0.3253684666128308,0.3253684666128308,1.0,1.0,0.0,,149,149,0.3253684666128308,,,149,0.3253684666128308,15
chain,nlg,effect_modifying,3819681627,L0,-1,759,759,1.7572321522191436,1.7572321522191436,1.0,1.0,0.0,0.039403121922172435,759,759,1.7572321522191436,759.0,1.7572321522191436,759,1.7572321522191436,16
chain,nlg,effect_modifying,3819681627,L0,1,166,166,0.4194410248625928,0.4194410248625928,1.0,1.0,0.025676211954254038,0.08819461546309088,166,166,0.4194410248625928,166.0,0.4194410248625928,166,0.4194410248625928,16
chain,nlg,effect_modifying,3819681627,L1-oracle,-1,759,759,1.7462042439835395,1.7462042439835395,1.0,1.0,0.029638884007687008,0.028375213686568257,759,759,1.7462042439835395,759.0,1.7462042439835395,759,1.7462042439835395,16
chain,nlg,effect_modifying,3819681627,L1-oracle,1,166,163,0.33058524731495975,0.33058524731495975,0.9819277108433735,1.0,0.013573516626094304,-0.0006611620845421995,166,166,0.33058524731495975,166.0,0.33058524731495975,163,0.3300420783393595,16
chain,nlg,effect_modifying,3819681627,L1-discovered,-1,759,105,1.6995362201392763,1.6995362201392763,0.1383399209486166,1.0,0.4063471757039205,-0.018292810157694905,759,759,1.6995362201392763,759.0,1.6995362201392763,105,1.634231510509211,16
chain,nlg,effect_modifying,3819681627,L1-discovered,1,166,166,0.3879749816869643,0.3879749816869643,1.0,1.0,0.07436895640803953,0.056728572287462364,166,166,0.3879749816869643,166.0,0.3879749816869643,166,0.3879749816869643,16
chain,nlg,effect_modifying,3819681627,L2,-1,759,759,1.7178290302969712,1.7178290302969712,1.0,1.0,0.0,,759,759,1.7178290302969712,,,759,1.7178290302969712,16
chain,nlg,effect_modifying,3819681627,L2,1,166,166,0.33124640939950195,0.33124640939950195,1.0,1.0,0.0,,166,166,0.33124640939950195,,,166,0.33124640939950195,16
chain,nlg,effect_modifying,2774431793,L0,-1,761,761,1.7977947062075639,1.7977947062075639,1.0,1.0,0.0,0.001652297484641796,761,761,1.7977947062075639,761.0,1.7977947062075639,761,1.7977947062075639,17
chain,nlg,effect_modifying,2774431793,L0,1,172,172,0.41962269679753406,0.41962269679753406,1.0,1.0,0.020649252682875863,0.06941752340132473,172,172,0.41962269679753406,172.0,0.41962269679753406,172,0.41962269679753406,17
chain,nlg,effect_modifying,2774431793,L1-oracle,-1,761,546,1.7889269802485899,1.7889269802485899,0.7174770039421814,1.0,0.014738335762154263,-0.007215428474332208,761,761,1.7889269802485899,761.0,1.7889269802485899,546,1.890492616667034,17
chain,nlg,effect_modifying,2774431793,L1-oracle,1,172,157,0.3425729913729771,0.3425729913729771,0.9127906976744186,1.0,0.01475615097078505,-0.007632182023232237,172,172,0.3425729913729771,172.0,0.3425729913729771,157,0.3206550003277841,17
chain,nlg,effect_modifying,2774431793,L1-discovered,-1,761,97,1.7550025819435795,1.7550025819435795,0.12746386333771353,1.0,0.3494069890379828,-0.04113982677934258,761,761,1.7550025819435795,761.0,1.7550025819435795,97,1.7552360466606844,17
chain,nlg,effect_modifying,2774431793,L1-discovered,1,172,157,0.3933322602773273,0.3933322602773273,0.9127906976744186,1.0,0.05184436491644687,0.04312708688111799,172,172,0.3933322602773273,172.0,0.3933322602773273,157,0.37379410445625055,17
chain,nlg,effect_modifying,2774431793,L2,-1,761,761,1.796142408722922,1.796142408722922,1.0,1.0,0.0,,761,761,1.796142408722922,,,761,1.796142408722922,17
chain,nlg,effect_modifying,2774431793,L2,1,172,172,0.3502051733962093,0.3502051733962093,1.0,1.0,0.0,,172,172,0.3502051733962093,,,172,0.3502051733962093,17
chain,nlg,effect_modifying,794650984,L0,-1,764,764,1.7393540705874695,1.7393540705874695,1.0,1.0,0.0,0.09094300385892118,764,764,1.7393540705874695,764.0,1.7393540705874695,764,1.7393540705874695,18
chain,nlg,effect_modifying,794650984,L0,1,172,172,0.43698630058504995,0.43698630058504995,1.0,1.0,0.018662764575025,0.06004231081603534,172,172,0.43698630058504995,172.0,0.43698630058504995,172,0.43698630058504995,18
chain,nlg,effect_modifying,794650984,L1-oracle,-1,764,210,1.621027578835888,1.621027578835888,0.27486910994764396,1.0,0.04507785223422074,-0.027383487892660208,764,764,1.621027578835888,764.0,1.621027578835888,210,1.458719155684128,18
chain,nlg,effect_modifying,794650984,L1-oracle,1,172,162,0.37456398079765946,0.37456398079765946,0.9418604651162791,1.0,0.009384498207206342,-0.002380008971355152,172,172,0.37456398079765946,172.0,0.37456398079765946,162,0.3588928101380815,18
chain,nlg,effect_modifying,794650984,L1-discovered,-1,764,210,1.621027578835888,1.621027578835888,0.27486910994764396,1.0,0.04507785223422022,-0.027383487892660208,764,764,1.621027578835888,764.0,1.621027578835888,210,1.458719155684128,18
chain,nlg,effect_modifying,794650984,L1-discovered,1,172,152,0.4038135916849334,0.4038135916849334,0.8837209302325582,1.0,0.011219709597324245,0.026869601915918806,172,172,0.4038135916849334,172.0,0.4038135916849334,152,0.35535157033444426,18
chain,nlg,effect_modifying,794650984,L2,-1,764,764,1.6484110667285483,1.6484110667285483,1.0,1.0,0.0,,764,764,1.6484110667285483,,,764,1.6484110667285483,18
chain,nlg,effect_modifying,794650984,L2,1,172,172,0.3769439897690146,0.3769439897690146,1.0,1.0,0.0,,172,172,0.3769439897690146,,,172,0.3769439897690146,18
chain,nlg,effect_modifying,3338799195,L0,-1,748,748,1.6885746887625799,1.6885746887625799,1.0,1.0,0.00026487450218691717,0.08828707791187562,748,748,1.6885746887625799,748.0,1.6885746887625799,748,1.6885746887625799,19
chain,nlg,effect_modifying,3338799195,L0,1,172,172,0.43492631183408953,0.43492631183408953,1.0,1.0,0.06117308899347969,0.09425732914743656,172,172,0.43492631183408953,172.0,0.43492631183408953,172,0.43492631183408953,19
chain,nlg,effect_modifying,3338799195,L1-oracle,-1,748,748,1.6098533981615408,1.6098533981615408,1.0,1.0,0.03388638986132581,0.009565787310836571,748,748,1.6098533981615408,748.0,1.6098533981615408,748,1.6098533981615408,19
chain,nlg,effect_modifying,3338799195,L1-oracle,1,172,172,0.34066898268665297,0.34066898268665297,1.0,1.0,0.008145682995775205,0.0,172,172,0.34066898268665297,172.0,0.34066898268665297,172,0.34066898268665297,19
chain,nlg,effect_modifying,3338799195,L1-discovered,-1,748,274,1.5763577664716761,1.5763577664716761,0.3663101604278075,1.0,0.3636824427587788,-0.02392984437902812,748,748,1.5763577664716761,748.0,1.5763577664716761,274,1.7388048772249707,19
chain,nlg,effect_modifying,3338799195,L1-discovered,1,172,172,0.39300385146959693,0.39300385146959693,1.0,1.0,0.08320390138148634,0.052334868782943966,172,172,0.39300385146959693,172.0,0.39300385146959693,172,0.39300385146959693,19
chain,nlg,effect_modifying,3338799195,L2,-1,748,748,1.6002876108507043,1.6002876108507043,1.0,1.0,0.0,,748,748,1.6002876108507043,,,748,1.6002876108507043,19
chain,nlg,effect_modifying,3338799195,L2,1,172,172,0.34066898268665297,0.34066898268665297,1.0,1.0,0.0,,172,172,0.34066898268665297,,,172,0.34066898268665297,19
