topology,family,regime,seed,condition,N_eligible_total,Δ_cost,Δ_dist,Gap_cost,Gap_validity_A_neg,Gap_validity_A_pos,ValidityDisp,N_common_found_fourway_total,N_common_found_fourway_min_group,Δ_cost_common_found_fourway,Δ_cost_valid_subset,seed_idx
triangle,linear,additive,3134173889,L0,2415,3.876506391855785,3.8754143214361934,0.0010920704195918063,0.0,0.0,0.0,2415,411,3.876506391855785,3.876506391855785,0
triangle,linear,additive,3134173889,L1-oracle,2415,3.7631441636493235,,0.0,0.0,0.0,0.0,2415,411,3.7631441636493235,3.7631441636493235,0
triangle,linear,additive,3134173889,L1-discovered,2415,3.7631441636493235,,0.0,0.0,0.0,0.0,2415,411,3.7631441636493235,3.7631441636493235,0
triangle,linear,additive,3134173889,L2,2415,3.7110407999021384,,0.0,0.0,0.0,0.0,2415,411,3.7110407999021384,3.7110407999021384,0
triangle,linear,additive,3888140183,L0,2390,3.9094759914824664,3.9082140260801346,0.0012619654023318105,0.0,0.0,0.0,2390,410,3.9094759914824664,3.9094759914824664,1
triangle,linear,additive,3888140183,L1-oracle,2390,3.704773597357334,,0.0,0.0,0.0,0.0,2390,410,3.704773597357334,3.704773597357334,1
triangle,linear,additive,3888140183,L1-discovered,2390,3.704773597357334,,0.0,0.0,0.0,0.0,2390,410,3.704773597357334,3.704773597357334,1
triangle,linear,additive,3888140183,L2,2390,3.6998722686464953,,0.0,0.0,0.0,0.0,2390,410,3.6998722686464953,3.6998722686464953,1
triangle,linear,additive,242446310,L0,2430,3.9474701418643234,3.9463719538636055,0.0010981880007179257,0.0,0.0,0.0,2430,456,3.9474701418643234,3.9474701418643234,2
triangle,linear,additive,242446310,L1-oracle,2430,3.8247093988340604,,0.0,0.032928064842958515,0.002192982456140302,-0.030735082386818213,2430,456,3.8247093988340604,3.8174271675932943,2
triangle,linear,additive,242446310,L1-discovered,2430,3.8247093988340604,,0.0,0.032928064842958515,0.002192982456140302,-0.030735082386818213,2430,456,3.8247093988340604,3.8174271675932943,2
triangle,linear,additive,242446310,L2,2430,3.8282139594520963,,0.0,0.0,0.0,0.0,2430,456,3.8282139594520963,3.8282139594520963,2
triangle,linear,additive,1421188080,L0,2412,3.9448261657571626,3.9433789339643837,0.0014472317927789469,0.0,0.0,0.0,2412,426,3.9448261657571626,3.9448261657571626,3
triangle,linear,additive,1421188080,L1-oracle,2412,3.649110032654571,,0.0,0.07150050352467274,0.0023474178403756207,-0.06915308568429712,2412,426,3.649110032654571,3.628191037002575,3
triangle,linear,additive,1421188080,L1-discovered,2412,3.649110032654571,,0.0,0.07150050352467274,0.0023474178403756207,-0.06915308568429712,2412,426,3.649110032654571,3.628191037002575,3
triangle,linear,additive,1421188080,L2,2412,3.6569258717314734,,0.0,0.0,0.0,0.0,2412,426,3.6569258717314734,3.6569258717314734,3
triangle,linear,additive,2507512415,L0,2430,3.9209066236399774,3.919939668964722,0.000966954675255316,0.0,0.0,0.0,2430,399,3.9209066236399774,3.9209066236399774,4
triangle,linear,additive,2507512415,L1-oracle,2430,3.7882414968815876,,0.0,0.0,0.0,0.0,2430,399,3.7882414968815876,3.7882414968815876,4
triangle,linear,additive,2507512415,L1-discovered,2430,3.7882414968815876,,0.0,0.0,0.0,0.0,2430,399,3.7882414968815876,3.7882414968815876,4
triangle,linear,additive,2507512415,L2,2430,3.757926192955369,,0.0,0.0,0.0,0.0,2430,399,3.757926192955369,3.757926192955369,4
triangle,linear,additive,2830493979,L0,2401,3.787963276106655,3.786944494349105,0.0010187817575499913,0.0,0.0,0.0,2401,370,3.787963276106655,3.787963276106655,5
triangle,linear,additive,2830493979,L1-oracle,2401,3.7847161525468893,,0.0,0.0,0.0,0.0,2401,370,3.7847161525468893,3.7847161525468893,5
triangle,linear,additive,2830493979,L1-discovered,2401,3.7847161525468893,,0.0,0.0,0.0,0.0,2401,370,3.7847161525468893,3.7847161525468893,5
triangle,linear,additive,2830493979,L2,2401,3.7122633462915915,,0.0,0.0,0.0,0.0,2401,370,3.7122633462915915,3.7122633462915915,5
triangle,linear,additive,1162261060,L0,2419,3.933596836786065,3.9323686375036653,0.0012281992823997001,0.0,0.0,0.0,2419,393,3.933596836786065,3.933596836786065,6
triangle,linear,additive,1162261060,L1-oracle,2419,3.928179928801796,,0.0,0.0,0.0,0.0,2419,393,3.928179928801796,3.928179928801796,6
triangle,linear,additive,1162261060,L1-discovered,2419,3.928179928801796,,0.0,0.0,0.0,0.0,2419,393,3.928179928801796,3.928179928801796,6
triangle,linear,additive,1162261060,L2,2419,3.9062402913663323,,0.0,0.0,0.0,0.0,2419,393,3.9062402913663323,3.9062402913663323,6
triangle,linear,additive,3312119525,L0,2422,3.9259868396368884,3.9250910655201254,0.000895774116763004,0.0,0.0,0.0,2422,414,3.9259868396368884,3.9259868396368884,7
triangle,linear,additive,3312119525,L1-oracle,2422,3.744034552187355,,0.0,0.3615537848605578,0.06521739130434778,-0.29633639355621,2422,414,3.744034552187355,3.5717984333887474,7
triangle,linear,additive,3312119525,L1-discovered,2422,3.744034552187355,,0.0,0.3615537848605578,0.06521739130434778,-0.29633639355621,2422,414,3.744034552187355,3.5717984333887474,7
triangle,linear,additive,3312119525,L2,2422,3.778925775501182,,0.0,0.0,0.0,0.0,2422,414,3.778925775501182,3.778925775501182,7
triangle,linear,additive,3527135551,L0,2413,3.902108305493838,3.9008632131509806,0.0012450923428573013,0.0,0.0,0.0,2413,402,3.902108305493838,3.902108305493838,8
triangle,linear,additive,3527135551,L1-oracle,2413,3.683202843163291,,0.0,0.03679761312779717,0.00497512437810943,-0.03182248874968774,2413,402,3.683202843163291,3.679828257603321,8
triangle,linear,additive,3527135551,L1-discovered,2413,3.683202843163291,,0.0,0.03679761312779717,0.00497512437810943,-0.03182248874968774,2413,402,3.683202843163291,3.679828257603321,8
triangle,linear,additive,3527135551,L2,2413,3.686769225695607,,0.0,0.0,0.0,0.0,2413,402,3.686769225695607,3.686769225695607,8
triangle,linear,additive,2727678368,L0,2392,3.8591924342767983,3.8574921449943496,0.001700289282448697,0.0,0.0,0.0,2392,418,3.8591924342767983,3.8591924342767983,9
triangle,linear,additive,2727678368,L1-oracle,2392,3.518318486271762,,0.0,0.0,0.0,0.0,2392,418,3.518318486271762,3.518318486271762,9
triangle,linear,additive,2727678368,L1-discovered,2392,3.518318486271762,,0.0,0.0,0.0,0.0,2392,418,3.518318486271762,3.518318486271762,9
triangle,linear,additive,2727678368,L2,2392,3.5153987241938474,,0.0,0.0,0.0,0.0,2392,418,3.5153987241938474,3.5153987241938474,9
triangle,linear,additive,2186263937,L0,2464,4.024697656035682,4.02384737773082,0.0008502783048625062,0.0,0.0,0.0,2464,488,4.024697656035682,4.024697656035682,10
triangle,linear,additive,2186263937,L1-oracle,2464,3.8630221235718087,,0.0,0.24696356275303644,0.030737704918032738,-0.2162258578350037,2464,488,3.8630221235718087,3.801443326818805,10
triangle,linear,additive,2186263937,L1-discovered,2464,3.8630221235718087,,0.0,0.24696356275303644,0.030737704918032738,-0.2162258578350037,2464,488,3.8630221235718087,3.801443326818805,10
triangle,linear,additive,2186263937,L2,2464,3.8885504734168963,,0.0,0.0,0.0,0.0,2464,488,3.8885504734168963,3.8885504734168963,10
triangle,linear,additive,3073006032,L0,2465,3.94640955744344,3.945826615441908,0.000582942001531972,0.0,0.0,0.0,2465,431,3.94640955744344,3.94640955744344,11
triangle,linear,additive,3073006032,L1-oracle,2465,3.7170401086259344,,0.0,0.14896755162241893,0.02088167053364265,-0.12808588108877628,2465,431,3.7170401086259344,3.6822263711129506,11
triangle,linear,additive,3073006032,L1-discovered,2465,3.7170401086259344,,0.0,0.14896755162241893,0.02088167053364265,-0.12808588108877628,2465,431,3.7170401086259344,3.6822263711129506,11
triangle,linear,additive,3073006032,L2,2465,3.7318333292210593,,0.0,0.0,0.0,0.0,2465,431,3.7318333292210593,3.7318333292210593,11
triangle,linear,additive,2400372293,L0,2424,3.8758546668274834,3.8743602190157276,0.0014944478117557836,0.0,0.0,0.0,2424,436,3.8758546668274834,3.8758546668274834,12
triangle,linear,additive,2400372293,L1-oracle,2424,3.603181344530672,,0.0,0.0,0.0,0.0,2424,436,3.603181344530672,3.603181344530672,12
triangle,linear,additive,2400372293,L1-discovered,2424,3.603181344530672,,0.0,0.0,0.0,0.0,2424,436,3.603181344530672,3.603181344530672,12
triangle,linear,additive,2400372293,L2,2424,3.5689639462746467,,0.0,0.0,0.0,0.0,2424,436,3.5689639462746467,3.5689639462746467,12
triangle,linear,additive,14143617,L0,2431,3.9071676038450422,3.9060449724582567,0.0011226313867855886,0.0,0.0,0.0,2431,439,3.9071676038450422,3.9071676038450422,13
triangle,linear,additive,14143617,L1-oracle,2431,3.6969282475807392,,0.0,0.0,0.0,0.0,2431,439,3.6969282475807392,3.6969282475807392,13
triangle,linear,additive,14143617,L1-discovered,2431,3.6969282475807392,,0.0,0.0,0.0,0.0,2431,439,3.6969282475807392,3.6969282475807392,13
triangle,linear,additive,14143617,L2,2431,3.6787666798740926,,0.0,0.0,0.0,0.0,2431,439,3.6787666798740926,3.6787666798740926,13
triangle,linear,additive,1350438117,L0,2422,3.8749457446653586,3.8737525666969006,0.0011931779684579702,0.0,0.0,0.0,2422,423,3.8749457446653586,3.8749457446653586,14
triangle,linear,additive,1350438117,L1-oracle,2422,3.8787592796218275,,0.0,0.002501250625312701,0.026004728132387744,0.023503477507075043,2422,423,3.8787592796218275,3.888063639788064,14
triangle,linear,additive,1350438117,L1-discovered,2422,3.8787592796218275,,0.0,0.002501250625312701,0.026004728132387744,0.023503477507075043,2422,423,3.8787592796218275,3.888063639788064,14
triangle,linear,additive,1350438117,L2,2422,3.8782510624863384,,0.0,0.0,0.0,0.0,2422,423,3.8782510624863384,3.8782510624863384,14
triangle,linear,additive,801569728,L0,2431,3.7718262125336137,3.7711655843140086,0.0006606282196051083,0.0,0.0,0.0,2431,415,3.7718262125336137,3.7718262125336137,15
triangle,linear,additive,801569728,L1-oracle,2431,3.7732128088174473,,0.0,0.0,0.0,0.0,2431,415,3.7732128088174473,3.7732128088174473,15
triangle,linear,additive,801569728,L1-discovered,2431,3.7732128088174473,,0.0,0.0,0.0,0.0,2431,415,3.7732128088174473,3.7732128088174473,15
triangle,linear,additive,801569728,L2,2431,3.773863316901235,,0.0,0.0,0.0,0.0,2431,415,3.773863316901235,3.773863316901235,15
triangle,linear,additive,3819681627,L0,2451,3.884151169372526,3.8830580896369433,0.0010930797355825916,0.0,0.0,0.0,2451,456,3.884151169372526,3.884151169372526,16
triangle,linear,additive,3819681627,L1-oracle,2451,3.566508561106034,,0.0,0.4335839598997494,0.05701754385964908,-0.3765664160401003,2451,456,3.566508561106034,3.3663473619632307,16
triangle,linear,additive,3819681627,L1-discovered,2451,3.566508561106034,,0.0,0.4335839598997494,0.05701754385964908,-0.3765664160401003,2451,456,3.566508561106034,3.3663473619632307,16
triangle,linear,additive,3819681627,L2,2451,3.609000788159459,,0.0,0.0,0.0,0.0,2451,456,3.609000788159459,3.609000788159459,16
triangle,linear,additive,2774431793,L0,2434,3.8454146491541215,3.8441968323643065,0.0012178167898149184,0.0,0.0,0.0,2434,410,3.8454146491541215,3.8454146491541215,17
triangle,linear,additive,2774431793,L1-oracle,2434,3.585515527476143,,0.0,0.1551383399209486,0.012195121951219523,-0.14294321796972909,2434,410,3.585515527476143,3.525727163017838,17
triangle,linear,additive,2774431793,L1-discovered,2434,3.585515527476143,,0.0,0.1551383399209486,0.012195121951219523,-0.14294321796972909,2434,410,3.585515527476143,3.525727163017838,17
triangle,linear,additive,2774431793,L2,2434,3.6016601397627004,,0.0,0.0,0.0,0.0,2434,410,3.6016601397627004,3.6016601397627004,17
triangle,linear,additive,794650984,L0,2402,3.8263987631979104,3.825157319407359,0.0012414437905512443,0.0,0.0,0.0,2402,382,3.8263987631979104,3.8263987631979104,18
triangle,linear,additive,794650984,L1-oracle,2402,3.685378086894443,,0.0,0.0,0.0,0.0,2402,382,3.685378086894443,3.685378086894443,18
triangle,linear,additive,794650984,L1-discovered,2402,3.685378086894443,,0.0,0.0,0.0,0.0,2402,382,3.685378086894443,3.685378086894443,18
triangle,linear,additive,794650984,L2,2402,3.6595116183793746,,0.0,0.0,0.0,0.0,2402,382,3.6595116183793746,3.6595116183793746,18
triangle,linear,additive,3338799195,L0,2421,3.9279063435314003,3.92648266887257,0.0014236746588305316,0.0,0.0,0.0,2421,455,3.9279063435314003,3.9279063435314003,19
triangle,linear,additive,3338799195,L1-oracle,2421,3.648929892125758,,0.0,0.0,0.0,0.0,2421,455,3.648929892125758,3.648929892125758,19
triangle,linear,additive,3338799195,L1-discovered,2421,3.648929892125758,,0.0,0.0,0.0,0.0,2421,455,3.648929892125758,3.648929892125758,19
triangle,linear,additive,3338799195,L2,2421,3.619575131200934,,0.0,0.0,0.0,0.0,2421,455,3.619575131200934,3.619575131200934,19
triangle,linear,effect_modifying,3134173889,L0,2592,2.704100030533811,2.7037090137882105,0.00039101674560049204,0.0,0.0,0.0,2592,589,2.704100030533811,2.704100030533811,0
triangle,linear,effect_modifying,3134173889,L1-oracle,2592,2.901124264017243,,0.0,0.0,0.0,0.0,2592,589,2.901124264017243,2.901124264017243,0
triangle,linear,effect_modifying,3134173889,L1-discovered,2592,2.426928892264613,,0.0,0.9970044932601099,0.0,-0.9970044932601099,2592,589,2.426928892264613,-0.5392071376584098,0
triangle,linear,effect_modifying,3134173889,L2,2592,2.9170408017194087,,0.0,0.0,0.0,0.0,2592,589,2.9170408017194087,2.9170408017194087,0
triangle,linear,effect_modifying,3888140183,L0,2519,2.5945580627020695,2.594414291828982,0.00014377087308758973,0.0,0.0,0.0,2519,540,2.5945580627020695,2.5945580627020695,1
triangle,linear,effect_modifying,3888140183,L1-oracle,2519,2.808254060982931,,0.0,0.0,0.01851851851851849,0.01851851851851849,2519,540,2.808254060982931,2.8174766950628873,1
triangle,linear,effect_modifying,3888140183,L1-discovered,2519,2.359037496791002,,0.0,0.9974734714502274,0.0,-0.9974734714502274,2519,540,2.359037496791002,-0.5851498132574562,1
triangle,linear,effect_modifying,3888140183,L2,2519,2.8061726115963133,,0.0,0.0,0.0,0.0,2519,540,2.8061726115963133,2.8061726115963133,1
triangle,linear,effect_modifying,242446310,L0,2596,2.847303558706453,2.8466227414507537,0.0006808172556991288,0.0,0.0,0.0,2596,623,2.847303558706453,2.847303558706453,2
triangle,linear,effect_modifying,242446310,L1-oracle,2596,3.0597192768755774,,0.0,0.0,0.0,0.0,2596,623,3.0597192768755774,3.0597192768755774,2
triangle,linear,effect_modifying,242446310,L1-discovered,2596,2.5102941843397586,,0.0,0.9989863152559554,0.0,-0.9989863152559554,2596,623,2.5102941843397586,-0.6488175046407162,2
triangle,linear,effect_modifying,242446310,L2,2596,3.063482691815626,,0.0,0.0,0.0,0.0,2596,623,3.063482691815626,3.063482691815626,2
triangle,linear,effect_modifying,1421188080,L0,2564,2.8715675592093612,2.8706368704886516,0.0009306887207096715,0.0,0.0,0.0,2564,580,2.8715675592093612,2.8715675592093612,3
triangle,linear,effect_modifying,1421188080,L1-oracle,2564,3.0538819894569826,,0.0,0.0005040322580645018,0.0,-0.0005040322580645018,2564,580,3.0538819894569826,3.0553817719906564,3
triangle,linear,effect_modifying,1421188080,L1-discovered,2564,2.501262898256794,,0.0,0.998991935483871,0.0,-0.998991935483871,2564,580,2.501262898256794,-0.41957525194248113,3
triangle,linear,effect_modifying,1421188080,L2,2564,3.0610097174697586,,0.0,0.0,0.0,0.0,2564,580,3.0610097174697586,3.0610097174697586,3
triangle,linear,effect_modifying,2507512415,L0,2606,2.7539715781134717,2.753566090344947,0.00040548776852489254,0.0,0.0,0.0,2606,576,2.7539715781134717,2.7539715781134717,4
triangle,linear,effect_modifying,2507512415,L1-oracle,2606,2.961372635359312,,0.0,0.0,0.0,0.0,2606,576,2.961372635359312,2.961372635359312,4
triangle,linear,effect_modifying,2507512415,L1-discovered,2606,2.4797540059372647,,0.0,0.9990147783251232,0.0,-0.9990147783251232,2606,576,2.4797540059372647,-0.41448505820819703,4
triangle,linear,effect_modifying,2507512415,L2,2606,2.963916504697227,,0.0,0.0,0.0,0.0,2606,576,2.963916504697227,2.963916504697227,4
triangle,linear,effect_modifying,2830493979,L0,2556,2.7314327642323506,2.7306374114530962,0.0007953527792543547,0.0,0.0,0.0,2556,526,2.7314327642323506,2.7314327642323506,5
triangle,linear,effect_modifying,2830493979,L1-oracle,2556,2.929496666601815,,0.0,0.0,0.0,0.0,2556,526,2.929496666601815,2.929496666601815,5
triangle,linear,effect_modifying,2830493979,L1-discovered,2556,2.4140372438924467,,0.0,1.0,0.0,-1.0,2556,526,2.4140372438924467,,5
triangle,linear,effect_modifying,2830493979,L2,2556,2.9321811241519926,,0.0,0.0,0.0,0.0,2556,526,2.9321811241519926,2.9321811241519926,5
triangle,linear,effect_modifying,1162261060,L0,2568,2.7419061396180697,2.741472650414256,0.00043348920381358624,0.0,0.0,0.0,2568,543,2.7419061396180697,2.7419061396180697,6
triangle,linear,effect_modifying,1162261060,L1-oracle,2568,2.933655369876594,,0.0,0.0,0.0,0.0,2568,543,2.933655369876594,2.933655369876594,6
triangle,linear,effect_modifying,1162261060,L1-discovered,2568,2.4609768068902858,,0.0,0.9985185185185185,0.0,-0.9985185185185185,2568,543,2.4609768068902858,-0.48098982468984774,6
triangle,linear,effect_modifying,1162261060,L2,2568,2.9483976592589856,,0.0,0.0,0.0,0.0,2568,543,2.9483976592589856,2.9483976592589856,6
triangle,linear,effect_modifying,3312119525,L0,2585,2.698556437684787,2.6982887118861205,0.00026772579866651824,0.0,0.0,0.0,2585,579,2.698556437684787,2.698556437684787,7
triangle,linear,effect_modifying,3312119525,L1-oracle,2585,2.900076466889872,,0.0,0.0,0.0,0.0,2585,579,2.900076466889872,2.900076466889872,7
triangle,linear,effect_modifying,3312119525,L1-discovered,2585,2.4332824185832282,,0.0,0.9970089730807578,0.0,-0.9970089730807578,2585,579,2.4332824185832282,-0.4330189966988511,7
triangle,linear,effect_modifying,3312119525,L2,2585,2.909471462003817,,0.0,0.0,0.0,0.0,2585,579,2.909471462003817,2.909471462003817,7
triangle,linear,effect_modifying,3527135551,L0,2557,2.6690906108607773,2.668737680226705,0.00035293063407237923,0.0,0.0,0.0,2557,546,2.6690906108607773,2.6690906108607773,8
triangle,linear,effect_modifying,3527135551,L1-oracle,2557,2.872053433497476,,0.0,0.0004972650422675473,0.0,-0.0004972650422675473,2557,546,2.872053433497476,2.873696168285896,8
triangle,linear,effect_modifying,3527135551,L1-discovered,2557,2.359400621002315,,0.0,0.9970164097463948,0.0,-0.9970164097463948,2557,546,2.359400621002315,-0.610759327355817,8
triangle,linear,effect_modifying,3527135551,L2,2557,2.878563768802037,,0.0,0.0,0.0,0.0,2557,546,2.878563768802037,2.878563768802037,8
triangle,linear,effect_modifying,2727678368,L0,2547,2.860268401309177,2.8591298482776466,0.0011385530315304315,0.0,0.0,0.0,2547,576,2.860268401309177,2.860268401309177,9
triangle,linear,effect_modifying,2727678368,L1-oracle,2547,3.048340942399139,,0.0,0.0015220700152207556,0.0,-0.0015220700152207556,2547,576,3.048340942399139,3.053274728693976,9
triangle,linear,effect_modifying,2727678368,L1-discovered,2547,2.4801154965640873,,0.0,0.9989852866565195,0.0,-0.9989852866565195,2547,576,2.4801154965640873,-0.7384186069232118,9
triangle,linear,effect_modifying,2727678368,L2,2547,3.0607421769071474,,0.0,0.0,0.0,0.0,2547,576,3.0607421769071474,3.0607421769071474,9
triangle,linear,effect_modifying,2186263937,L0,2596,2.7892948115089373,2.788852637152158,0.0004421743567792902,0.0,0.0,0.0,2596,620,2.7892948115089373,2.7892948115089373,10
triangle,linear,effect_modifying,2186263937,L1-oracle,2596,3.0227592259635183,,0.0,0.0,0.040322580645161255,0.040322580645161255,2596,620,3.0227592259635183,3.039326089357684,10
triangle,linear,effect_modifying,2186263937,L1-discovered,2596,2.490044571171583,,0.0,0.9984817813765182,0.0,-0.9984817813765182,2596,620,2.490044571171583,-0.6908063106820501,10
triangle,linear,effect_modifying,2186263937,L2,2596,3.0181866549197984,,0.0,0.0,0.0,0.0,2596,620,3.0181866549197984,3.0181866549197984,10
triangle,linear,effect_modifying,3073006032,L0,2591,2.6602984132316174,2.6602291974408225,6.921579079488538e-05,0.0,0.0,0.0,2591,559,2.6602984132316174,2.6602984132316174,11
triangle,linear,effect_modifying,3073006032,L1-oracle,2591,2.874815835725696,,0.0,0.0,0.0,0.0,2591,559,2.874815835725696,2.874815835725696,11
triangle,linear,effect_modifying,3073006032,L1-discovered,2591,2.4017874881289716,,0.0,0.999507874015748,0.0,-0.999507874015748,2591,559,2.4017874881289716,-0.7254620861076744,11
triangle,linear,effect_modifying,3073006032,L2,2591,2.8796257946454813,,0.0,0.0,0.0,0.0,2591,559,2.8796257946454813,2.8796257946454813,11
triangle,linear,effect_modifying,2400372293,L0,2568,2.6078230442410573,2.6076231742715046,0.00019986996955267955,0.0,0.0,0.0,2568,584,2.6078230442410573,2.6078230442410573,12
triangle,linear,effect_modifying,2400372293,L1-oracle,2568,2.829629847996934,,0.0,0.0,0.0,0.0,2568,584,2.829629847996934,2.829629847996934,12
triangle,linear,effect_modifying,2400372293,L1-discovered,2568,2.366475872269396,,0.0,0.9969758064516129,0.0,-0.9969758064516129,2568,584,2.366475872269396,-0.6023478467730445,12
triangle,linear,effect_modifying,2400372293,L2,2568,2.8307872986448803,,0.0,0.0,0.0,0.0,2568,584,2.8307872986448803,2.8307872986448803,12
triangle,linear,effect_modifying,14143617,L0,2564,2.6399618379969416,2.639628774152249,0.00033306384469256045,0.0,0.0,0.0,2564,573,2.6399618379969416,2.6399618379969416,13
triangle,linear,effect_modifying,14143617,L1-oracle,2564,2.8670838385599398,,0.0,0.0,0.0,0.0,2564,573,2.8670838385599398,2.8670838385599398,13
triangle,linear,effect_modifying,14143617,L1-discovered,2564,2.3518266315386267,,0.0,0.9969864389753893,0.0,-0.9969864389753893,2564,573,2.3518266315386267,-0.6053386622481405,13
triangle,linear,effect_modifying,14143617,L2,2564,2.8670838385599398,,0.0,0.0,0.0,0.0,2564,573,2.8670838385599398,2.8670838385599398,13
triangle,linear,effect_modifying,1350438117,L0,2596,2.635383266310794,2.635383266310794,0.0,0.0,0.0,0.0,2596,598,2.635383266310794,2.635383266310794,14
triangle,linear,effect_modifying,1350438117,L1-oracle,2596,2.856367460986849,,0.0,0.0,0.08361204013377932,0.08361204013377932,2596,598,2.856367460986849,2.893204491370991,14
triangle,linear,effect_modifying,1350438117,L1-discovered,2596,2.4026515182191934,,0.0,0.997997997997998,0.0,-0.997997997997998,2596,598,2.4026515182191934,-0.16651944751495484,14
triangle,linear,effect_modifying,1350438117,L2,2596,2.8470441529544357,,0.0,0.0,0.0,0.0,2596,598,2.8470441529544357,2.8470441529544357,14
triangle,linear,effect_modifying,801569728,L0,2573,2.495787899379164,2.495787899379164,0.0,0.0,0.0,0.0,2573,560,2.495787899379164,2.495787899379164,15
triangle,linear,effect_modifying,801569728,L1-oracle,2573,2.69735008565668,,0.0,0.0,0.0,0.0,2573,560,2.69735008565668,2.69735008565668,15
triangle,linear,effect_modifying,801569728,L1-discovered,2573,2.315086383457447,,0.0,0.9970193740685543,0.0,-0.9970193740685543,2573,560,2.315086383457447,-0.10959636889013302,15
triangle,linear,effect_modifying,801569728,L2,2573,2.711238504138829,,0.0,0.0,0.0,0.0,2573,560,2.711238504138829,2.711238504138829,15
triangle,linear,effect_modifying,3819681627,L0,2578,2.7412408583120804,2.7412408583120804,0.0,0.0,0.0,0.0,2578,583,2.7412408583120804,2.7412408583120804,16
triangle,linear,effect_modifying,3819681627,L1-oracle,2578,2.9784387682074644,,0.0,0.0,0.08233276157804459,0.08233276157804459,2578,583,2.9784387682074644,3.021135869149592,16
triangle,linear,effect_modifying,3819681627,L1-discovered,2578,2.3922609520608544,,0.0,0.9994987468671679,0.0,-0.9994987468671679,2578,583,2.3922609520608544,-0.721697545233184,16
triangle,linear,effect_modifying,3819681627,L2,2578,2.9693197640063254,,0.0,0.0,0.0,0.0,2578,583,2.9693197640063254,2.9693197640063254,16
triangle,linear,effect_modifying,2774431793,L0,2603,2.7742605481228546,2.772536555706277,0.0017239924165775022,0.0,0.0,0.0,2603,579,2.7742605481228546,2.7742605481228546,17
triangle,linear,effect_modifying,2774431793,L1-oracle,2603,2.9805975346698075,,0.0,0.0,0.09153713298791022,0.09153713298791022,2603,579,2.9805975346698075,3.0198254471636456,17
triangle,linear,effect_modifying,2774431793,L1-discovered,2603,2.4348772693392973,,0.0,0.9985177865612648,0.0,-0.9985177865612648,2603,579,2.4348772693392973,-0.5403814603826482,17
triangle,linear,effect_modifying,2774431793,L2,2603,2.9704414959708876,,0.0,0.0,0.0,0.0,2603,579,2.9704414959708876,2.9704414959708876,17
triangle,linear,effect_modifying,794650984,L0,2576,2.7114573131086703,2.7106947535096553,0.0007625595990150558,0.0,0.0,0.0,2576,556,2.7114573131086703,2.7114573131086703,18
triangle,linear,effect_modifying,794650984,L1-oracle,2576,2.9176856883972206,,0.0,0.0,0.0,0.0,2576,556,2.9176856883972206,2.9176856883972206,18
triangle,linear,effect_modifying,794650984,L1-discovered,2576,2.4035139575508033,,0.0,0.998019801980198,0.0,-0.998019801980198,2576,556,2.4035139575508033,-0.4952283592738001,18
triangle,linear,effect_modifying,794650984,L2,2576,2.919492232452654,,0.0,0.0,0.0,0.0,2576,556,2.919492232452654,2.919492232452654,18
triangle,linear,effect_modifying,3338799195,L0,2534,2.8269655060012515,2.8269655060012515,0.0,0.0,0.0,0.0,2534,568,2.8269655060012515,2.8269655060012515,19
triangle,linear,effect_modifying,3338799195,L1-oracle,2534,3.0390852841715774,,0.0,0.0,0.0017605633802817433,0.0017605633802817433,2534,568,3.0390852841715774,3.03912031287397,19
triangle,linear,effect_modifying,3338799195,L1-discovered,2534,2.468342197848167,,0.0,0.9994913530010173,0.0,-0.9994913530010173,2534,568,2.468342197848167,-0.3198145576326552,19
triangle,linear,effect_modifying,3338799195,L2,2534,3.0388872430978306,,0.0,0.0,0.0,0.0,2534,568,3.0388872430978306,3.0388872430978306,19
triangle,nlg,additive,3134173889,L0,2403,3.3385597515515104,3.3385060092860908,5.374226541965399e-05,0.0,0.0,0.0,2403,399,3.3385597515515104,3.3385597515515104,0
triangle,nlg,additive,3134173889,L1-oracle,2403,3.3392048500817504,,0.0,0.0,0.0,0.0,2403,399,3.3392048500817504,3.3392048500817504,0
triangle,nlg,additive,3134173889,L1-discovered,2403,3.3392048500817504,,0.0,0.0,0.0,0.0,2403,399,3.3392048500817504,3.3392048500817504,0
triangle,nlg,additive,3134173889,L2,2403,3.3397518794302488,,0.0,0.0,0.0,0.0,2403,399,3.3397518794302488,3.3397518794302488,0
triangle,nlg,additive,3888140183,L0,2352,3.315614496326093,3.315614496326093,0.0,0.0,0.0,0.0,2352,372,3.315614496326093,3.315614496326093,1
triangle,nlg,additive,3888140183,L1-oracle,2352,3.3168963937130176,,0.0,0.0010101010101010166,0.008064516129032251,0.007054415118931234,2352,372,3.3168963937130176,3.31892127713646,1
triangle,nlg,additive,3888140183,L1-discovered,2352,3.3168963937130176,,0.0,0.0010101010101010166,0.008064516129032251,0.007054415118931234,2352,372,3.3168963937130176,3.31892127713646,1
triangle,nlg,additive,3888140183,L2,2352,3.3165945207334095,,0.0,0.0,0.0,0.0,2352,372,3.3165945207334095,3.3165945207334095,1
triangle,nlg,additive,242446310,L0,2406,3.3529813343673602,3.3529658166403435,1.551772701668952e-05,0.0,0.0,0.0,2406,432,3.3529813343673602,3.3529813343673602,2
triangle,nlg,additive,242446310,L1-oracle,2406,3.3541052214947578,,0.0,0.0,0.0,0.0,2406,432,3.3541052214947578,3.3541052214947578,2
triangle,nlg,additive,242446310,L1-discovered,2406,3.3541052214947578,,0.0,0.0,0.0,0.0,2406,432,3.3541052214947578,3.3541052214947578,2
triangle,nlg,additive,242446310,L2,2406,3.3541052214947578,,0.0,0.0,0.0,0.0,2406,432,3.3541052214947578,3.3541052214947578,2
triangle,nlg,additive,1421188080,L0,2383,3.418485545548127,3.418485545548127,0.0,0.0,0.0,0.0,2383,398,3.418485545548127,3.418485545548127,3
triangle,nlg,additive,1421188080,L1-oracle,2383,3.4205717774442825,,0.0,0.001007556675063026,0.015075376884422065,0.014067820209359039,2383,398,3.4205717774442825,3.4219304961281733,3
triangle,nlg,additive,1421188080,L1-discovered,2383,3.4205717774442825,,0.0,0.001007556675063026,0.015075376884422065,0.014067820209359039,2383,398,3.4205717774442825,3.4219304961281733,3
triangle,nlg,additive,1421188080,L2,2383,3.4199522328204273,,0.0,0.0,0.0,0.0,2383,398,3.4199522328204273,3.4199522328204273,3
triangle,nlg,additive,2507512415,L0,2399,3.361022234799346,3.3609801265507837,4.2108248562211514e-05,0.0,0.0,0.0,2399,368,3.361022234799346,3.361022234799346,4
triangle,nlg,additive,2507512415,L1-oracle,2399,3.3622838822961008,,0.0,0.0,0.0,0.0,2399,368,3.3622838822961008,3.3622838822961008,4
triangle,nlg,additive,2507512415,L1-discovered,2399,3.3622838822961008,,0.0,0.0,0.0,0.0,2399,368,3.3622838822961008,3.3622838822961008,4
triangle,nlg,additive,2507512415,L2,2399,3.362754588787347,,0.0,0.0,0.0,0.0,2399,368,3.362754588787347,3.362754588787347,4
triangle,nlg,additive,2830493979,L0,2378,3.2475786756393132,3.2475597322223435,1.894341696973001e-05,0.0,0.0,0.0,2378,347,3.2475786756393132,3.2475786756393132,5
triangle,nlg,additive,2830493979,L1-oracle,2378,3.248103847549277,,0.0,0.0,0.0,0.0,2378,347,3.248103847549277,3.248103847549277,5
triangle,nlg,additive,2830493979,L1-discovered,2378,3.248103847549277,,0.0,0.0,0.0,0.0,2378,347,3.248103847549277,3.248103847549277,5
triangle,nlg,additive,2830493979,L2,2378,3.24846687584736,,0.0,0.0,0.0,0.0,2378,347,3.24846687584736,3.24846687584736,5
triangle,nlg,additive,1162261060,L0,2389,3.3663146824659913,3.366268563100133,4.611936585829923e-05,0.0,0.0,0.0,2389,363,3.3663146824659913,3.3663146824659913,6
triangle,nlg,additive,1162261060,L1-oracle,2389,3.367139168347145,,0.0,0.0,0.0,0.0,2389,363,3.367139168347145,3.367139168347145,6
triangle,nlg,additive,1162261060,L1-discovered,2389,3.367139168347145,,0.0,0.0,0.0,0.0,2389,363,3.367139168347145,3.367139168347145,6
triangle,nlg,additive,1162261060,L2,2389,3.3673424724078185,,0.0,0.0,0.0,0.0,2389,363,3.3673424724078185,3.3673424724078185,6
triangle,nlg,additive,3312119525,L0,2387,3.3808764576115244,3.3808238653114606,5.259230006382509e-05,0.0,0.0,0.0,2387,380,3.3808764576115244,3.3808764576115244,7
triangle,nlg,additive,3312119525,L1-oracle,2387,3.381813554892139,,0.0,0.001494768310911776,0.0026315789473684292,0.0011368106364566533,2387,380,3.381813554892139,3.385919046118639,7
triangle,nlg,additive,3312119525,L1-discovered,2387,3.381813554892139,,0.0,0.001494768310911776,0.0026315789473684292,0.0011368106364566533,2387,380,3.381813554892139,3.385919046118639,7
triangle,nlg,additive,3312119525,L2,2387,3.3817990692859397,,0.0,0.0,0.0,0.0,2387,380,3.3817990692859397,3.3817990692859397,7
triangle,nlg,additive,3527135551,L0,2370,3.3249940677217174,3.3249038131656343,9.02545560830248e-05,0.0,0.0,0.0,2370,359,3.3249940677217174,3.3249940677217174,8
triangle,nlg,additive,3527135551,L1-oracle,2370,3.3259528207039004,,0.0,0.0,0.0,0.0,2370,359,3.3259528207039004,3.3259528207039004,8
triangle,nlg,additive,3527135551,L1-discovered,2370,3.3259528207039004,,0.0,0.0,0.0,0.0,2370,359,3.3259528207039004,3.3259528207039004,8
triangle,nlg,additive,3527135551,L2,2370,3.3266739344083263,,0.0,0.0,0.0,0.0,2370,359,3.3266739344083263,3.3266739344083263,8
triangle,nlg,additive,2727678368,L0,2374,3.4170984002744826,3.4170741935608238,2.420671365888083e-05,0.0,0.0,0.0,2374,400,3.4170984002744826,3.4170984002744826,9
triangle,nlg,additive,2727678368,L1-oracle,2374,3.4203706411885975,,0.0,0.015197568389057725,0.025000000000000022,0.009802431610942297,2374,400,3.4203706411885975,3.459658492415164,9
triangle,nlg,additive,2727678368,L1-discovered,2374,3.4203706411885975,,0.0,0.015197568389057725,0.025000000000000022,0.009802431610942297,2374,400,3.4203706411885975,3.459658492415164,9
triangle,nlg,additive,2727678368,L2,2374,3.4197193706007383,,0.0,0.0,0.0,0.0,2374,400,3.4197193706007383,3.4197193706007383,9
triangle,nlg,additive,2186263937,L0,2449,3.449866361654097,3.4498240659072628,4.2295746834231096e-05,0.0,0.0,0.0,2449,473,3.449866361654097,3.449866361654097,10
triangle,nlg,additive,2186263937,L1-oracle,2449,3.451515747812517,,0.0,0.0,0.025369978858350906,0.025369978858350906,2449,473,3.451515747812517,3.4506116197985914,10
triangle,nlg,additive,2186263937,L1-discovered,2449,3.451515747812517,,0.0,0.0,0.025369978858350906,0.025369978858350906,2449,473,3.451515747812517,3.4506116197985914,10
triangle,nlg,additive,2186263937,L2,2449,3.4505132980626403,,0.0,0.0,0.0,0.0,2449,473,3.4505132980626403,3.4505132980626403,10
triangle,nlg,additive,3073006032,L0,2431,3.3944077405675497,3.3944077405675497,0.0,0.0,0.0,0.0,2431,397,3.3944077405675497,3.3944077405675497,11
triangle,nlg,additive,3073006032,L1-oracle,2431,3.394796771248082,,0.0,0.0,0.0,0.0,2431,397,3.394796771248082,3.394796771248082,11
triangle,nlg,additive,3073006032,L1-discovered,2431,3.394796771248082,,0.0,0.0,0.0,0.0,2431,397,3.394796771248082,3.394796771248082,11
triangle,nlg,additive,3073006032,L2,2431,3.39538737530897,,0.0,0.0,0.0,0.0,2431,397,3.39538737530897,3.39538737530897,11
triangle,nlg,additive,2400372293,L0,2391,3.326838162073081,3.326812346684476,2.581538860502164e-05,0.0,0.0,0.0,2391,403,3.326838162073081,3.326838162073081,12
triangle,nlg,additive,2400372293,L1-oracle,2391,3.32728398169966,,0.0,0.0,0.0,0.0,2391,403,3.32728398169966,3.32728398169966,12
triangle,nlg,additive,2400372293,L1-discovered,2391,3.32728398169966,,0.0,0.0,0.0,0.0,2391,403,3.32728398169966,3.32728398169966,12
triangle,nlg,additive,2400372293,L2,2391,3.3278310320873095,,0.0,0.0,0.0,0.0,2391,403,3.3278310320873095,3.3278310320873095,12
triangle,nlg,additive,14143617,L0,2407,3.312699794868404,3.312699794868404,0.0,0.0,0.0,0.0,2407,415,3.312699794868404,3.312699794868404,13
triangle,nlg,additive,14143617,L1-oracle,2407,3.3152047957916917,,0.0,0.001506024096385561,0.031325301204819245,0.029819277108433684,2407,415,3.3152047957916917,3.327507961271245,13
triangle,nlg,additive,14143617,L1-discovered,2407,3.3152047957916917,,0.0,0.001506024096385561,0.031325301204819245,0.029819277108433684,2407,415,3.3152047957916917,3.327507961271245,13
triangle,nlg,additive,14143617,L2,2407,3.3143971624182385,,0.0,0.0,0.0,0.0,2407,415,3.3143971624182385,3.3143971624182385,13
triangle,nlg,additive,1350438117,L0,2390,3.282732469846838,3.282732469846838,0.0,0.0,0.0,0.0,2390,391,3.282732469846838,3.282732469846838,14
triangle,nlg,additive,1350438117,L1-oracle,2390,3.283530408602978,,0.0,0.0,0.005115089514066473,0.005115089514066473,2390,391,3.283530408602978,3.283679500168016,14
triangle,nlg,additive,1350438117,L1-discovered,2390,3.283530408602978,,0.0,0.0,0.005115089514066473,0.005115089514066473,2390,391,3.283530408602978,3.283679500168016,14
triangle,nlg,additive,1350438117,L2,2390,3.2834056328464905,,0.0,0.0,0.0,0.0,2390,391,3.2834056328464905,3.2834056328464905,14
triangle,nlg,additive,801569728,L0,2416,3.2326732515782295,3.2326732515782295,0.0,0.0,0.0,0.0,2416,401,3.2326732515782295,3.2326732515782295,15
triangle,nlg,additive,801569728,L1-oracle,2416,3.2329634444122015,,0.0,0.0,0.0,0.0,2416,401,3.2329634444122015,3.2329634444122015,15
triangle,nlg,additive,801569728,L1-discovered,2416,3.2329634444122015,,0.0,0.0,0.0,0.0,2416,401,3.2329634444122015,3.2329634444122015,15
triangle,nlg,additive,801569728,L2,2416,3.2330073808125683,,0.0,0.0,0.0,0.0,2416,401,3.2330073808125683,3.2330073808125683,15
triangle,nlg,additive,3819681627,L0,2423,3.3874297241229834,3.3874297241229834,0.0,0.0,0.0,0.0,2423,428,3.3874297241229834,3.3874297241229834,16
triangle,nlg,additive,3819681627,L1-oracle,2423,3.3931115507447127,,0.0,0.035588972431077726,0.09345794392523366,0.05786897149415593,2423,428,3.3931115507447127,3.491584539601762,16
triangle,nlg,additive,3819681627,L1-discovered,2423,3.3931115507447127,,0.0,0.035588972431077726,0.09345794392523366,0.05786897149415593,2423,428,3.3931115507447127,3.491584539601762,16
triangle,nlg,additive,3819681627,L2,2423,3.389432761559268,,0.0,0.0,0.0,0.0,2423,428,3.389432761559268,3.389432761559268,16
triangle,nlg,additive,2774431793,L0,2413,3.290414898974936,3.290414898974936,0.0,0.0,0.0,0.0,2413,389,3.290414898974936,3.290414898974936,17
triangle,nlg,additive,2774431793,L1-oracle,2413,3.291553902346333,,0.0,0.0,0.015424164524421635,0.015424164524421635,2413,389,3.291553902346333,3.2948723147165104,17
triangle,nlg,additive,2774431793,L1-discovered,2413,3.291553902346333,,0.0,0.0,0.015424164524421635,0.015424164524421635,2413,389,3.291553902346333,3.2948723147165104,17
triangle,nlg,additive,2774431793,L2,2413,3.2913200852120434,,0.0,0.0,0.0,0.0,2413,389,3.2913200852120434,3.2913200852120434,17
triangle,nlg,additive,794650984,L0,2392,3.2799642187716063,3.2799642187716063,0.0,0.0,0.0,0.0,2392,372,3.2799642187716063,3.2799642187716063,18
triangle,nlg,additive,794650984,L1-oracle,2392,3.281008677069248,,0.0,0.0,0.0,0.0,2392,372,3.281008677069248,3.281008677069248,18
triangle,nlg,additive,794650984,L1-discovered,2392,3.281008677069248,,0.0,0.0,0.0,0.0,2392,372,3.281008677069248,3.281008677069248,18
triangle,nlg,additive,794650984,L2,2392,3.2811944856148996,,0.0,0.0,0.0,0.0,2392,372,3.2811944856148996,3.2811944856148996,18
triangle,nlg,additive,3338799195,L0,2393,3.3896699716395786,3.389634237118305,3.573452127358934e-05,0.0,0.0,0.0,2393,427,3.3896699716395786,3.3896699716395786,19
triangle,nlg,additive,3338799195,L1-oracle,2393,3.3907033992870987,,0.0,0.0,0.0,0.0,2393,427,3.3907033992870987,3.3907033992870987,19
triangle,nlg,additive,3338799195,L1-discovered,2393,3.3907033992870987,,0.0,0.0,0.0,0.0,2393,427,3.3907033992870987,3.3907033992870987,19
triangle,nlg,additive,3338799195,L2,2393,3.3909322238423774,,0.0,0.0,0.0,0.0,2393,427,3.3909322238423774,3.3909322238423774,19
triangle,nlg,effect_modifying,3134173889,L0,2524,2.2238823584322,2.2236649222793825,0.0002174361528175517,0.0,0.0,0.0,2524,529,2.2238823584322,2.2238823584322,0
triangle,nlg,effect_modifying,3134173889,L1-oracle,2524,2.2378733391984422,,0.0,0.0005012531328321135,0.0,-0.0005012531328321135,2524,529,2.2378733391984422,2.2393086644438838,0
triangle,nlg,effect_modifying,3134173889,L1-discovered,2524,2.224023461914156,,0.0,0.024060150375939893,0.0,-0.024060150375939893,2524,529,2.224023461914156,2.2677993918722543,0
triangle,nlg,effect_modifying,3134173889,L2,2524,2.243602688382192,,0.0,0.0,0.0,0.0,2524,529,2.243602688382192,2.243602688382192,0
triangle,nlg,effect_modifying,3888140183,L0,2474,2.1902983534373623,2.190154672161367,0.00014368127599517777,0.0,0.0,0.0,2474,500,2.1902983534373623,2.1902983534373623,1
triangle,nlg,effect_modifying,3888140183,L1-oracle,2474,2.2084920011302556,,0.0,0.0,0.0020000000000000018,0.0020000000000000018,2474,500,2.2084920011302556,2.2099378683841344,1
triangle,nlg,effect_modifying,3888140183,L1-discovered,2474,2.187831081178982,,0.0,0.0957446808510638,0.0,-0.0957446808510638,2474,500,2.187831081178982,2.331843554790944,1
triangle,nlg,effect_modifying,3888140183,L2,2474,2.2082672045965013,,0.0,0.0,0.0,0.0,2474,500,2.2082672045965013,2.2082672045965013,1
triangle,nlg,effect_modifying,242446310,L0,2545,2.226840263427803,2.2266864613400106,0.00015380208779225413,0.0,0.0,0.0,2545,576,2.226840263427803,2.226840263427803,2
triangle,nlg,effect_modifying,242446310,L1-oracle,2545,2.243713781111225,,0.0,0.0,0.0,0.0,2545,576,2.243713781111225,2.243713781111225,2
triangle,nlg,effect_modifying,242446310,L1-discovered,2545,2.2232368606192656,,0.0,0.1127475876079228,0.0,-0.1127475876079228,2545,576,2.2232368606192656,2.398165398302426,2
triangle,nlg,effect_modifying,242446310,L2,2545,2.2443981716116013,,0.0,0.0,0.0,0.0,2545,576,2.2443981716116013,2.2443981716116013,2
triangle,nlg,effect_modifying,1421188080,L0,2522,2.2885018368066734,2.288274407418978,0.00022742938769537702,0.0,0.0,0.0,2522,541,2.2885018368066734,2.2885018368066734,3
triangle,nlg,effect_modifying,1421188080,L1-oracle,2522,2.3027658177187638,,0.0,0.003028773346794522,0.0,-0.003028773346794522,2522,541,2.3027658177187638,2.30983868699256,3
triangle,nlg,effect_modifying,1421188080,L1-discovered,2522,2.2842185973712548,,0.0,0.14487632508833925,0.0,-0.14487632508833925,2522,541,2.2842185973712548,2.4965178119168563,3
triangle,nlg,effect_modifying,1421188080,L2,2522,2.31139786878675,,0.0,0.0,0.0,0.0,2522,541,2.31139786878675,2.31139786878675,3
triangle,nlg,effect_modifying,2507512415,L0,2534,2.210633010152053,2.210504844208729,0.00012816594332409892,0.0,0.0,0.0,2534,508,2.210633010152053,2.210633010152053,4
triangle,nlg,effect_modifying,2507512415,L1-oracle,2534,2.232164045180654,,0.0,0.0,0.03740157480314965,0.03740157480314965,2534,508,2.232164045180654,2.2601977104135,4
triangle,nlg,effect_modifying,2507512415,L1-discovered,2534,2.210320163723799,,0.0,0.038499506416584395,0.0,-0.038499506416584395,2534,508,2.210320163723799,2.2800129669836506,4
triangle,nlg,effect_modifying,2507512415,L2,2534,2.228672161684034,,0.0,0.0,0.0,0.0,2534,508,2.228672161684034,2.228672161684034,4
triangle,nlg,effect_modifying,2830493979,L0,2535,2.182483989884904,2.182365989360655,0.00011800052424915108,0.0,0.0,0.0,2535,511,2.182483989884904,2.182483989884904,5
triangle,nlg,effect_modifying,2830493979,L1-oracle,2535,2.205272725371415,,0.0,0.0,0.07045009784735812,0.07045009784735812,2535,511,2.205272725371415,2.2680518759915413,5
triangle,nlg,effect_modifying,2830493979,L1-discovered,2535,2.1823607699092813,,0.0,0.024703557312252933,0.0,-0.024703557312252933,2535,511,2.1823607699092813,2.2245662215537454,5
triangle,nlg,effect_modifying,2830493979,L2,2535,2.1993433652267664,,0.0,0.0,0.0,0.0,2535,511,2.1993433652267664,2.1993433652267664,5
triangle,nlg,effect_modifying,1162261060,L0,2558,2.169765363486749,2.16966906095204,9.630253470893635e-05,0.0,0.0,0.0,2558,538,2.169765363486749,2.169765363486749,6
triangle,nlg,effect_modifying,1162261060,L1-oracle,2558,2.183438752050106,,0.0,0.0,0.0,0.0,2558,538,2.183438752050106,2.183438752050106,6
triangle,nlg,effect_modifying,1162261060,L1-discovered,2558,2.1698279053976925,,0.0,0.003960396039603964,0.0,-0.003960396039603964,2558,538,2.1698279053976925,2.177615582489093,6
triangle,nlg,effect_modifying,1162261060,L2,2558,2.185209749809909,,0.0,0.0,0.0,0.0,2558,538,2.185209749809909,2.185209749809909,6
triangle,nlg,effect_modifying,3312119525,L0,2552,2.1717410342984205,2.1716142695339697,0.00012676476445072637,0.0,0.0,0.0,2552,556,2.1717410342984205,2.1717410342984205,7
triangle,nlg,effect_modifying,3312119525,L1-oracle,2552,2.1792806712756754,,0.0,0.0005010020040080443,0.0,-0.0005010020040080443,2552,556,2.1792806712756754,2.1806305536651767,7
triangle,nlg,effect_modifying,3312119525,L1-discovered,2552,2.171603277153393,,0.0,0.02605210420841686,0.0,-0.02605210420841686,2552,556,2.171603277153393,2.2186807451445443,7
triangle,nlg,effect_modifying,3312119525,L2,2552,2.18502742171761,,0.0,0.0,0.0,0.0,2552,556,2.18502742171761,2.18502742171761,7
triangle,nlg,effect_modifying,3527135551,L0,2517,2.1584345463378094,2.1582791191155164,0.0001554272222930031,0.0,0.0,0.0,2517,516,2.1584345463378094,2.1584345463378094,8
triangle,nlg,effect_modifying,3527135551,L1-oracle,2517,2.180961592160654,,0.0,0.0,0.0019379844961240345,0.0019379844961240345,2517,516,2.180961592160654,2.180890927240784,8
triangle,nlg,effect_modifying,3527135551,L1-discovered,2517,2.158465206182754,,0.0,0.018490754622688677,0.0,-0.018490754622688677,2517,516,2.158465206182754,2.190682314728406,8
triangle,nlg,effect_modifying,3527135551,L2,2517,2.1807453266656878,,0.0,0.0,0.0,0.0,2517,516,2.1807453266656878,2.1807453266656878,8
triangle,nlg,effect_modifying,2727678368,L0,2481,2.2716566384325625,2.2714408880893786,0.00021575034318388475,0.0,0.0,0.0,2481,515,2.2716566384325625,2.2716566384325625,9
triangle,nlg,effect_modifying,2727678368,L1-oracle,2481,2.282621261833932,,0.0,0.03153611393692779,0.0,-0.03153611393692779,2481,515,2.282621261833932,2.341351205210024,9
triangle,nlg,effect_modifying,2727678368,L1-discovered,2481,2.2557296960443445,,0.0,0.27060020345879965,0.0,-0.27060020345879965,2481,515,2.2557296960443445,2.6388698985577266,9
triangle,nlg,effect_modifying,2727678368,L2,2481,2.295334366070197,,0.0,0.0,0.0,0.0,2481,515,2.295334366070197,2.295334366070197,9
triangle,nlg,effect_modifying,2186263937,L0,2581,2.2209162131411775,2.2208501277337334,6.60854074441275e-05,0.0,0.0,0.0,2581,609,2.2209162131411775,2.2209162131411775,10
triangle,nlg,effect_modifying,2186263937,L1-oracle,2581,2.2360785337602445,,0.0,0.0,0.0,0.0,2581,609,2.2360785337602445,2.2360785337602445,10
triangle,nlg,effect_modifying,2186263937,L1-discovered,2581,2.2186021749283342,,0.0,0.09279918864097358,0.0,-0.09279918864097358,2581,609,2.2186021749283342,2.370157871279182,10
triangle,nlg,effect_modifying,2186263937,L2,2581,2.236175142805318,,0.0,0.0,0.0,0.0,2581,609,2.236175142805318,2.236175142805318,10
triangle,nlg,effect_modifying,3073006032,L0,2574,2.1214970765970946,2.1213677817103025,0.00012929488679214174,0.0,0.0,0.0,2574,545,2.1214970765970946,2.1214970765970946,11
triangle,nlg,effect_modifying,3073006032,L1-oracle,2574,2.1338427247499796,,0.0,0.0,0.0,0.0,2574,545,2.1338427247499796,2.1338427247499796,11
triangle,nlg,effect_modifying,3073006032,L1-discovered,2574,2.121555153890484,,0.0,0.003449975357318835,0.0,-0.003449975357318835,2574,545,2.121555153890484,2.1294100516594705,11
triangle,nlg,effect_modifying,3073006032,L2,2574,2.1366473787983287,,0.0,0.0,0.0,0.0,2574,545,2.1366473787983287,2.1366473787983287,11
triangle,nlg,effect_modifying,2400372293,L0,2510,2.1714087672623616,2.171198886886189,0.00020988037617275523,0.0,0.0,0.0,2510,531,2.1714087672623616,2.1714087672623616,12
triangle,nlg,effect_modifying,2400372293,L1-oracle,2510,2.198211475049465,,0.0,0.0,0.03389830508474578,0.03389830508474578,2510,531,2.198211475049465,2.2214516195494096,12
triangle,nlg,effect_modifying,2400372293,L1-discovered,2510,2.1707545146507474,,0.0,0.04497220818595249,0.0,-0.04497220818595249,2510,531,2.1707545146507474,2.2478650275975722,12
triangle,nlg,effect_modifying,2400372293,L2,2510,2.1951513650572783,,0.0,0.0,0.0,0.0,2510,531,2.1951513650572783,2.1951513650572783,12
triangle,nlg,effect_modifying,14143617,L0,2516,2.091059794167233,2.090849890749344,0.00020990341788884592,0.0,0.0,0.0,2516,534,2.091059794167233,2.091059794167233,13
triangle,nlg,effect_modifying,14143617,L1-oracle,2516,2.112067591361817,,0.0,0.0005045408678102659,0.0074906367041198685,0.006986095836309603,2516,534,2.112067591361817,2.1215489176228983,13
triangle,nlg,effect_modifying,14143617,L1-discovered,2516,2.084852502564594,,0.0,0.1553985872855701,0.0,-0.1553985872855701,2516,534,2.084852502564594,2.294546879063116,13
triangle,nlg,effect_modifying,14143617,L2,2516,2.111342400970874,,0.0,0.0,0.0,0.0,2516,534,2.111342400970874,2.111342400970874,13
triangle,nlg,effect_modifying,1350438117,L0,2540,2.0912703590606574,2.0910737829489943,0.00019657611166312705,0.0,0.0,0.0,2540,547,2.0912703590606574,2.0912703590606574,14
triangle,nlg,effect_modifying,1350438117,L1-oracle,2540,2.1085722634638118,,0.0,0.0,0.06398537477148081,0.06398537477148081,2540,547,2.1085722634638118,2.147516181932268,14
triangle,nlg,effect_modifying,1350438117,L1-discovered,2540,2.0912879825430872,,0.0,0.014550928248871053,0.0,-0.014550928248871053,2540,547,2.0912879825430872,2.1173264378138352,14
triangle,nlg,effect_modifying,1350438117,L2,2540,2.1026231562614006,,0.0,0.0,0.0,0.0,2540,547,2.1026231562614006,2.1026231562614006,14
triangle,nlg,effect_modifying,801569728,L0,2541,1.9818726698905018,1.9818376048099122,3.5065080589591346e-05,0.0,0.0,0.0,2541,535,1.9818726698905018,1.9818726698905018,15
triangle,nlg,effect_modifying,801569728,L1-oracle,2541,1.9929599261053654,,0.0,0.0,0.0,0.0,2541,535,1.9929599261053654,1.9929599261053654,15
triangle,nlg,effect_modifying,801569728,L1-discovered,2541,1.9818236379928789,,0.0,0.004486540378863424,0.0,-0.004486540378863424,2541,535,1.9818236379928789,1.9908570107205832,15
triangle,nlg,effect_modifying,801569728,L2,2541,1.9969274212771952,,0.0,0.0,0.0,0.0,2541,535,1.9969274212771952,1.9969274212771952,15
triangle,nlg,effect_modifying,3819681627,L0,2548,2.257702807139354,2.2575864613408423,0.00011634579851182991,0.0,0.0,0.0,2548,555,2.257702807139354,2.257702807139354,16
triangle,nlg,effect_modifying,3819681627,L1-oracle,2548,2.29492228938505,,0.0,0.0,0.1351351351351351,0.1351351351351351,2548,555,2.29492228938505,2.388006350982316,16
triangle,nlg,effect_modifying,3819681627,L1-discovered,2548,2.2368410031754715,,0.0,0.3231309583542399,0.0,-0.3231309583542399,2548,555,2.2368410031754715,2.667407821640219,16
triangle,nlg,effect_modifying,3819681627,L2,2548,2.2818600026791693,,0.0,0.0,0.0,0.0,2548,555,2.2818600026791693,2.2818600026791693,16
triangle,nlg,effect_modifying,2774431793,L0,2536,2.0958560137306965,2.0956218913140594,0.00023412241663711697,0.0,0.0,0.0,2536,520,2.0958560137306965,2.0958560137306965,17
triangle,nlg,effect_modifying,2774431793,L1-oracle,2536,2.117017155691423,,0.0,0.0,0.03269230769230769,0.03269230769230769,2536,520,2.117017155691423,2.1493860221162375,17
triangle,nlg,effect_modifying,2774431793,L1-discovered,2536,2.0932393658554993,,0.0,0.09126984126984128,0.0,-0.09126984126984128,2536,520,2.0932393658554993,2.230459301276026,17
triangle,nlg,effect_modifying,2774431793,L2,2536,2.114346361479358,,0.0,0.0,0.0,0.0,2536,520,2.114346361479358,2.114346361479358,17
triangle,nlg,effect_modifying,794650984,L0,2545,2.16296349970594,2.1628835543529816,7.994535295852145e-05,0.0,0.0,0.0,2545,531,2.16296349970594,2.16296349970594,18
triangle,nlg,effect_modifying,794650984,L1-oracle,2545,2.1822696278815745,,0.0,0.0,0.0,0.0,2545,531,2.1822696278815745,2.1822696278815745,18
triangle,nlg,effect_modifying,794650984,L1-discovered,2545,2.16087375948491,,0.0,0.08788480635551144,0.0,-0.08788480635551144,2545,531,2.16087375948491,2.295679148255716,18
triangle,nlg,effect_modifying,794650984,L2,2545,2.1822696278815745,,0.0,0.0,0.0,0.0,2545,531,2.1822696278815745,2.1822696278815745,18
triangle,nlg,effect_modifying,3338799195,L0,2490,2.146294914212297,2.146090636701736,0.0002042775105612904,0.0,0.0,0.0,2490,529,2.146294914212297,2.146294914212297,19
triangle,nlg,effect_modifying,3338799195,L1-oracle,2490,2.174248394417976,,0.0,0.0,0.09073724007561434,0.09073724007561434,2490,529,2.174248394417976,2.250569927293185,19
triangle,nlg,effect_modifying,3338799195,L1-discovered,2490,2.1443421770361604,,0.0,0.06833248342682308,0.0,-0.06833248342682308,2490,529,2.1443421770361604,2.2490213118447593,19
triangle,nlg,effect_modifying,3338799195,L2,2490,2.1662448653060897,,0.0,0.0,0.0,0.0,2490,529,2.1662448653060897,2.1662448653060897,19
collider,linear,additive,3134173889,L0,865,5.746692158052838,5.706375962080321,0.04031619597251712,0.0,0.0,0.0,865,104,5.746692158052838,5.746692158052838,0
collider,linear,additive,3134173889,L1-oracle,865,4.758033951605345,,0.0,0.0,0.0,0.0,865,104,4.758033951605345,4.758033951605345,0
collider,linear,additive,3134173889,L1-discovered,865,4.758033951605345,,0.0,0.0,0.0,0.0,865,104,4.758033951605345,4.758033951605345,0
collider,linear,additive,3134173889,L2,865,4.7091084271474335,,0.0,0.0,0.0,0.0,865,104,4.7091084271474335,4.7091084271474335,0
collider,linear,additive,3888140183,L0,849,5.986804689744051,5.954756371746565,0.032048317997485753,0.0,0.0,0.0,849,132,5.986804689744051,5.986804689744051,1
collider,linear,additive,3888140183,L1-oracle,849,4.9978675759189874,,0.0,0.0,0.0,0.0,849,132,4.9978675759189874,4.9978675759189874,1
collider,linear,additive,3888140183,L1-discovered,849,4.9978675759189874,,0.0,0.0,0.0,0.0,849,132,4.9978675759189874,4.9978675759189874,1
collider,linear,additive,3888140183,L2,849,4.909963817273809,,0.0,0.0,0.0,0.0,849,132,4.909963817273809,4.909963817273809,1
collider,linear,additive,242446310,L0,880,5.9753770717937265,5.935537605618795,0.03983946617493128,0.0,0.0,0.0,880,137,5.9753770717937265,5.9753770717937265,2
collider,linear,additive,242446310,L1-oracle,880,4.866902422721869,,0.0,0.44952893674293404,0.03649635036496346,-0.4130325863779706,880,137,4.866902422721869,4.820468340054395,2
collider,linear,additive,242446310,L1-discovered,880,4.866902422721869,,0.0,0.44952893674293404,0.03649635036496346,-0.4130325863779706,880,137,4.866902422721869,4.820468340054395,2
collider,linear,additive,242446310,L2,880,4.9450595077226,,0.0,0.0,0.0,0.0,880,137,4.9450595077226,4.9450595077226,2
collider,linear,additive,1421188080,L0,864,6.031945603811654,5.993734586045396,0.03821101776625824,0.0,0.0,0.0,864,132,6.031945603811654,6.031945603811654,3
collider,linear,additive,1421188080,L1-oracle,864,4.85456139890766,,0.0,0.4972677595628415,0.045454545454545414,-0.4518132141082961,864,132,4.85456139890766,4.726023105860605,3
collider,linear,additive,1421188080,L1-discovered,864,4.85456139890766,,0.0,0.4972677595628415,0.045454545454545414,-0.4518132141082961,864,132,4.85456139890766,4.726023105860605,3
collider,linear,additive,1421188080,L2,864,4.969677548643089,,0.0,0.0,0.0,0.0,864,132,4.969677548643089,4.969677548643089,3
collider,linear,additive,2507512415,L0,861,5.075415505477407,4.976691436578739,0.09872406889866792,0.0,0.0,0.0,861,116,5.075415505477407,5.075415505477407,4
collider,linear,additive,2507512415,L1-oracle,861,4.424981315904368,,0.0,0.3959731543624161,0.051724137931034475,-0.3442490164313816,861,116,4.424981315904368,4.350878839523078,4
collider,linear,additive,2507512415,L1-discovered,861,4.424981315904368,,0.0,0.3959731543624161,0.051724137931034475,-0.3442490164313816,861,116,4.424981315904368,4.350878839523078,4
collider,linear,additive,2507512415,L2,861,4.471407568545382,,0.0,0.0,0.0,0.0,861,116,4.471407568545382,4.471407568545382,4
collider,linear,additive,2830493979,L0,893,5.674985531622084,5.620420964632395,0.054564566989689034,0.0,0.0,0.0,893,161,5.674985531622084,5.674985531622084,5
collider,linear,additive,2830493979,L1-oracle,893,4.76584505819387,,0.0,0.0,0.0,0.0,893,161,4.76584505819387,4.76584505819387,5
collider,linear,additive,2830493979,L1-discovered,893,4.76584505819387,,0.0,0.0,0.0,0.0,893,161,4.76584505819387,4.76584505819387,5
collider,linear,additive,2830493979,L2,893,4.723938650601664,,0.0,0.0,0.0,0.0,893,161,4.723938650601664,4.723938650601664,5
collider,linear,additive,1162261060,L0,852,5.887511865641465,5.8517216479072225,0.035790217734242624,0.0,0.0,0.0,852,100,5.887511865641465,5.887511865641465,6
collider,linear,additive,1162261060,L1-oracle,852,5.048342658985045,,0.0,0.0,0.0,0.0,852,100,5.048342658985045,5.048342658985045,6
collider,linear,additive,1162261060,L1-discovered,852,5.048342658985045,,0.0,0.0,0.0,0.0,852,100,5.048342658985045,5.048342658985045,6
collider,linear,additive,1162261060,L2,852,4.900664657912492,,0.0,0.0,0.0,0.0,852,100,4.900664657912492,4.900664657912492,6
collider,linear,additive,3312119525,L0,873,4.528953181077438,4.781276852201974,0.252323671124536,0.0,0.0,0.0,873,115,4.528953181077438,4.528953181077438,7
collider,linear,additive,3312119525,L1-oracle,873,4.2081137384162375,,0.0,0.01319261213720313,0.0,-0.01319261213720313,873,115,4.2081137384162375,4.20969965388297,7
collider,linear,additive,3312119525,L1-discovered,873,4.2081137384162375,,0.0,0.01319261213720313,0.0,-0.01319261213720313,873,115,4.2081137384162375,4.20969965388297,7
collider,linear,additive,3312119525,L2,873,4.2081318748390455,,0.0,0.0,0.0,0.0,873,115,4.2081318748390455,4.2081318748390455,7
collider,linear,additive,3527135551,L0,884,5.825991281703705,5.792792002946387,0.03319927875731832,0.0,0.0,0.0,884,93,5.825991281703705,5.825991281703705,8
collider,linear,additive,3527135551,L1-oracle,884,4.7947531170136095,,0.0,0.21871049304677626,0.032258064516129004,-0.18645242853064725,884,93,4.7947531170136095,4.721630256786973,8
collider,linear,additive,3527135551,L1-discovered,884,4.7947531170136095,,0.0,0.21871049304677626,0.032258064516129004,-0.18645242853064725,884,93,4.7947531170136095,4.721630256786973,8
collider,linear,additive,3527135551,L2,884,4.806495874607399,,0.0,0.0,0.0,0.0,884,93,4.806495874607399,4.806495874607399,8
collider,linear,additive,2727678368,L0,861,5.921209565154829,5.884459988933721,0.03674957622110764,0.0,0.0,0.0,861,150,5.921209565154829,5.921209565154829,9
collider,linear,additive,2727678368,L1-oracle,861,4.925116495921147,,0.0,0.0,0.0,0.0,861,150,4.925116495921147,4.925116495921147,9
collider,linear,additive,2727678368,L1-discovered,861,4.925116495921147,,0.0,0.0,0.0,0.0,861,150,4.925116495921147,4.925116495921147,9
collider,linear,additive,2727678368,L2,861,4.883883133182248,,0.0,0.0,0.0,0.0,861,150,4.883883133182248,4.883883133182248,9
collider,linear,additive,2186263937,L0,863,5.832450577158607,5.812263064753447,0.020187512405160035,0.0,0.0,0.0,863,133,5.832450577158607,5.832450577158607,10
collider,linear,additive,2186263937,L1-oracle,863,5.205804337345097,,0.0,0.0,0.0,0.0,863,133,5.205804337345097,5.205804337345097,10
collider,linear,additive,2186263937,L1-discovered,863,5.205804337345097,,0.0,0.0,0.0,0.0,863,133,5.205804337345097,5.205804337345097,10
collider,linear,additive,2186263937,L2,863,5.164132076853913,,0.0,0.0,0.0,0.0,863,133,5.164132076853913,5.164132076853913,10
collider,linear,additive,3073006032,L0,900,6.10196653946055,6.068045995486483,0.03392054397406685,0.0,0.0,0.0,900,174,6.10196653946055,6.10196653946055,11
collider,linear,additive,3073006032,L1-oracle,900,4.946686001577451,,0.0,0.6776859504132231,0.051724137931034475,-0.6259618124821886,900,174,4.946686001577451,4.697564585360141,11
collider,linear,additive,3073006032,L1-discovered,900,4.946686001577451,,0.0,0.6776859504132231,0.051724137931034475,-0.6259618124821886,900,174,4.946686001577451,4.697564585360141,11
collider,linear,additive,3073006032,L2,900,5.020636556802195,,0.0,0.0,0.0,0.0,900,174,5.020636556802195,5.020636556802195,11
collider,linear,additive,2400372293,L0,872,6.074034500123446,6.032912347363107,0.04112215276033915,0.0,0.0,0.0,872,141,6.074034500123446,6.074034500123446,12
collider,linear,additive,2400372293,L1-oracle,872,5.01646278702498,,0.0,0.08071135430916554,0.007092198581560294,-0.07361915572760525,872,141,5.01646278702498,4.995391248570434,12
collider,linear,additive,2400372293,L1-discovered,872,5.01646278702498,,0.0,0.08071135430916554,0.007092198581560294,-0.07361915572760525,872,141,5.01646278702498,4.995391248570434,12
collider,linear,additive,2400372293,L2,872,5.0393304566192,,0.0,0.0,0.0,0.0,872,141,5.0393304566192,5.0393304566192,12
collider,linear,additive,14143617,L0,878,5.931008754824629,5.901723477523145,0.02928527730148378,0.0,0.0,0.0,878,126,5.931008754824629,5.931008754824629,13
collider,linear,additive,14143617,L1-oracle,878,5.201221649686999,,0.0,0.0,0.0,0.0,878,126,5.201221649686999,5.201221649686999,13
collider,linear,additive,14143617,L1-discovered,878,5.201221649686999,,0.0,0.0,0.0,0.0,878,126,5.201221649686999,5.201221649686999,13
collider,linear,additive,14143617,L2,878,5.143550242748015,,0.0,0.0,0.0,0.0,878,126,5.143550242748015,5.143550242748015,13
collider,linear,additive,1350438117,L0,875,5.918614628794737,5.880921522264513,0.03769310653022373,0.0,0.0,0.0,875,143,5.918614628794737,5.918614628794737,14
collider,linear,additive,1350438117,L1-oracle,875,4.910680159837565,,0.0,0.0,0.0,0.0,875,143,4.910680159837565,4.910680159837565,14
collider,linear,additive,1350438117,L1-discovered,875,4.910680159837565,,0.0,0.0,0.0,0.0,875,143,4.910680159837565,4.910680159837565,14
collider,linear,additive,1350438117,L2,875,4.869014335636895,,0.0,0.0,0.0,0.0,875,143,4.869014335636895,4.869014335636895,14
collider,linear,additive,801569728,L0,850,5.557235554049972,5.508414331343542,0.04882122270642952,0.0,0.0,0.0,850,80,5.557235554049972,5.557235554049972,15
collider,linear,additive,801569728,L1-oracle,850,4.697577644013677,,0.0,0.0,0.0,0.0,850,80,4.697577644013677,4.697577644013677,15
collider,linear,additive,801569728,L1-discovered,850,4.697577644013677,,0.0,0.0,0.0,0.0,850,80,4.697577644013677,4.697577644013677,15
collider,linear,additive,801569728,L2,850,4.565813048445397,,0.0,0.0,0.0,0.0,850,80,4.565813048445397,4.565813048445397,15
collider,linear,additive,3819681627,L0,843,5.695396110407579,5.652942576045646,0.042453534361932554,0.0,0.0,0.0,843,84,5.695396110407579,5.695396110407579,16
collider,linear,additive,3819681627,L1-oracle,843,4.9128129067149455,,0.0,0.0,0.0,0.0,843,84,4.9128129067149455,4.9128129067149455,16
collider,linear,additive,3819681627,L1-discovered,843,4.9128129067149455,,0.0,0.0,0.0,0.0,843,84,4.9128129067149455,4.9128129067149455,16
collider,linear,additive,3819681627,L2,843,4.753432840921313,,0.0,0.0,0.0,0.0,843,84,4.753432840921313,4.753432840921313,16
collider,linear,additive,2774431793,L0,868,5.717652926368804,5.69028849696478,0.027364429404023838,0.0,0.0,0.0,868,107,5.717652926368804,5.717652926368804,17
collider,linear,additive,2774431793,L1-oracle,868,4.9543063315273415,,0.0,0.5335085413929042,0.04672897196261683,-0.4867795694302873,868,107,4.9543063315273415,4.642390711039968,17
collider,linear,additive,2774431793,L1-discovered,868,4.9543063315273415,,0.0,0.5335085413929042,0.04672897196261683,-0.4867795694302873,868,107,4.9543063315273415,4.642390711039968,17
collider,linear,additive,2774431793,L2,868,5.009610157972256,,0.0,0.0,0.0,0.0,868,107,5.009610157972256,5.009610157972256,17
collider,linear,additive,794650984,L0,868,5.367233359306654,5.342915337703596,0.02431802160305807,0.0,0.0,0.0,868,104,5.367233359306654,5.367233359306654,18
collider,linear,additive,794650984,L1-oracle,868,4.4412289742902615,,0.0,0.36256544502617805,0.038461538461538436,-0.3241039065646396,868,104,4.4412289742902615,4.323124424270098,18
collider,linear,additive,794650984,L1-discovered,868,4.4412289742902615,,0.0,0.36256544502617805,0.038461538461538436,-0.3241039065646396,868,104,4.4412289742902615,4.323124424270098,18
collider,linear,additive,794650984,L2,868,4.489601181565653,,0.0,0.0,0.0,0.0,868,104,4.489601181565653,4.489601181565653,18
collider,linear,additive,3338799195,L0,850,5.005398300705666,4.920336033461306,0.08506226724435972,0.0,0.0,0.0,850,102,5.005398300705666,5.005398300705666,19
collider,linear,additive,3338799195,L1-oracle,850,4.414817120230094,,0.0,0.0,0.0,0.0,850,102,4.414817120230094,4.414817120230094,19
collider,linear,additive,3338799195,L1-discovered,850,4.414817120230094,,0.0,0.0,0.0,0.0,850,102,4.414817120230094,4.414817120230094,19
collider,linear,additive,3338799195,L2,850,4.388019074605633,,0.0,0.0,0.0,0.0,850,102,4.388019074605633,4.388019074605633,19
collider,linear,effect_modifying,3134173889,L0,885,5.767964691970215,5.703148896713848,0.06481579525636771,0.0,0.0,0.0,885,124,5.767964691970215,5.767964691970215,0
collider,linear,effect_modifying,3134173889,L1-oracle,885,5.639404282209385,,0.0,0.0,0.0,0.0,885,124,5.639404282209385,5.639404282209385,0
collider,linear,effect_modifying,3134173889,L1-discovered,885,4.824032658394217,,0.0,1.0,0.0,-1.0,885,124,4.824032658394217,,0
collider,linear,effect_modifying,3134173889,L2,885,5.534824477621595,,0.0,0.0,0.0,0.0,885,124,5.534824477621595,5.534824477621595,0
collider,linear,effect_modifying,3888140183,L0,858,5.8457449737906595,5.7915277665078095,0.054217207282849955,0.0,0.0,0.0,858,141,5.8457449737906595,5.8457449737906595,1
collider,linear,effect_modifying,3888140183,L1-oracle,858,5.4019380564618045,,0.0,0.0,0.0,0.0,858,141,5.4019380564618045,5.4019380564618045,1
collider,linear,effect_modifying,3888140183,L1-discovered,858,4.894790833245424,,0.0,0.99721059972106,0.0,-0.99721059972106,858,141,4.894790833245424,2.437740706855822,1
collider,linear,effect_modifying,3888140183,L2,858,5.328163197166674,,0.0,0.0,0.0,0.0,858,141,5.328163197166674,5.328163197166674,1
collider,linear,effect_modifying,242446310,L0,894,5.8417262609785015,5.784037341686297,0.057688919292204766,0.0,0.0,0.0,894,151,5.8417262609785015,5.8417262609785015,2
collider,linear,effect_modifying,242446310,L1-oracle,894,5.396918412157964,,0.0,0.05921938088829071,0.09933774834437081,0.040118367456080106,894,151,5.396918412157964,5.456233267531344,2
collider,linear,effect_modifying,242446310,L1-discovered,894,4.792103633878738,,0.0,0.9986541049798116,0.0066225165562914245,-0.9920315884235201,894,151,4.792103633878738,1.9731298706198435,2
collider,linear,effect_modifying,242446310,L2,894,5.376557786737897,,0.0,0.0,0.0,0.0,894,151,5.376557786737897,5.376557786737897,2
collider,linear,effect_modifying,1421188080,L0,881,5.916843094839415,5.852910566381523,0.06393252845789199,0.0,0.0,0.0,881,149,5.916843094839415,5.916843094839415,3
collider,linear,effect_modifying,1421188080,L1-oracle,881,5.313377276402202,,0.0,0.9931693989071039,0.08053691275167785,-0.912632486155426,881,149,5.313377276402202,2.7987806084746687,3
collider,linear,effect_modifying,1421188080,L1-discovered,881,4.753766931330137,,0.0,1.0,0.0,-1.0,881,149,4.753766931330137,,3
collider,linear,effect_modifying,1421188080,L2,881,5.4291490442000825,,0.0,0.0,0.0,0.0,881,149,5.4291490442000825,5.4291490442000825,3
collider,linear,effect_modifying,2507512415,L0,865,4.913691609273199,4.790518753515995,0.12317285575720405,0.0,0.0,0.0,865,120,4.913691609273199,4.913691609273199,4
collider,linear,effect_modifying,2507512415,L1-oracle,865,4.585586181836931,,0.0,0.28859060402684567,0.025000000000000022,-0.26359060402684564,865,120,4.585586181836931,4.592860745318065,4
collider,linear,effect_modifying,2507512415,L1-discovered,865,4.361787352012396,,0.0,0.9114093959731544,0.0,-0.9114093959731544,865,120,4.361787352012396,3.5051738888860178,4
collider,linear,effect_modifying,2507512415,L2,865,4.665146791883436,,0.0,0.0,0.0,0.0,865,120,4.665146791883436,4.665146791883436,4
collider,linear,effect_modifying,2830493979,L0,896,5.909919737577464,5.831779535342115,0.07814020223534968,0.0,0.0,0.0,896,164,5.909919737577464,5.909919737577464,5
collider,linear,effect_modifying,2830493979,L1-oracle,896,5.290886162323162,,0.0,0.10109289617486339,0.0,-0.10109289617486339,896,164,5.290886162323162,5.289045435114049,5
collider,linear,effect_modifying,2830493979,L1-discovered,896,4.869962344484392,,0.0,1.0,0.0,-1.0,896,164,4.869962344484392,,5
collider,linear,effect_modifying,2830493979,L2,896,5.300052364855108,,0.0,0.0,0.0,0.0,896,164,5.300052364855108,5.300052364855108,5
collider,linear,effect_modifying,1162261060,L0,863,5.65825576824271,5.605534012461101,0.05272175578160887,0.0,0.0,0.0,863,111,5.65825576824271,5.65825576824271,6
collider,linear,effect_modifying,1162261060,L1-oracle,863,5.43882809861451,,0.0,0.0,0.0,0.0,863,111,5.43882809861451,5.43882809861451,6
collider,linear,effect_modifying,1162261060,L1-discovered,863,4.721917912582406,,0.0,1.0,0.0,-1.0,863,111,4.721917912582406,,6
collider,linear,effect_modifying,1162261060,L2,863,5.339971861491061,,0.0,0.0,0.0,0.0,863,111,5.339971861491061,5.339971861491061,6
collider,linear,effect_modifying,3312119525,L0,872,4.433521235144254,4.597347978376406,0.16382674323215163,0.0,0.0,0.0,872,114,4.433521235144254,4.433521235144254,7
collider,linear,effect_modifying,3312119525,L1-oracle,872,4.283091897077677,,0.0,0.02242744063324542,0.0,-0.02242744063324542,872,114,4.283091897077677,4.275416493501805,7
collider,linear,effect_modifying,3312119525,L1-discovered,872,4.213139231696467,,0.0,0.3944591029023746,0.0,-0.3944591029023746,872,114,4.213139231696467,4.143951248985576,7
collider,linear,effect_modifying,3312119525,L2,872,4.2844938007749995,,0.0,0.0,0.0,0.0,872,114,4.2844938007749995,4.2844938007749995,7
collider,linear,effect_modifying,3527135551,L0,889,5.687751505341705,5.6225313282740395,0.06522017706766547,0.0,0.0,0.0,889,98,5.687751505341705,5.687751505341705,8
collider,linear,effect_modifying,3527135551,L1-oracle,889,5.254194998270107,,0.0,0.5549936788874842,0.0,-0.5549936788874842,889,98,5.254194998270107,4.905717783146063,8
collider,linear,effect_modifying,3527135551,L1-discovered,889,4.72669797694091,,0.0,0.9987357774968394,0.0,-0.9987357774968394,889,98,4.72669797694091,1.6781709454475362,8
collider,linear,effect_modifying,3527135551,L2,889,5.303135426929692,,0.0,0.0,0.0,0.0,889,98,5.303135426929692,5.303135426929692,8
collider,linear,effect_modifying,2727678368,L0,867,5.847456953980219,5.778831859443558,0.06862509453666021,0.0,0.0,0.0,867,156,5.847456953980219,5.847456953980219,9
collider,linear,effect_modifying,2727678368,L1-oracle,867,5.53273409825297,,0.0,0.0,0.0,0.0,867,156,5.53273409825297,5.53273409825297,9
collider,linear,effect_modifying,2727678368,L1-discovered,867,4.8408814277023655,,0.0,1.0,0.0,-1.0,867,156,4.8408814277023655,,9
collider,linear,effect_modifying,2727678368,L2,867,5.483364520233097,,0.0,0.0,0.0,0.0,867,156,5.483364520233097,5.483364520233097,9
collider,linear,effect_modifying,2186263937,L0,882,5.767979974298892,5.7337105178657355,0.034269456433156265,0.0,0.0,0.0,882,152,5.767979974298892,5.767979974298892,10
collider,linear,effect_modifying,2186263937,L1-oracle,882,5.833028012929455,,0.0,0.0,0.0,0.0,882,152,5.833028012929455,5.833028012929455,10
collider,linear,effect_modifying,2186263937,L1-discovered,882,4.98810128320005,,0.0,1.0,0.0,-1.0,882,152,4.98810128320005,,10
collider,linear,effect_modifying,2186263937,L2,882,5.807208736799685,,0.0,0.0,0.0,0.0,882,152,5.807208736799685,5.807208736799685,10
collider,linear,effect_modifying,3073006032,L0,896,6.008339679125539,5.95974631249121,0.04859336663432945,0.0,0.0,0.0,896,170,6.008339679125539,6.008339679125539,11
collider,linear,effect_modifying,3073006032,L1-oracle,896,5.723911156848971,,0.0,0.0,0.12352941176470589,0.12352941176470589,896,170,5.723911156848971,5.760618758169592,11
collider,linear,effect_modifying,3073006032,L1-discovered,896,4.872862698476927,,0.0,1.0,0.0117647058823529,-0.9882352941176471,896,170,4.872862698476927,,11
collider,linear,effect_modifying,3073006032,L2,896,5.692878484016365,,0.0,0.0,0.0,0.0,896,170,5.692878484016365,5.692878484016365,11
collider,linear,effect_modifying,2400372293,L0,892,5.926251670822033,5.871639750310908,0.05461192051112551,0.0,0.0,0.0,892,161,5.926251670822033,5.926251670822033,12
collider,linear,effect_modifying,2400372293,L1-oracle,892,5.990909313010559,,0.0,0.0,0.03105590062111796,0.03105590062111796,892,161,5.990909313010559,6.003988959323294,12
collider,linear,effect_modifying,2400372293,L1-discovered,892,5.009142775703555,,0.0,1.0,0.0,-1.0,892,161,5.009142775703555,,12
collider,linear,effect_modifying,2400372293,L2,892,5.974514855009365,,0.0,0.0,0.0,0.0,892,161,5.974514855009365,5.974514855009365,12
collider,linear,effect_modifying,14143617,L0,887,5.790910177374259,5.7431198094637885,0.04779036791047009,0.0,0.0,0.0,887,135,5.790910177374259,5.790910177374259,13
collider,linear,effect_modifying,14143617,L1-oracle,887,6.014647602961753,,0.0,0.0,0.007407407407407418,0.007407407407407418,887,135,6.014647602961753,6.0291613523881376,13
collider,linear,effect_modifying,14143617,L1-discovered,887,5.056808377329126,,0.0,1.0,0.0,-1.0,887,135,5.056808377329126,,13
collider,linear,effect_modifying,14143617,L2,887,5.898970332957591,,0.0,0.0,0.0,0.0,887,135,5.898970332957591,5.898970332957591,13
collider,linear,effect_modifying,1350438117,L0,874,5.554394324700133,5.451038751992929,0.10335557270720397,0.0,0.0,0.0,874,142,5.554394324700133,5.554394324700133,14
collider,linear,effect_modifying,1350438117,L1-oracle,874,5.024783850215411,,0.0,0.0,0.0,0.0,874,142,5.024783850215411,5.024783850215411,14
collider,linear,effect_modifying,1350438117,L1-discovered,874,4.66538272192376,,0.0,0.9972677595628415,0.0,-0.9972677595628415,874,142,4.66538272192376,2.103206488505742,14
collider,linear,effect_modifying,1350438117,L2,874,4.98291590653416,,0.0,0.0,0.0,0.0,874,142,4.98291590653416,4.98291590653416,14
collider,linear,effect_modifying,801569728,L0,871,5.557335275521579,5.504820059528783,0.05251521599279574,0.0,0.0,0.0,871,101,5.557335275521579,5.557335275521579,15
collider,linear,effect_modifying,801569728,L1-oracle,871,5.2027502261128165,,0.0,0.0,0.0,0.0,871,101,5.2027502261128165,5.2027502261128165,15
collider,linear,effect_modifying,801569728,L1-discovered,871,4.722778467001407,,0.0,0.9974025974025974,0.0,-0.9974025974025974,871,101,4.722778467001407,2.7037882076925106,15
collider,linear,effect_modifying,801569728,L2,871,4.9837247831885625,,0.0,0.0,0.0,0.0,871,101,4.9837247831885625,4.9837247831885625,15
collider,linear,effect_modifying,3819681627,L0,858,5.559557742864419,5.4925881294005805,0.06696961346383823,0.0,0.0,0.0,858,99,5.559557742864419,5.559557742864419,16
collider,linear,effect_modifying,3819681627,L1-oracle,858,5.429192702629746,,0.0,0.0,0.0,0.0,858,99,5.429192702629746,5.429192702629746,16
collider,linear,effect_modifying,3819681627,L1-discovered,858,4.74980591501636,,0.0,0.9986824769433466,0.0,-0.9986824769433466,858,99,4.74980591501636,1.3157067579097497,16
collider,linear,effect_modifying,3819681627,L2,858,5.366683968561927,,0.0,0.0,0.0,0.0,858,99,5.366683968561927,5.366683968561927,16
collider,linear,effect_modifying,2774431793,L0,887,5.652953323017311,5.620553926523199,0.032399396494112054,0.0,0.0,0.0,887,126,5.652953323017311,5.652953323017311,17
collider,linear,effect_modifying,2774431793,L1-oracle,887,5.714397524998254,,0.0,0.7582128777923784,0.023809523809523836,-0.7344033539828546,887,126,5.714397524998254,5.140559673831903,17
collider,linear,effect_modifying,2774431793,L1-discovered,887,4.889630844175906,,0.0,1.0,0.015873015873015928,-0.9841269841269841,887,126,4.889630844175906,,17
collider,linear,effect_modifying,2774431793,L2,887,5.805036052328412,,0.0,0.0,0.0,0.0,887,126,5.805036052328412,5.805036052328412,17
collider,linear,effect_modifying,794650984,L0,878,5.105043050554784,5.0325830716624385,0.07245997889234523,0.0,0.0,0.0,878,114,5.105043050554784,5.105043050554784,18
collider,linear,effect_modifying,794650984,L1-oracle,878,4.553135311167422,,0.0,0.1845549738219895,0.07894736842105265,-0.10560760540093683,878,114,4.553135311167422,4.521323770791973,18
collider,linear,effect_modifying,794650984,L1-discovered,878,4.273503038183378,,0.0,0.9895287958115183,0.0,-0.9895287958115183,878,114,4.273503038183378,2.366416749266846,18
collider,linear,effect_modifying,794650984,L2,878,4.563293674681999,,0.0,0.0,0.0,0.0,878,114,4.563293674681999,4.563293674681999,18
collider,linear,effect_modifying,3338799195,L0,858,5.008226203874868,4.858736215760257,0.14948998811461056,0.0,0.0,0.0,858,110,5.008226203874868,5.008226203874868,19
collider,linear,effect_modifying,3338799195,L1-oracle,858,4.7718628877079645,,0.0,0.0,0.0,0.0,858,110,4.7718628877079645,4.7718628877079645,19
collider,linear,effect_modifying,3338799195,L1-discovered,858,4.369832414599836,,0.0,0.9879679144385026,0.0,-0.9879679144385026,858,110,4.369832414599836,2.69231695422145,19
collider,linear,effect_modifying,3338799195,L2,858,4.693897841254639,,0.0,0.0,0.0,0.0,858,110,4.693897841254639,4.693897841254639,19
collider,nlg,additive,3134173889,L0,934,2.2603216310766023,2.235021782775987,0.02529984830061549,0.0,0.0,0.0,934,173,2.2603216310766023,2.2603216310766023,0
collider,nlg,additive,3134173889,L1-oracle,934,1.9404878233168692,,0.0,0.0,0.0,0.0,934,173,1.9404878233168692,1.9404878233168692,0
collider,nlg,additive,3134173889,L1-discovered,934,1.9404878233168692,,0.0,0.0,0.0,0.0,934,173,1.9404878233168692,1.9404878233168692,0
collider,nlg,additive,3134173889,L2,934,1.8564005772320926,,0.0,0.0,0.0,0.0,934,173,1.8564005772320926,1.8564005772320926,0
collider,nlg,additive,3888140183,L0,912,2.382584759030154,2.3610579058847803,0.021526853145373614,0.0,0.0,0.0,912,195,2.382584759030154,2.382584759030154,1
collider,nlg,additive,3888140183,L1-oracle,912,2.0388493371266114,,0.0,0.001394700139469962,0.02051282051282055,0.01911812037335059,912,195,2.0388493371266114,2.0364170950278235,1
collider,nlg,additive,3888140183,L1-discovered,912,2.0388493371266114,,0.0,0.001394700139469962,0.02051282051282055,0.01911812037335059,912,195,2.0388493371266114,2.0364170950278235,1
collider,nlg,additive,3888140183,L2,912,1.9532983881294779,,0.0,0.0,0.0,0.0,912,195,1.9532983881294779,1.9532983881294779,1
collider,nlg,additive,242446310,L0,922,2.1503960663284216,2.1180723187327617,0.032323747595659924,0.0,0.0,0.0,922,179,2.1503960663284216,2.1503960663284216,2
collider,nlg,additive,242446310,L1-oracle,922,1.6945430066223715,,0.0,0.7146702557200538,0.12290502793296088,-0.591765227787093,922,179,1.6945430066223715,1.4974914155956716,2
collider,nlg,additive,242446310,L1-discovered,922,1.6945430066223715,,0.0,0.7146702557200538,0.12290502793296088,-0.591765227787093,922,179,1.6945430066223715,1.4974914155956716,2
collider,nlg,additive,242446310,L2,922,1.7465706851225158,,0.0,0.0,0.0,0.0,922,179,1.7465706851225158,1.7465706851225158,2
collider,nlg,additive,1421188080,L0,920,2.2290210096650123,2.2044379456122893,0.024583064052722925,0.0,0.0,0.0,920,188,2.2290210096650123,2.2290210096650123,3
collider,nlg,additive,1421188080,L1-oracle,920,1.6921050667758857,,0.0,0.9754098360655737,0.2872340425531915,-0.6881757935123822,920,188,1.6921050667758857,0.9193098163654536,3
collider,nlg,additive,1421188080,L1-discovered,920,1.6921050667758857,,0.0,0.9754098360655737,0.2872340425531915,-0.6881757935123822,920,188,1.6921050667758857,0.9193098163654536,3
collider,nlg,additive,1421188080,L2,920,1.811776374561857,,0.0,0.0,0.0,0.0,920,188,1.811776374561857,1.811776374561857,3
collider,nlg,additive,2507512415,L0,910,2.135808349677902,2.1099438957289127,0.025864453948989397,0.0,0.0,0.0,910,165,2.135808349677902,2.135808349677902,4
collider,nlg,additive,2507512415,L1-oracle,910,1.6185107363247473,,0.0,0.9959731543624161,0.37575757575757573,-0.6202155786048403,910,165,1.6185107363247473,0.2476432040371215,4
collider,nlg,additive,2507512415,L1-discovered,910,1.6185107363247473,,0.0,0.9959731543624161,0.37575757575757573,-0.6202155786048403,910,165,1.6185107363247473,0.2476432040371215,4
collider,nlg,additive,2507512415,L2,910,1.7424978327175173,,0.0,0.0,0.0,0.0,910,165,1.7424978327175173,1.7424978327175173,4
collider,nlg,additive,2830493979,L0,913,2.1615673827620565,2.1281680739925664,0.033399308769490155,0.0,0.0,0.0,913,181,2.1615673827620565,2.1615673827620565,5
collider,nlg,additive,2830493979,L1-oracle,913,1.7991438938455346,,0.0,0.0,0.0,0.0,913,181,1.7991438938455346,1.7991438938455346,5
collider,nlg,additive,2830493979,L1-discovered,913,1.7991438938455346,,0.0,0.0,0.0,0.0,913,181,1.7991438938455346,1.7991438938455346,5
collider,nlg,additive,2830493979,L2,913,1.7577299611381134,,0.0,0.0,0.0,0.0,913,181,1.7577299611381134,1.7577299611381134,5
collider,nlg,additive,1162261060,L0,900,2.2825032707840465,2.2667480193348797,0.015755251449166785,0.0,0.0,0.0,900,148,2.2825032707840465,2.2825032707840465,6
collider,nlg,additive,1162261060,L1-oracle,900,1.965978917940731,,0.0,0.0,0.0,0.0,900,148,1.965978917940731,1.965978917940731,6
collider,nlg,additive,1162261060,L1-discovered,900,1.965978917940731,,0.0,0.0,0.0,0.0,900,148,1.965978917940731,1.965978917940731,6
collider,nlg,additive,1162261060,L2,900,1.8509144150634882,,0.0,0.0,0.0,0.0,900,148,1.8509144150634882,1.8509144150634882,6
collider,nlg,additive,3312119525,L0,909,1.856094359112642,1.7947677425175228,0.06132661659511918,0.0,0.0,0.0,909,151,1.856094359112642,1.856094359112642,7
collider,nlg,additive,3312119525,L1-oracle,909,1.5614128796665305,,0.0,0.014511873350923521,0.013245033112582738,-0.0012668402383407829,909,151,1.5614128796665305,1.567334889731669,7
collider,nlg,additive,3312119525,L1-discovered,909,1.5614128796665305,,0.0,0.014511873350923521,0.013245033112582738,-0.0012668402383407829,909,151,1.5614128796665305,1.567334889731669,7
collider,nlg,additive,3312119525,L2,909,1.5525661077765713,,0.0,0.0,0.0,0.0,909,151,1.5525661077765713,1.5525661077765713,7
collider,nlg,additive,3527135551,L0,931,2.1835271720159595,2.1541032798883837,0.02942389212757579,0.0,0.0,0.0,931,140,2.1835271720159595,2.1835271720159595,8
collider,nlg,additive,3527135551,L1-oracle,931,1.7583132034771907,,0.0,0.2996207332490518,0.05714285714285716,-0.24247787610619465,931,140,1.7583132034771907,1.699116652323215,8
collider,nlg,additive,3527135551,L1-discovered,931,1.7583132034771907,,0.0,0.2996207332490518,0.05714285714285716,-0.24247787610619465,931,140,1.7583132034771907,1.699116652323215,8
collider,nlg,additive,3527135551,L2,931,1.7699576283044867,,0.0,0.0,0.0,0.0,931,140,1.7699576283044867,1.7699576283044867,8
collider,nlg,additive,2727678368,L0,921,2.404117779305997,2.3818313319964415,0.022286447309555424,0.0,0.0,0.0,921,210,2.404117779305997,2.404117779305997,9
collider,nlg,additive,2727678368,L1-oracle,921,1.9822376315113384,,0.0,0.0,0.0,0.0,921,210,1.9822376315113384,1.9822376315113384,9
collider,nlg,additive,2727678368,L1-discovered,921,1.9822376315113384,,0.0,0.0,0.0,0.0,921,210,1.9822376315113384,1.9822376315113384,9
collider,nlg,additive,2727678368,L2,921,1.9722966847203571,,0.0,0.0,0.0,0.0,921,210,1.9722966847203571,1.9722966847203571,9
collider,nlg,additive,2186263937,L0,909,2.3681282795859,2.354016204953502,0.014112074632398386,0.0,0.0,0.0,909,179,2.3681282795859,2.3681282795859,10
collider,nlg,additive,2186263937,L1-oracle,909,2.0162156405506986,,0.0,0.05753424657534245,0.005586592178770999,-0.05194765439657145,909,179,2.0162156405506986,1.9948289793110212,10
collider,nlg,additive,2186263937,L1-discovered,909,2.0162156405506986,,0.0,0.05753424657534245,0.005586592178770999,-0.05194765439657145,909,179,2.0162156405506986,1.9948289793110212,10
collider,nlg,additive,2186263937,L2,909,2.012849727520126,,0.0,0.0,0.0,0.0,909,179,2.012849727520126,2.012849727520126,10
collider,nlg,additive,3073006032,L0,898,2.3147592000429307,2.2859162314594217,0.028842968583508988,0.0,0.0,0.0,898,172,2.3147592000429307,2.3147592000429307,11
collider,nlg,additive,3073006032,L1-oracle,898,1.8153591035241465,,0.0,0.884297520661157,0.2383720930232558,-0.6459254276379012,898,172,1.8153591035241465,1.1994911536362556,11
collider,nlg,additive,3073006032,L1-discovered,898,1.8153591035241465,,0.0,0.884297520661157,0.2383720930232558,-0.6459254276379012,898,172,1.8153591035241465,1.1994911536362556,11
collider,nlg,additive,3073006032,L2,898,1.8884438191319022,,0.0,0.0,0.0,0.0,898,172,1.8884438191319022,1.8884438191319022,11
collider,nlg,additive,2400372293,L0,916,2.478986910218439,2.4686986849895622,0.010288225228876957,0.0,0.0,0.0,916,186,2.478986910218439,2.478986910218439,12
collider,nlg,additive,2400372293,L1-oracle,916,2.2211329218812406,,0.0,0.7013698630136986,0.20430107526881724,-0.4970687877448814,916,186,2.2211329218812406,2.3324642729054776,12
collider,nlg,additive,2400372293,L1-discovered,916,2.2211329218812406,,0.0,0.7013698630136986,0.20430107526881724,-0.4970687877448814,916,186,2.2211329218812406,2.3324642729054776,12
collider,nlg,additive,2400372293,L2,916,2.2747637134534235,,0.0,0.0,0.0,0.0,916,186,2.2747637134534235,2.2747637134534235,12
collider,nlg,additive,14143617,L0,929,2.390937166688489,2.379836087242361,0.011101079446127926,0.0,0.0,0.0,929,177,2.390937166688489,2.390937166688489,13
collider,nlg,additive,14143617,L1-oracle,929,2.076784403037879,,0.0,0.0,0.0,0.0,929,177,2.076784403037879,2.076784403037879,13
collider,nlg,additive,14143617,L1-discovered,929,2.076784403037879,,0.0,0.0,0.0,0.0,929,177,2.076784403037879,2.076784403037879,13
collider,nlg,additive,14143617,L2,929,2.045793281103205,,0.0,0.0,0.0,0.0,929,177,2.045793281103205,2.045793281103205,13
collider,nlg,additive,1350438117,L0,939,2.3181788143387982,2.307894983790926,0.010283830547872075,0.0,0.0,0.0,939,207,2.3181788143387982,2.3181788143387982,14
collider,nlg,additive,1350438117,L1-oracle,939,2.1558005122607207,,0.0,0.0,0.0,0.0,939,207,2.1558005122607207,2.1558005122607207,14
collider,nlg,additive,1350438117,L1-discovered,939,2.1558005122607207,,0.0,0.0,0.0,0.0,939,207,2.1558005122607207,2.1558005122607207,14
collider,nlg,additive,1350438117,L2,939,2.0615859090252813,,0.0,0.0,0.0,0.0,939,207,2.0615859090252813,2.0615859090252813,14
collider,nlg,additive,801569728,L0,901,2.1990333570559786,2.17197083588432,0.027062521171658638,0.0,0.0,0.0,901,131,2.1990333570559786,2.1990333570559786,15
collider,nlg,additive,801569728,L1-oracle,901,1.9535019476221287,,0.0,0.0,0.0,0.0,901,131,1.9535019476221287,1.9535019476221287,15
collider,nlg,additive,801569728,L1-discovered,901,1.9535019476221287,,0.0,0.0,0.0,0.0,901,131,1.9535019476221287,1.9535019476221287,15
collider,nlg,additive,801569728,L2,901,1.7738638214528715,,0.0,0.0,0.0,0.0,901,131,1.7738638214528715,1.7738638214528715,15
collider,nlg,additive,3819681627,L0,901,2.2845369165821294,2.2614906891366546,0.0230462274454748,0.0,0.0,0.0,901,142,2.2845369165821294,2.2845369165821294,16
collider,nlg,additive,3819681627,L1-oracle,901,2.0779134571141453,,0.0,0.0,0.0,0.0,901,142,2.0779134571141453,2.0779134571141453,16
collider,nlg,additive,3819681627,L1-discovered,901,2.0779134571141453,,0.0,0.0,0.0,0.0,901,142,2.0779134571141453,2.0779134571141453,16
collider,nlg,additive,3819681627,L2,901,1.877024563578076,,0.0,0.0,0.0,0.0,901,142,1.877024563578076,1.877024563578076,16
collider,nlg,additive,2774431793,L0,922,2.331712304602998,2.331712304602998,0.0,0.0,0.0,0.0,922,161,2.331712304602998,2.331712304602998,17
collider,nlg,additive,2774431793,L1-oracle,922,1.9522456639531065,,0.0,0.7542706964520368,0.1925465838509317,-0.5617241126011051,922,161,1.9522456639531065,2.0147903232571545,17
collider,nlg,additive,2774431793,L1-discovered,922,1.9522456639531065,,0.0,0.7542706964520368,0.1925465838509317,-0.5617241126011051,922,161,1.9522456639531065,2.0147903232571545,17
collider,nlg,additive,2774431793,L2,922,1.9959205109251368,,0.0,0.0,0.0,0.0,922,161,1.9959205109251368,1.9959205109251368,17
collider,nlg,additive,794650984,L0,930,2.08144728603448,2.0600481855960715,0.021399100438408425,0.0,0.0,0.0,930,166,2.08144728603448,2.08144728603448,18
collider,nlg,additive,794650984,L1-oracle,930,1.6635389534626697,,0.0,0.9489528795811518,0.20481927710843373,-0.7441336024727181,930,166,1.6635389534626697,0.9014796514087252,18
collider,nlg,additive,794650984,L1-discovered,930,1.6635389534626697,,0.0,0.9489528795811518,0.20481927710843373,-0.7441336024727181,930,166,1.6635389534626697,0.9014796514087252,18
collider,nlg,additive,794650984,L2,930,1.7085789149959525,,0.0,0.0,0.0,0.0,930,166,1.7085789149959525,1.7085789149959525,18
collider,nlg,additive,3338799195,L0,896,2.1047472930914553,2.0751966524745313,0.029550640616923918,0.0,0.0,0.0,896,148,2.1047472930914553,2.1047472930914553,19
collider,nlg,additive,3338799195,L1-oracle,896,1.7642382911590109,,0.0,0.0,0.0,0.0,896,148,1.7642382911590109,1.7642382911590109,19
collider,nlg,additive,3338799195,L1-discovered,896,1.7642382911590109,,0.0,0.0,0.0,0.0,896,148,1.7642382911590109,1.7642382911590109,19
collider,nlg,additive,3338799195,L2,896,1.7055838051232612,,0.0,0.0,0.0,0.0,896,148,1.7055838051232612,1.7055838051232612,19
collider,nlg,effect_modifying,3134173889,L0,941,2.244138264090629,2.2062228456341137,0.03791541845651514,0.0,0.0,0.0,941,180,2.244138264090629,2.244138264090629,0
collider,nlg,effect_modifying,3134173889,L1-oracle,941,2.2127518079830675,,0.0,0.0,0.005555555555555536,0.005555555555555536,941,180,2.2127518079830675,2.2115150731444753,0
collider,nlg,effect_modifying,3134173889,L1-discovered,941,1.935030033575929,,0.0,0.9356110381077529,0.0,-0.9356110381077529,941,180,1.935030033575929,2.1437481760926125,0
collider,nlg,effect_modifying,3134173889,L2,941,2.074205710747452,,0.0,0.0,0.0,0.0,941,180,2.074205710747452,2.074205710747452,0
collider,nlg,effect_modifying,3888140183,L0,910,2.367536106409931,2.3368064712327477,0.0307296351771833,0.0,0.0,0.0,910,193,2.367536106409931,2.367536106409931,1
collider,nlg,effect_modifying,3888140183,L1-oracle,910,2.21530583885809,,0.0,0.03347280334728031,0.0,-0.03347280334728031,910,193,2.21530583885809,2.216064316907634,1
collider,nlg,effect_modifying,3888140183,L1-discovered,910,2.02322651519851,,0.0,0.8898186889818689,0.0,-0.8898186889818689,910,193,2.02322651519851,1.8530825825918968,1
collider,nlg,effect_modifying,3888140183,L2,910,2.184746777373183,,0.0,0.0,0.0,0.0,910,193,2.184746777373183,2.184746777373183,1
collider,nlg,effect_modifying,242446310,L0,929,2.1240113657737414,2.0786586120348587,0.0453527537388827,0.0,0.0,0.0,929,186,2.1240113657737414,2.1240113657737414,2
collider,nlg,effect_modifying,242446310,L1-oracle,929,1.9363067182649263,,0.0,0.026917900403768513,0.30107526881720426,0.27415736841343574,929,186,1.9363067182649263,2.0370661576253664,2
collider,nlg,effect_modifying,242446310,L1-discovered,929,1.6786852527713167,,0.0,0.9959623149394348,0.016129032258064502,-0.9798332826813703,929,186,1.6786852527713167,0.31553743166530845,2
collider,nlg,effect_modifying,242446310,L2,929,1.9005176682409228,,0.0,0.0,0.0,0.0,929,186,1.9005176682409228,1.9005176682409228,2
collider,nlg,effect_modifying,1421188080,L0,919,2.197028442845048,2.155857636210964,0.04117080663408412,0.0,0.0,0.0,919,187,2.197028442845048,2.197028442845048,3
collider,nlg,effect_modifying,1421188080,L1-oracle,919,1.862805700858893,,0.0,0.98224043715847,0.31016042780748665,-0.6720800093509833,919,187,1.862805700858893,1.710811047909524,3
collider,nlg,effect_modifying,1421188080,L1-discovered,919,1.659496655630244,,0.0,0.9972677595628415,0.048128342245989275,-0.9491394173168523,919,187,1.659496655630244,2.3708633761222835,3
collider,nlg,effect_modifying,1421188080,L2,919,1.9753106035073673,,0.0,0.0,0.0,0.0,919,187,1.9753106035073673,1.9753106035073673,3
collider,nlg,effect_modifying,2507512415,L0,917,2.170182158669955,2.132681776206903,0.037500382463051984,0.0,0.0,0.0,917,172,2.170182158669955,2.170182158669955,4
collider,nlg,effect_modifying,2507512415,L1-oracle,917,1.7427692175788156,,0.0,1.0,0.22093023255813948,-0.7790697674418605,917,172,1.7427692175788156,,4
collider,nlg,effect_modifying,2507512415,L1-discovered,917,1.6284031877698704,,0.0,1.0,0.029069767441860517,-0.9709302325581395,917,172,1.6284031877698704,,4
collider,nlg,effect_modifying,2507512415,L2,917,1.9925431179283064,,0.0,0.0,0.0,0.0,917,172,1.9925431179283064,1.9925431179283064,4
collider,nlg,effect_modifying,2830493979,L0,920,2.1303870219881773,2.085228927700666,0.045158094287511386,0.0,0.0,0.0,920,188,2.1303870219881773,2.1303870219881773,5
collider,nlg,effect_modifying,2830493979,L1-oracle,920,1.8158643049895322,,0.0,0.930327868852459,0.0,-0.930327868852459,920,188,1.8158643049895322,1.1732854092469474,5
collider,nlg,effect_modifying,2830493979,L1-discovered,920,1.768845047677685,,0.0,0.9863387978142076,0.0,-0.9863387978142076,920,188,1.768845047677685,0.47698454546852354,5
collider,nlg,effect_modifying,2830493979,L2,920,1.8738088468959782,,0.0,0.0,0.0,0.0,920,188,1.8738088468959782,1.8738088468959782,5
collider,nlg,effect_modifying,1162261060,L0,910,2.2784072968854074,2.247374764687913,0.031032532197494245,0.0,0.0,0.0,910,158,2.2784072968854074,2.2784072968854074,6
collider,nlg,effect_modifying,1162261060,L1-oracle,910,2.2126339475937757,,0.0,0.0,0.0,0.0,910,158,2.2126339475937757,2.2126339475937757,6
collider,nlg,effect_modifying,1162261060,L1-discovered,910,1.959851634590355,,0.0,0.9228723404255319,0.0,-0.9228723404255319,910,158,1.959851634590355,1.4392804288798091,6
collider,nlg,effect_modifying,1162261060,L2,910,2.108220396777734,,0.0,0.0,0.0,0.0,910,158,2.108220396777734,2.108220396777734,6
collider,nlg,effect_modifying,3312119525,L0,918,1.8597417238068277,1.7712230681099472,0.08851865569688044,0.0,0.0,0.0,918,160,1.8597417238068277,1.8597417238068277,7
collider,nlg,effect_modifying,3312119525,L1-oracle,918,1.65394263537656,,0.0,0.2308707124010554,0.03125,-0.1996207124010554,918,160,1.65394263537656,1.6356963251744157,7
collider,nlg,effect_modifying,3312119525,L1-discovered,918,1.5609934406996375,,0.0,0.8733509234828496,0.0,-0.8733509234828496,918,160,1.5609934406996375,1.1700311075926986,7
collider,nlg,effect_modifying,3312119525,L2,918,1.6664503026813065,,0.0,0.0,0.0,0.0,918,160,1.6664503026813065,1.6664503026813065,7
collider,nlg,effect_modifying,3527135551,L0,930,2.171643300982578,2.133298228185219,0.03834507279735888,0.0,0.0,0.0,930,139,2.171643300982578,2.171643300982578,8
collider,nlg,effect_modifying,3527135551,L1-oracle,930,1.962828099368148,,0.0,0.752212389380531,0.0,-0.752212389380531,930,139,1.962828099368148,1.5448673726739508,8
collider,nlg,effect_modifying,3527135551,L1-discovered,930,1.7833412930262127,,0.0,0.9898862199747156,0.0,-0.9898862199747156,930,139,1.7833412930262127,0.35532714865516346,8
collider,nlg,effect_modifying,3527135551,L2,930,2.0271478832262306,,0.0,0.0,0.0,0.0,930,139,2.0271478832262306,2.0271478832262306,8
collider,nlg,effect_modifying,2727678368,L0,927,2.4246118246563784,2.3920419362911476,0.03256988836523078,0.0,0.0,0.0,927,216,2.4246118246563784,2.4246118246563784,9
collider,nlg,effect_modifying,2727678368,L1-oracle,927,2.2431687505203315,,0.0,0.02250351617440227,0.0,-0.02250351617440227,927,216,2.2431687505203315,2.2457597210766203,9
collider,nlg,effect_modifying,2727678368,L1-discovered,927,1.996894484283763,,0.0,0.9943741209563994,0.0,-0.9943741209563994,927,216,1.996894484283763,2.3646385905646716,9
collider,nlg,effect_modifying,2727678368,L2,927,2.2467801718560967,,0.0,0.0,0.0,0.0,927,216,2.2467801718560967,2.2467801718560967,9
collider,nlg,effect_modifying,2186263937,L0,912,2.358451465816711,2.34304596709626,0.01540549872045105,0.0,0.0,0.0,912,182,2.358451465816711,2.358451465816711,10
collider,nlg,effect_modifying,2186263937,L1-oracle,912,2.280627801857375,,0.0,0.2863013698630137,0.016483516483516536,-0.26981785337949715,912,182,2.280627801857375,2.2677323729075716,10
collider,nlg,effect_modifying,2186263937,L1-discovered,912,2.0161101992673145,,0.0,0.9547945205479452,0.0,-0.9547945205479452,912,182,2.0161101992673145,3.674531881172521,10
collider,nlg,effect_modifying,2186263937,L2,912,2.2933369030734547,,0.0,0.0,0.0,0.0,912,182,2.2933369030734547,2.2933369030734547,10
collider,nlg,effect_modifying,3073006032,L0,910,2.2940549452268812,2.255642347729155,0.038412597497726075,0.0,0.0,0.0,910,184,2.2940549452268812,2.2940549452268812,11
collider,nlg,effect_modifying,3073006032,L1-oracle,910,2.138918666796153,,0.0,0.06060606060606055,0.40217391304347827,0.3415678524374177,910,184,2.138918666796153,2.242984556314207,11
collider,nlg,effect_modifying,3073006032,L1-discovered,910,1.8073370801600768,,0.0,0.9986225895316805,0.0,-0.9986225895316805,910,184,1.8073370801600768,0.4231329168020812,11
collider,nlg,effect_modifying,3073006032,L2,910,2.111717051664021,,0.0,0.0,0.0,0.0,910,184,2.111717051664021,2.111717051664021,11
collider,nlg,effect_modifying,2400372293,L0,915,2.4211034180394675,2.403017834293866,0.01808558374560132,0.0,0.0,0.0,915,184,2.4211034180394675,2.4211034180394675,12
collider,nlg,effect_modifying,2400372293,L1-oracle,915,2.488393584670548,,0.0,0.0725034199726402,0.2663043478260869,0.19380092785344671,915,184,2.488393584670548,2.6116026846226448,12
collider,nlg,effect_modifying,2400372293,L1-discovered,915,2.072739542895354,,0.0,0.9411764705882353,0.0,-0.9411764705882353,915,184,2.072739542895354,3.8440133116629536,12
collider,nlg,effect_modifying,2400372293,L2,915,2.4690386651351806,,0.0,0.0,0.0,0.0,915,184,2.4690386651351806,2.4690386651351806,12
collider,nlg,effect_modifying,14143617,L0,933,2.3795764067243343,2.3608484019196707,0.018728004804663634,0.0,0.0,0.0,933,181,2.3795764067243343,2.3795764067243343,13
collider,nlg,effect_modifying,14143617,L1-oracle,933,2.41172436938043,,0.0,0.0,0.02209944751381221,0.02209944751381221,933,181,2.41172436938043,2.419652586365244,13
collider,nlg,effect_modifying,14143617,L1-discovered,933,2.0615062585613138,,0.0,0.9428191489361702,0.0,-0.9428191489361702,933,181,2.0615062585613138,3.7400708255397355,13
collider,nlg,effect_modifying,14143617,L2,933,2.351510317845295,,0.0,0.0,0.0,0.0,933,181,2.351510317845295,2.351510317845295,13
collider,nlg,effect_modifying,1350438117,L0,931,2.3003135053285244,2.287250303383914,0.013063201944610192,0.0,0.0,0.0,931,199,2.3003135053285244,2.3003135053285244,14
collider,nlg,effect_modifying,1350438117,L1-oracle,931,2.305669440470196,,0.0,0.0,0.0,0.0,931,199,2.305669440470196,2.305669440470196,14
collider,nlg,effect_modifying,1350438117,L1-discovered,931,2.12642243145675,,0.0,0.7855191256830601,0.0,-0.7855191256830601,931,199,2.12642243145675,2.421686344370838,14
collider,nlg,effect_modifying,1350438117,L2,931,2.236782024397632,,0.0,0.0,0.0,0.0,931,199,2.236782024397632,2.236782024397632,14
collider,nlg,effect_modifying,801569728,L0,907,2.220669311841293,2.184435588865151,0.0362337229761418,0.0,0.0,0.0,907,137,2.220669311841293,2.220669311841293,15
collider,nlg,effect_modifying,801569728,L1-oracle,907,2.287044764060539,,0.0,0.0,0.007299270072992692,0.007299270072992692,907,137,2.287044764060539,2.2862979348342063,15
collider,nlg,effect_modifying,801569728,L1-discovered,907,1.9971497514440988,,0.0,0.04415584415584417,0.0,-0.04415584415584417,907,137,1.9971497514440988,2.0094932812154944,15
collider,nlg,effect_modifying,801569728,L2,907,2.005666639612009,,0.0,0.0,0.0,0.0,907,137,2.005666639612009,2.005666639612009,15
collider,nlg,effect_modifying,3819681627,L0,912,2.306234092257514,2.2811273809235084,0.02510671133400555,0.0,0.0,0.0,912,153,2.306234092257514,2.306234092257514,16
collider,nlg,effect_modifying,3819681627,L1-oracle,912,2.3511958697480217,,0.0,0.0,0.0,0.0,912,153,2.3511958697480217,2.3511958697480217,16
collider,nlg,effect_modifying,3819681627,L1-discovered,912,2.18009353296091,,0.0,0.24242424242424243,0.0,-0.24242424242424243,912,153,2.18009353296091,2.1572046920486323,16
collider,nlg,effect_modifying,3819681627,L2,912,2.2755983201786005,,0.0,0.0,0.0,0.0,912,153,2.2755983201786005,2.2755983201786005,16
collider,nlg,effect_modifying,2774431793,L0,926,2.324992679551068,2.3074321324019733,0.017560547149094496,0.0,0.0,0.0,926,165,2.324992679551068,2.324992679551068,17
collider,nlg,effect_modifying,2774431793,L1-oracle,926,2.2309424993070768,,0.0,0.6557161629434953,0.1393939393939394,-0.5163222235495559,926,165,2.2309424993070768,2.4610976632433887,17
collider,nlg,effect_modifying,2774431793,L1-discovered,926,1.9380352756498287,,0.0,0.9645203679369251,0.024242424242424288,-0.9402779436945008,926,165,1.9380352756498287,4.383481030737409,17
collider,nlg,effect_modifying,2774431793,L2,926,2.2557854655272447,,0.0,0.0,0.0,0.0,926,165,2.2557854655272447,2.2557854655272447,17
collider,nlg,effect_modifying,794650984,L0,916,1.950194953959393,1.9153933053648196,0.034801648594573464,0.0,0.0,0.0,916,152,1.950194953959393,1.950194953959393,18
collider,nlg,effect_modifying,794650984,L1-oracle,916,1.7393193938757827,,0.0,0.14528795811518325,0.2763157894736842,0.13102783135850093,916,152,1.7393193938757827,1.819485381735071,18
collider,nlg,effect_modifying,794650984,L1-discovered,916,1.5577446624905769,,0.0,0.9973821989528796,0.013157894736842146,-0.9842243042160375,916,152,1.5577446624905769,0.269773123331597,18
collider,nlg,effect_modifying,794650984,L2,916,1.7238029841327909,,0.0,0.0,0.0,0.0,916,152,1.7238029841327909,1.7238029841327909,18
collider,nlg,effect_modifying,3338799195,L0,895,2.031046479651084,1.9854484486226902,0.04559803102839388,0.0,0.0,0.0,895,147,2.031046479651084,2.031046479651084,19
collider,nlg,effect_modifying,3338799195,L1-oracle,895,1.974450251029638,,0.0,0.0,0.04081632653061229,0.04081632653061229,895,147,1.974450251029638,1.9801694195456812,19
collider,nlg,effect_modifying,3338799195,L1-discovered,895,1.7006866491585146,,0.0,0.8943850267379679,0.0,-0.8943850267379679,895,147,1.7006866491585146,1.320861097343974,19
collider,nlg,effect_modifying,3338799195,L2,895,1.8225896214178854,,0.0,0.0,0.0,0.0,895,147,1.8225896214178854,1.8225896214178854,19
chain,linear,additive,3134173889,L0,904,2.373891855827102,2.360295948592284,0.013595907234817961,0.0,0.0,0.0,904,143,2.373891855827102,2.373891855827102,0
chain,linear,additive,3134173889,L1-oracle,904,2.2731307153450975,,0.0,0.0,0.0,0.0,904,143,2.2731307153450975,2.2731307153450975,0
chain,linear,additive,3134173889,L1-discovered,904,2.2731307153450975,,0.0,0.0,0.0,0.0,904,143,2.2731307153450975,2.2731307153450975,0
chain,linear,additive,3134173889,L2,904,2.222791266038581,,0.0,0.0,0.0,0.0,904,143,2.222791266038581,2.222791266038581,0
chain,linear,additive,3888140183,L0,877,2.441495648793262,2.4304559998207296,0.011039648972532401,0.0,0.0,0.0,877,160,2.441495648793262,2.441495648793262,1
chain,linear,additive,3888140183,L1-oracle,877,2.401553106391473,,0.0,0.14783821478382153,0.012499999999999956,-0.13533821478382158,877,160,2.401553106391473,2.3515188654816868,1
chain,linear,additive,3888140183,L1-discovered,877,2.401553106391473,,0.0,0.14783821478382153,0.012499999999999956,-0.13533821478382158,877,160,2.401553106391473,2.3515188654816868,1
chain,linear,additive,3888140183,L2,877,2.366961118726892,,0.0,0.0,0.0,0.0,877,160,2.366961118726892,2.366961118726892,1
chain,linear,additive,242446310,L0,920,2.418971458168447,2.4081145093248857,0.010856948843561476,0.0,0.0,0.0,920,177,2.418971458168447,2.418971458168447,2
chain,linear,additive,242446310,L1-oracle,920,2.2966387640278,,0.0,0.5181695827725438,0.10169491525423724,-0.41647466751830653,920,177,2.2966387640278,2.1851194580086464,2
chain,linear,additive,242446310,L1-discovered,920,2.2966387640278,,0.0,0.5181695827725438,0.10169491525423724,-0.41647466751830653,920,177,2.2966387640278,2.1851194580086464,2
chain,linear,additive,242446310,L2,920,2.3239257617565006,,0.0,0.0,0.0,0.0,920,177,2.3239257617565006,2.3239257617565006,2
chain,linear,additive,1421188080,L0,898,2.46539558667602,2.455601222846004,0.009794363830016195,0.0,0.0,0.0,898,166,2.46539558667602,2.46539558667602,3
chain,linear,additive,1421188080,L1-oracle,898,2.350927612805568,,0.0,0.8265027322404371,0.13855421686746983,-0.6879485153729673,898,166,2.350927612805568,1.9011028010868682,3
chain,linear,additive,1421188080,L1-discovered,898,2.350927612805568,,0.0,0.8265027322404371,0.13855421686746983,-0.6879485153729673,898,166,2.350927612805568,1.9011028010868682,3
chain,linear,additive,1421188080,L2,898,2.397163652602319,,0.0,0.0,0.0,0.0,898,166,2.397163652602319,2.397163652602319,3
chain,linear,additive,2507512415,L0,890,2.338715892050675,2.3226980760116507,0.016017816039024524,0.0,0.0,0.0,890,145,2.338715892050675,2.338715892050675,4
chain,linear,additive,2507512415,L1-oracle,890,2.1810742582786156,,0.0,0.5328859060402684,0.0482758620689655,-0.484610043971303,890,145,2.1810742582786156,1.9610810726219832,4
chain,linear,additive,2507512415,L1-discovered,890,2.1810742582786156,,0.0,0.5328859060402684,0.0482758620689655,-0.484610043971303,890,145,2.1810742582786156,1.9610810726219832,4
chain,linear,additive,2507512415,L2,890,2.195896783341338,,0.0,0.0,0.0,0.0,890,145,2.195896783341338,2.195896783341338,4
chain,linear,additive,2830493979,L0,927,2.4534131493509976,2.438503441645827,0.01490970770517075,0.0,0.0,0.0,927,195,2.4534131493509976,2.4534131493509976,5
chain,linear,additive,2830493979,L1-oracle,927,2.3294628514349536,,0.0,0.0,0.0,0.0,927,195,2.3294628514349536,2.3294628514349536,5
chain,linear,additive,2830493979,L1-discovered,927,2.3294628514349536,,0.0,0.0,0.0,0.0,927,195,2.3294628514349536,2.3294628514349536,5
chain,linear,additive,2830493979,L2,927,2.3066495276131307,,0.0,0.0,0.0,0.0,927,195,2.3066495276131307,2.3066495276131307,5
chain,linear,additive,1162261060,L0,890,2.3531332607857514,2.3492617692230344,0.0038714915627169333,0.0,0.0,0.0,890,138,2.3531332607857514,2.3531332607857514,6
chain,linear,additive,1162261060,L1-oracle,890,2.2620183304343793,,0.0,0.39228723404255317,0.007246376811594235,-0.38504085723095893,890,138,2.2620183304343793,2.1361407071497673,6
chain,linear,additive,1162261060,L1-discovered,890,2.2620183304343793,,0.0,0.39228723404255317,0.007246376811594235,-0.38504085723095893,890,138,2.2620183304343793,2.1361407071497673,6
chain,linear,additive,1162261060,L2,890,2.2804869643277472,,0.0,0.0,0.0,0.0,890,138,2.2804869643277472,2.2804869643277472,6
chain,linear,additive,3312119525,L0,915,2.0798962900892133,2.0576741289085883,0.022222161180625033,0.0,0.0,0.0,915,157,2.0798962900892133,2.0798962900892133,7
chain,linear,additive,3312119525,L1-oracle,915,1.9771509379145096,,0.0,0.0,0.0,0.0,915,157,1.9771509379145096,1.9771509379145096,7
chain,linear,additive,3312119525,L1-discovered,915,1.9740400540129515,,0.0,0.04089709762532978,0.006369426751592355,-0.034527670873737426,915,157,1.9740400540129515,1.972246414957202,7
chain,linear,additive,3312119525,L2,915,1.97601918630134,,0.0,0.0,0.0,0.0,915,157,1.97601918630134,1.97601918630134,7
chain,linear,additive,3527135551,L0,903,2.322555384751541,2.3092148554387633,0.01334052931277796,0.0,0.0,0.0,903,112,2.322555384751541,2.322555384751541,8
chain,linear,additive,3527135551,L1-oracle,903,2.2318099807560614,,0.0,0.007585335018963302,0.008928571428571397,0.001343236409608095,903,112,2.2318099807560614,2.235529120345493,8
chain,linear,additive,3527135551,L1-discovered,903,2.2318099807560614,,0.0,0.007585335018963302,0.008928571428571397,0.001343236409608095,903,112,2.2318099807560614,2.235529120345493,8
chain,linear,additive,3527135551,L2,903,2.219726200514625,,0.0,0.0,0.0,0.0,903,112,2.219726200514625,2.219726200514625,8
chain,linear,additive,2727678368,L0,902,2.5294969960418947,2.515853426977106,0.013643569064788696,0.0,0.0,0.0,902,191,2.5294969960418947,2.5294969960418947,9
chain,linear,additive,2727678368,L1-oracle,902,2.4220082602612205,,0.0,0.0,0.0,0.0,902,191,2.4220082602612205,2.4220082602612205,9
chain,linear,additive,2727678368,L1-discovered,902,2.4220082602612205,,0.0,0.0,0.0,0.0,902,191,2.4220082602612205,2.4220082602612205,9
chain,linear,additive,2727678368,L2,902,2.3891090725668347,,0.0,0.0,0.0,0.0,902,191,2.3891090725668347,2.3891090725668347,9
chain,linear,additive,2186263937,L0,899,2.3425295195838967,2.3335035597480256,0.009025959835871067,0.0,0.0,0.0,899,169,2.3425295195838967,2.3425295195838967,10
chain,linear,additive,2186263937,L1-oracle,899,2.330384201821794,,0.0,0.38082191780821917,0.059171597633136064,-0.3216503201750831,899,169,2.330384201821794,2.2629820725102765,10
chain,linear,additive,2186263937,L1-discovered,899,2.330384201821794,,0.0,0.38082191780821917,0.059171597633136064,-0.3216503201750831,899,169,2.330384201821794,2.2629820725102765,10
chain,linear,additive,2186263937,L2,899,2.3514467959572842,,0.0,0.0,0.0,0.0,899,169,2.3514467959572842,2.3514467959572842,10
chain,linear,additive,3073006032,L0,900,2.4398179295441342,2.4250135820419865,0.014804347502147763,0.0,0.0,0.0,900,174,2.4398179295441342,2.4398179295441342,11
chain,linear,additive,3073006032,L1-oracle,900,2.259149772116227,,0.0,0.5,0.03448275862068961,-0.4655172413793104,900,174,2.259149772116227,2.1287894483006222,11
chain,linear,additive,3073006032,L1-discovered,900,2.259149772116227,,0.0,0.5,0.03448275862068961,-0.4655172413793104,900,174,2.259149772116227,2.1287894483006222,11
chain,linear,additive,3073006032,L2,900,2.28169612198567,,0.0,0.0,0.0,0.0,900,174,2.28169612198567,2.28169612198567,11
chain,linear,additive,2400372293,L0,918,2.3813460925001815,2.3712809567548794,0.0100651357453021,0.0,0.0,0.0,918,187,2.3813460925001815,2.3813460925001815,12
chain,linear,additive,2400372293,L1-oracle,918,2.3871552697798144,,0.0,0.01094391244870041,0.03208556149732622,0.02114164904862581,918,187,2.3871552697798144,2.4093085519058066,12
chain,linear,additive,2400372293,L1-discovered,918,2.3871552697798144,,0.0,0.01094391244870041,0.03208556149732622,0.02114164904862581,918,187,2.3871552697798144,2.4093085519058066,12
chain,linear,additive,2400372293,L2,918,2.3744093541375753,,0.0,0.0,0.0,0.0,918,187,2.3744093541375753,2.3744093541375753,12
chain,linear,additive,14143617,L0,909,2.30938247028661,2.291789380291802,0.017593089994807798,0.0,0.0,0.0,909,157,2.30938247028661,2.30938247028661,13
chain,linear,additive,14143617,L1-oracle,909,2.2311457816335634,,0.0,0.0771276595744681,0.006369426751592355,-0.07075823282287574,909,157,2.2311457816335634,2.2100483048594914,13
chain,linear,additive,14143617,L1-discovered,909,2.2311457816335634,,0.0,0.0771276595744681,0.006369426751592355,-0.07075823282287574,909,157,2.2311457816335634,2.2100483048594914,13
chain,linear,additive,14143617,L2,909,2.2346548658128746,,0.0,0.0,0.0,0.0,909,157,2.2346548658128746,2.2346548658128746,13
chain,linear,additive,1350438117,L0,908,2.3676907170062673,2.356770616246954,0.010920100759313378,0.0,0.0,0.0,908,176,2.3676907170062673,2.3676907170062673,14
chain,linear,additive,1350438117,L1-oracle,908,2.2354975866722016,,0.0,0.0,0.0,0.0,908,176,2.2354975866722016,2.2354975866722016,14
chain,linear,additive,1350438117,L1-discovered,908,2.2354975866722016,,0.0,0.0,0.0,0.0,908,176,2.2354975866722016,2.2354975866722016,14
chain,linear,additive,1350438117,L2,908,2.212622145303435,,0.0,0.0,0.0,0.0,908,176,2.212622145303435,2.212622145303435,14
chain,linear,additive,801569728,L0,903,2.2904104965505403,2.2761040764198195,0.01430642013072081,0.0,0.0,0.0,903,133,2.2904104965505403,2.2904104965505403,15
chain,linear,additive,801569728,L1-oracle,903,2.2135909470976354,,0.0,0.0,0.0,0.0,903,133,2.2135909470976354,2.2135909470976354,15
chain,linear,additive,801569728,L1-discovered,903,2.2135909470976354,,0.0,0.0,0.0,0.0,903,133,2.2135909470976354,2.2135909470976354,15
chain,linear,additive,801569728,L2,903,2.1410303881153405,,0.0,0.0,0.0,0.0,903,133,2.1410303881153405,2.1410303881153405,15
chain,linear,additive,3819681627,L0,887,2.304050403500306,2.290522335822317,0.01352806767798942,0.0,0.0,0.0,887,128,2.304050403500306,2.304050403500306,16
chain,linear,additive,3819681627,L1-oracle,887,2.1951187216692727,,0.0,0.18181818181818177,0.015625,-0.16619318181818177,887,128,2.1951187216692727,2.141817262743436,16
chain,linear,additive,3819681627,L1-discovered,887,2.1908517241507717,,0.0,0.18181818181818177,0.015625,-0.16619318181818177,887,128,2.1908517241507717,2.1374852384356586,16
chain,linear,additive,3819681627,L2,887,2.2027087380995054,,0.0,0.0,0.0,0.0,887,128,2.2027087380995054,2.2027087380995054,16
chain,linear,additive,2774431793,L0,915,2.307799442230667,2.2990580014558444,0.008741440774822529,0.0,0.0,0.0,915,154,2.307799442230667,2.307799442230667,17
chain,linear,additive,2774431793,L1-oracle,915,2.256931940273942,,0.0,0.3574244415243101,0.09090909090909094,-0.26651535061521914,915,154,2.256931940273942,2.2038548209518454,17
chain,linear,additive,2774431793,L1-discovered,915,2.256931940273942,,0.0,0.3574244415243101,0.09090909090909094,-0.26651535061521914,915,154,2.256931940273942,2.2038548209518454,17
chain,linear,additive,2774431793,L2,915,2.271390850136351,,0.0,0.0,0.0,0.0,915,154,2.271390850136351,2.271390850136351,17
chain,linear,additive,794650984,L0,912,2.0976318632882265,2.0878240153604852,0.009807847927741253,0.0,0.0,0.0,912,148,2.0976318632882265,2.0976318632882265,18
chain,linear,additive,794650984,L1-oracle,912,1.8781324168833842,,0.0,0.5301047120418848,0.03378378378378377,-0.49632092825810104,912,148,1.8781324168833842,1.665823602717937,18
chain,linear,additive,794650984,L1-discovered,912,1.8781324168833842,,0.0,0.5301047120418848,0.03378378378378377,-0.49632092825810104,912,148,1.8781324168833842,1.665823602717937,18
chain,linear,additive,794650984,L2,912,1.9015254922853764,,0.0,0.0,0.0,0.0,912,148,1.9015254922853764,1.9015254922853764,18
chain,linear,additive,3338799195,L0,883,2.3144531951249387,2.297490982612171,0.01696221251276775,0.0,0.0,0.0,883,135,2.3144531951249387,2.3144531951249387,19
chain,linear,additive,3338799195,L1-oracle,883,2.15620559397714,,0.0,0.11497326203208558,0.0,-0.11497326203208558,883,135,2.15620559397714,2.122441914014474,19
chain,linear,additive,3338799195,L1-discovered,883,2.15620559397714,,0.0,0.11497326203208558,0.0,-0.11497326203208558,883,135,2.15620559397714,2.122441914014474,19
chain,linear,additive,3338799195,L2,883,2.1620560272930285,,0.0,0.0,0.0,0.0,883,135,2.1620560272930285,2.1620560272930285,19
chain,linear,effect_modifying,3134173889,L0,926,2.3062329498997016,2.2655403710070687,0.04069257889263289,0.0,0.0,0.0,926,165,2.3062329498997016,2.3062329498997016,0
chain,linear,effect_modifying,3134173889,L1-oracle,926,2.374681042177957,,0.0,0.0,0.0,0.0,926,165,2.374681042177957,2.374681042177957,0
chain,linear,effect_modifying,3134173889,L1-discovered,926,2.187852245549796,,0.0,1.0,0.0,-1.0,926,165,2.187852245549796,,0
chain,linear,effect_modifying,3134173889,L2,926,2.3876394385368314,,0.0,0.0,0.0,0.0,926,165,2.3876394385368314,2.3876394385368314,0
chain,linear,effect_modifying,3888140183,L0,896,2.3595014564368144,2.3378260238295985,0.02167543260721594,0.0,0.0,0.0,896,179,2.3595014564368144,2.3595014564368144,1
chain,linear,effect_modifying,3888140183,L1-oracle,896,2.440744609585237,,0.0,0.0,0.016759776536312887,0.016759776536312887,896,179,2.440744609585237,2.4506932549603513,1
chain,linear,effect_modifying,3888140183,L1-discovered,896,2.3202946024813174,,0.0,0.8870292887029289,0.0,-0.8870292887029289,896,179,2.3202946024813174,1.920028559775695,1
chain,linear,effect_modifying,3888140183,L2,896,2.4383164399335078,,0.0,0.0,0.0,0.0,896,179,2.4383164399335078,2.4383164399335078,1
chain,linear,effect_modifying,242446310,L0,943,2.3322861709938,2.3128106979821363,0.019475473011663524,0.0,0.0,0.0,943,200,2.3322861709938,2.3322861709938,2
chain,linear,effect_modifying,242446310,L1-oracle,943,2.2238850969149615,,0.0,0.5033647375504711,0.0050000000000000044,-0.49836473755047106,943,200,2.2238850969149615,2.1233755191828005,2
chain,linear,effect_modifying,242446310,L1-discovered,943,2.182815669489968,,0.0,0.5033647375504711,0.07499999999999996,-0.4283647375504711,943,200,2.182815669489968,2.117825504421633,2
chain,linear,effect_modifying,242446310,L2,943,2.2719879648921193,,0.0,0.0,0.0,0.0,943,200,2.2719879648921193,2.2719879648921193,2
chain,linear,effect_modifying,1421188080,L0,931,2.376195774494052,2.354648485355682,0.021547289138370118,0.0,0.0,0.0,931,199,2.376195774494052,2.376195774494052,3
chain,linear,effect_modifying,1421188080,L1-oracle,931,2.285066788863561,,0.0,0.7827868852459017,0.035175879396984966,-0.7476110058489167,931,199,2.285066788863561,1.9185591948225054,3
chain,linear,effect_modifying,1421188080,L1-discovered,931,2.2393744581200172,,0.0,0.7827868852459017,0.10050251256281406,-0.6822843726830876,931,199,2.2393744581200172,1.8932091039251695,3
chain,linear,effect_modifying,1421188080,L2,931,2.345410854359309,,0.0,0.0,0.0,0.0,931,199,2.345410854359309,2.345410854359309,3
chain,linear,effect_modifying,2507512415,L0,906,2.2423683550964664,2.219853230534487,0.02251512456197924,0.0,0.0,0.0,906,161,2.2423683550964664,2.2423683550964664,4
chain,linear,effect_modifying,2507512415,L1-oracle,906,2.1280921479084203,,0.0,0.5248322147651007,0.006211180124223614,-0.518621034640877,906,161,2.1280921479084203,1.9440063308376117,4
chain,linear,effect_modifying,2507512415,L1-discovered,906,2.0884757964694467,,0.0,0.548993288590604,0.03105590062111796,-0.5179373879694861,906,161,2.0884757964694467,1.9381700386598337,4
chain,linear,effect_modifying,2507512415,L2,906,2.1641802140282644,,0.0,0.0,0.0,0.0,906,161,2.1641802140282644,2.1641802140282644,4
chain,linear,effect_modifying,2830493979,L0,933,2.3494268429464737,2.3335474498763786,0.015879393070095116,0.0,0.0,0.0,933,201,2.3494268429464737,2.3494268429464737,5
chain,linear,effect_modifying,2830493979,L1-oracle,933,2.2807992451888515,,0.0,0.0,0.0,0.0,933,201,2.2807992451888515,2.2807992451888515,5
chain,linear,effect_modifying,2830493979,L1-discovered,933,2.24554786774993,,0.0,0.0,0.0,0.0,933,201,2.24554786774993,2.24554786774993,5
chain,linear,effect_modifying,2830493979,L2,933,2.248522272304464,,0.0,0.0,0.0,0.0,933,201,2.248522272304464,2.248522272304464,5
chain,linear,effect_modifying,1162261060,L0,905,2.2882490760889422,2.25904261226364,0.029206463825302453,0.0,0.0,0.0,905,153,2.2882490760889422,2.2882490760889422,6
chain,linear,effect_modifying,1162261060,L1-oracle,905,2.356289735636733,,0.0,0.0026595744680850686,0.0,-0.0026595744680850686,905,153,2.356289735636733,2.359870237905705,6
chain,linear,effect_modifying,1162261060,L1-discovered,905,2.1671558161760274,,0.0,0.9986702127659575,0.0,-0.9986702127659575,905,153,2.1671558161760274,0.30806854083909424,6
chain,linear,effect_modifying,1162261060,L2,905,2.3292797926992854,,0.0,0.0,0.0,0.0,905,153,2.3292797926992854,2.3292797926992854,6
chain,linear,effect_modifying,3312119525,L0,926,2.121594160949553,2.0928919782119553,0.028702182737597948,0.0,0.0,0.0,926,168,2.121594160949553,2.121594160949553,7
chain,linear,effect_modifying,3312119525,L1-oracle,926,2.014699837004505,,0.0,0.0,0.0,0.0,926,168,2.014699837004505,2.014699837004505,7
chain,linear,effect_modifying,3312119525,L1-discovered,926,1.9699407708394134,,0.0,0.07651715039577833,0.017857142857142905,-0.05866000753863543,926,168,1.9699407708394134,1.9638484208597455,7
chain,linear,effect_modifying,3312119525,L2,926,2.0210515003162297,,0.0,0.0,0.0,0.0,926,168,2.0210515003162297,2.0210515003162297,7
chain,linear,effect_modifying,3527135551,L0,904,2.1998720863917827,2.175963682006851,0.023908404384931803,0.0,0.0,0.0,904,113,2.1998720863917827,2.1998720863917827,8
chain,linear,effect_modifying,3527135551,L1-oracle,904,2.239100276100169,,0.0,0.013906447534766109,0.0,-0.013906447534766109,904,113,2.239100276100169,2.2351705931489674,8
chain,linear,effect_modifying,3527135551,L1-discovered,904,2.1222792844947374,,0.0,0.9747155499367889,0.0,-0.9747155499367889,904,113,2.1222792844947374,1.188148716841809,8
chain,linear,effect_modifying,3527135551,L2,904,2.2446006776126697,,0.0,0.0,0.0,0.0,904,113,2.2446006776126697,2.2446006776126697,8
chain,linear,effect_modifying,2727678368,L0,914,2.4456817343501225,2.4186300135960423,0.027051720754080133,0.0,0.0,0.0,914,203,2.4456817343501225,2.4456817343501225,9
chain,linear,effect_modifying,2727678368,L1-oracle,914,2.513625556198434,,0.0,0.0,0.0,0.0,914,203,2.513625556198434,2.513625556198434,9
chain,linear,effect_modifying,2727678368,L1-discovered,914,2.330096237044635,,0.0,0.9971870604781997,0.0,-0.9971870604781997,914,203,2.330096237044635,0.791793609324908,9
chain,linear,effect_modifying,2727678368,L2,914,2.523872499091407,,0.0,0.0,0.0,0.0,914,203,2.523872499091407,2.523872499091407,9
chain,linear,effect_modifying,2186263937,L0,906,2.214562112026074,2.2008607534795543,0.01370135854651977,0.0,0.0,0.0,906,176,2.214562112026074,2.214562112026074,10
chain,linear,effect_modifying,2186263937,L1-oracle,906,2.2775200460287714,,0.0,0.0,0.10795454545454541,0.10795454545454541,906,176,2.2775200460287714,2.291956669974851,10
chain,linear,effect_modifying,2186263937,L1-discovered,906,2.1962437461026125,,0.0,0.747945205479452,0.0,-0.747945205479452,906,176,2.1962437461026125,1.9272552653480943,10
chain,linear,effect_modifying,2186263937,L2,906,2.267866263763317,,0.0,0.0,0.0,0.0,906,176,2.267866263763317,2.267866263763317,10
chain,linear,effect_modifying,3073006032,L0,898,2.3317911073748023,2.30918149949595,0.022609607878852245,0.0,0.0,0.0,898,172,2.3317911073748023,2.3317911073748023,11
chain,linear,effect_modifying,3073006032,L1-oracle,898,2.354851145085081,,0.0,0.3553719008264463,0.023255813953488413,-0.3321160868729579,898,172,2.354851145085081,2.313643789032227,11
chain,linear,effect_modifying,3073006032,L1-discovered,898,2.1486020240030883,,0.0,1.0,0.023255813953488413,-0.9767441860465116,898,172,2.1486020240030883,,11
chain,linear,effect_modifying,3073006032,L2,898,2.383176811523178,,0.0,0.0,0.0,0.0,898,172,2.383176811523178,2.383176811523178,11
chain,linear,effect_modifying,2400372293,L0,927,2.3277705614549786,2.306190872243529,0.021579689211449704,0.0,0.0,0.0,927,196,2.3277705614549786,2.3277705614549786,12
chain,linear,effect_modifying,2400372293,L1-oracle,927,2.4015954068135064,,0.0,0.004103967168262668,0.010204081632653073,0.006100114464390405,927,196,2.4015954068135064,2.4072979349166035,12
chain,linear,effect_modifying,2400372293,L1-discovered,927,2.292321914970397,,0.0,0.8166894664842681,0.015306122448979553,-0.8013833440352885,927,196,2.292321914970397,1.8224924170161005,12
chain,linear,effect_modifying,2400372293,L2,927,2.401619188212514,,0.0,0.0,0.0,0.0,927,196,2.401619188212514,2.401619188212514,12
chain,linear,effect_modifying,14143617,L0,920,2.2386272421157076,2.2111778411537,0.02744940096200743,0.0,0.0,0.0,920,168,2.2386272421157076,2.2386272421157076,13
chain,linear,effect_modifying,14143617,L1-oracle,920,2.296760693256317,,0.0,0.0013297872340425343,0.005952380952380931,0.004622593718338397,920,168,2.296760693256317,2.2996975112605553,13
chain,linear,effect_modifying,14143617,L1-discovered,920,2.170315321797562,,0.0,0.9601063829787234,0.0,-0.9601063829787234,920,168,2.170315321797562,1.2902234063648335,13
chain,linear,effect_modifying,14143617,L2,920,2.296985756320253,,0.0,0.0,0.0,0.0,920,168,2.296985756320253,2.296985756320253,13
chain,linear,effect_modifying,1350438117,L0,922,2.331735908884607,2.3152939190042363,0.01644198988037049,0.0,0.0,0.0,922,190,2.331735908884607,2.331735908884607,14
chain,linear,effect_modifying,1350438117,L1-oracle,922,2.3368639435650618,,0.0,0.0,0.0,0.0,922,190,2.3368639435650618,2.3368639435650618,14
chain,linear,effect_modifying,1350438117,L1-discovered,922,2.3000398334989187,,0.0,0.0,0.0,0.0,922,190,2.3000398334989187,2.3000398334989187,14
chain,linear,effect_modifying,1350438117,L2,922,2.311680985118089,,0.0,0.0,0.0,0.0,922,190,2.311680985118089,2.311680985118089,14
chain,linear,effect_modifying,801569728,L0,913,2.234233635617069,2.216536353359769,0.01769728225729983,0.0,0.0,0.0,913,143,2.234233635617069,2.234233635617069,15
chain,linear,effect_modifying,801569728,L1-oracle,913,2.204704832842029,,0.0,0.0,0.0,0.0,913,143,2.204704832842029,2.204704832842029,15
chain,linear,effect_modifying,801569728,L1-discovered,913,2.165377801983143,,0.0,0.0,0.0,0.0,913,143,2.165377801983143,2.165377801983143,15
chain,linear,effect_modifying,801569728,L2,913,2.1564256006625,,0.0,0.0,0.0,0.0,913,143,2.1564256006625,2.1564256006625,15
chain,linear,effect_modifying,3819681627,L0,904,2.220616864700304,2.1907304241971723,0.029886440503131606,0.0,0.0,0.0,904,145,2.220616864700304,2.220616864700304,16
chain,linear,effect_modifying,3819681627,L1-oracle,904,2.3045956035451196,,0.0,0.0,0.01379310344827589,0.01379310344827589,904,145,2.3045956035451196,2.3086723399018227,16
chain,linear,effect_modifying,3819681627,L1-discovered,904,2.1190003465005725,,0.0,0.9960474308300395,0.0,-0.9960474308300395,904,145,2.1190003465005725,0.5982189990541351,16
chain,linear,effect_modifying,3819681627,L2,904,2.292596063912854,,0.0,0.0,0.0,0.0,904,145,2.292596063912854,2.292596063912854,16
chain,linear,effect_modifying,2774431793,L0,922,2.245682021698161,2.2192879481925445,0.02639407350561651,0.0,0.0,0.0,922,161,2.245682021698161,2.245682021698161,17
chain,linear,effect_modifying,2774431793,L1-oracle,922,2.317379810036674,,0.0,0.0026281208935611255,0.0496894409937888,0.04706132010022768,922,161,2.317379810036674,2.335391868931599,17
chain,linear,effect_modifying,2774431793,L1-discovered,922,2.191774506553097,,0.0,0.9224704336399474,0.0,-0.9224704336399474,922,161,2.191774506553097,1.5458976836332603,17
chain,linear,effect_modifying,2774431793,L2,922,2.311562356967306,,0.0,0.0,0.0,0.0,922,161,2.311562356967306,2.311562356967306,17
chain,linear,effect_modifying,794650984,L0,925,1.9544738673850306,1.9412388988856641,0.01323496849936645,0.0,0.0,0.0,925,161,1.9544738673850306,1.9544738673850306,18
chain,linear,effect_modifying,794650984,L1-oracle,925,1.7501178081659026,,0.0,0.662303664921466,0.0496894409937888,-0.6126142239276772,925,161,1.7501178081659026,1.4333435483482289,18
chain,linear,effect_modifying,794650984,L1-discovered,925,1.7421280203726066,,0.0,0.662303664921466,0.06832298136645965,-0.5939806835550063,925,161,1.7421280203726066,1.4234505902111287,18
chain,linear,effect_modifying,794650984,L2,925,1.7765332014357218,,0.0,0.0,0.0,0.0,925,161,1.7765332014357218,1.7765332014357218,18
chain,linear,effect_modifying,3338799195,L0,898,2.1400563112590607,2.1134370727078307,0.02661923855123005,0.0,0.0,0.0,898,150,2.1400563112590607,2.1400563112590607,19
chain,linear,effect_modifying,3338799195,L1-oracle,898,2.142411923855556,,0.0,0.0,0.0,0.0,898,150,2.142411923855556,2.142411923855556,19
chain,linear,effect_modifying,3338799195,L1-discovered,898,1.9432113111148968,,0.0,0.9959893048128342,0.0,-0.9959893048128342,898,150,1.9432113111148968,0.8043696559534975,19
chain,linear,effect_modifying,3338799195,L2,898,2.13802048429781,,0.0,0.0,0.0,0.0,898,150,2.13802048429781,2.13802048429781,19
chain,nlg,additive,3134173889,L0,928,1.4572614849899483,1.45116541090144,0.006096074088508319,0.0,0.0,0.0,928,167,1.4572614849899483,1.4572614849899483,0
chain,nlg,additive,3134173889,L1-oracle,928,1.4121595567462033,,0.0,0.0,0.0,0.0,928,167,1.4121595567462033,1.4121595567462033,0
chain,nlg,additive,3134173889,L1-discovered,928,1.4121595567462033,,0.0,0.0,0.0,0.0,928,167,1.4121595567462033,1.4121595567462033,0
chain,nlg,additive,3134173889,L2,928,1.3959588688611508,,0.0,0.0,0.0,0.0,928,167,1.3959588688611508,1.3959588688611508,0
chain,nlg,additive,3888140183,L0,889,1.4817367590024926,1.4768521904734009,0.004884568529091693,0.0,0.0,0.0,889,172,1.4817367590024926,1.4817367590024926,1
chain,nlg,additive,3888140183,L1-oracle,889,1.4715751283123264,,0.0,0.018131101813110173,0.011627906976744207,-0.006503194836365966,889,172,1.4715751283123264,1.4816137724577247,1
chain,nlg,additive,3888140183,L1-discovered,889,1.4715751283123264,,0.0,0.018131101813110173,0.011627906976744207,-0.006503194836365966,889,172,1.4715751283123264,1.4816137724577247,1
chain,nlg,additive,3888140183,L2,889,1.4355688044468877,,0.0,0.0,0.0,0.0,889,172,1.4355688044468877,1.4355688044468877,1
chain,nlg,additive,242446310,L0,931,1.4845974810295344,1.4800641694522019,0.0045333115773324995,0.0,0.0,0.0,931,188,1.4845974810295344,1.4845974810295344,2
chain,nlg,additive,242446310,L1-oracle,931,1.4300461287408743,,0.0,0.791386271870794,0.11170212765957444,-0.6796841442112196,931,188,1.4300461287408743,1.0859189891196204,2
chain,nlg,additive,242446310,L1-discovered,931,1.4300461287408743,,0.0,0.791386271870794,0.11170212765957444,-0.6796841442112196,931,188,1.4300461287408743,1.0859189891196204,2
chain,nlg,additive,242446310,L2,931,1.4542000510730642,,0.0,0.0,0.0,0.0,931,188,1.4542000510730642,1.4542000510730642,2
chain,nlg,additive,1421188080,L0,924,1.51763360095807,1.5128288372737964,0.004804763684273627,0.0,0.0,0.0,924,192,1.51763360095807,1.51763360095807,3
chain,nlg,additive,1421188080,L1-oracle,924,1.4175877077847878,,0.0,0.9590163934426229,0.1875,-0.7715163934426229,924,192,1.4175877077847878,0.5710407375787028,3
chain,nlg,additive,1421188080,L1-discovered,924,1.4175877077847878,,0.0,0.9590163934426229,0.1875,-0.7715163934426229,924,192,1.4175877077847878,0.5710407375787028,3
chain,nlg,additive,1421188080,L2,924,1.4660194220319747,,0.0,0.0,0.0,0.0,924,192,1.4660194220319747,1.4660194220319747,3
chain,nlg,additive,2507512415,L0,900,1.4351268824076608,1.4279285964573785,0.007198285950282379,0.0,0.0,0.0,900,156,1.4351268824076608,1.4351268824076608,4
chain,nlg,additive,2507512415,L1-oracle,900,1.3188406782058533,,0.0,0.939516129032258,0.16025641025641024,-0.7792597187758479,900,156,1.3188406782058533,0.5849913819919128,4
chain,nlg,additive,2507512415,L1-discovered,900,1.3188406782058533,,0.0,0.939516129032258,0.16025641025641024,-0.7792597187758479,900,156,1.3188406782058533,0.5849913819919128,4
chain,nlg,additive,2507512415,L2,900,1.3593157585363147,,0.0,0.0,0.0,0.0,900,156,1.3593157585363147,1.3593157585363147,4
chain,nlg,additive,2830493979,L0,933,1.5067822091837366,1.4997383605121397,0.007043848671596908,0.0,0.0,0.0,933,202,1.5067822091837366,1.5067822091837366,5
chain,nlg,additive,2830493979,L1-oracle,933,1.452515619475352,,0.0,0.0,0.0,0.0,933,202,1.452515619475352,1.452515619475352,5
chain,nlg,additive,2830493979,L1-discovered,933,1.452515619475352,,0.0,0.0,0.0,0.0,933,202,1.452515619475352,1.452515619475352,5
chain,nlg,additive,2830493979,L2,933,1.4327860664785588,,0.0,0.0,0.0,0.0,933,202,1.4327860664785588,1.4327860664785588,5
chain,nlg,additive,1162261060,L0,900,1.4443192541897358,1.4408256222170084,0.003493631972727451,0.0,0.0,0.0,900,148,1.4443192541897358,1.4443192541897358,6
chain,nlg,additive,1162261060,L1-oracle,900,1.4302999383179091,,0.0,0.09042553191489366,0.020270270270270285,-0.07015526164462338,900,148,1.4302999383179091,1.4245796368146932,6
chain,nlg,additive,1162261060,L1-discovered,900,1.4302999383179091,,0.0,0.09042553191489366,0.020270270270270285,-0.07015526164462338,900,148,1.4302999383179091,1.4245796368146932,6
chain,nlg,additive,1162261060,L2,900,1.43440756215224,,0.0,0.0,0.0,0.0,900,148,1.43440756215224,1.43440756215224,6
chain,nlg,additive,3312119525,L0,928,1.2767705641294738,1.265252124153429,0.011518439976044847,0.0,0.0,0.0,928,170,1.2767705641294738,1.2767705641294738,7
chain,nlg,additive,3312119525,L1-oracle,928,1.195481989782434,,0.0,0.0,0.0,0.0,928,170,1.195481989782434,1.195481989782434,7
chain,nlg,additive,3312119525,L1-discovered,928,1.19646970047518,,0.0,0.0013192612137202797,0.00588235294117645,0.00456309172745617,928,170,1.19646970047518,1.1964904357411834,7
chain,nlg,additive,3312119525,L2,928,1.1904349670249363,,0.0,0.0,0.0,0.0,928,170,1.1904349670249363,1.1904349670249363,7
chain,nlg,additive,3527135551,L0,918,1.3917256608766082,1.385128782508031,0.0065968783685772525,0.0,0.0,0.0,918,127,1.3917256608766082,1.3917256608766082,8
chain,nlg,additive,3527135551,L1-oracle,918,1.349950576036025,,0.0,0.008849557522123908,0.015748031496062964,0.006898473973939057,918,127,1.349950576036025,1.3538735937991895,8
chain,nlg,additive,3527135551,L1-discovered,918,1.349950576036025,,0.0,0.008849557522123908,0.015748031496062964,0.006898473973939057,918,127,1.349950576036025,1.3538735937991895,8
chain,nlg,additive,3527135551,L2,918,1.3428322662394225,,0.0,0.0,0.0,0.0,918,127,1.3428322662394225,1.3428322662394225,8
chain,nlg,additive,2727678368,L0,919,1.5586411587748588,1.5577521977344246,0.0008889610404341219,0.0,0.0,0.0,919,208,1.5586411587748588,1.5586411587748588,9
chain,nlg,additive,2727678368,L1-oracle,919,1.5524808239200985,,0.0,0.0,0.0,0.0,919,208,1.5524808239200985,1.5524808239200985,9
chain,nlg,additive,2727678368,L1-discovered,919,1.5524808239200985,,0.0,0.0,0.0,0.0,919,208,1.5524808239200985,1.5524808239200985,9
chain,nlg,additive,2727678368,L2,919,1.541604499840776,,0.0,0.0,0.0,0.0,919,208,1.541604499840776,1.541604499840776,9
chain,nlg,additive,2186263937,L0,908,1.440949488708609,1.440949488708609,0.0,0.0,0.0,0.0,908,178,1.440949488708609,1.440949488708609,10
chain,nlg,additive,2186263937,L1-oracle,908,1.443402629544982,,0.0,0.06849315068493156,0.0337078651685393,-0.03478528551639226,908,178,1.443402629544982,1.4607942073760183,10
chain,nlg,additive,2186263937,L1-discovered,908,1.443402629544982,,0.0,0.06849315068493156,0.0337078651685393,-0.03478528551639226,908,178,1.443402629544982,1.4607942073760183,10
chain,nlg,additive,2186263937,L2,908,1.4424228103971624,,0.0,0.0,0.0,0.0,908,178,1.4424228103971624,1.4424228103971624,10
chain,nlg,additive,3073006032,L0,906,1.4792533601744153,1.4724732956941446,0.006780064480270687,0.0,0.0,0.0,906,180,1.4792533601744153,1.4792533601744153,11
chain,nlg,additive,3073006032,L1-oracle,906,1.4185823844660723,,0.0,0.4862258953168044,0.07777777777777772,-0.40844811753902666,906,180,1.4185823844660723,1.3567497687136285,11
chain,nlg,additive,3073006032,L1-discovered,906,1.4185823844660723,,0.0,0.4862258953168044,0.07777777777777772,-0.40844811753902666,906,180,1.4185823844660723,1.3567497687136285,11
chain,nlg,additive,3073006032,L2,906,1.4304321619982177,,0.0,0.0,0.0,0.0,906,180,1.4304321619982177,1.4304321619982177,11
chain,nlg,additive,2400372293,L0,926,1.4529078522056356,1.4529078522056356,0.0,0.0,0.0,0.0,926,195,1.4529078522056356,1.4529078522056356,12
chain,nlg,additive,2400372293,L1-oracle,926,1.4082191654233922,,0.0,0.0,0.02051282051282055,0.02051282051282055,926,195,1.4082191654233922,1.4050400680031117,12
chain,nlg,additive,2400372293,L1-discovered,926,1.4082191654233922,,0.0,0.0,0.02051282051282055,0.02051282051282055,926,195,1.4082191654233922,1.4050400680031117,12
chain,nlg,additive,2400372293,L2,926,1.4025148870067854,,0.0,0.0,0.0,0.0,926,195,1.4025148870067854,1.4025148870067854,12
chain,nlg,additive,14143617,L0,919,1.4336846266248555,1.4294564422174514,0.004228184407404134,0.0,0.0,0.0,919,167,1.4336846266248555,1.4336846266248555,13
chain,nlg,additive,14143617,L1-oracle,919,1.3842435755359817,,0.0,0.11436170212765961,0.0,-0.11436170212765961,919,167,1.3842435755359817,1.3549722640776614,13
chain,nlg,additive,14143617,L1-discovered,919,1.3842435755359817,,0.0,0.11436170212765961,0.0,-0.11436170212765961,919,167,1.3842435755359817,1.3549722640776614,13
chain,nlg,additive,14143617,L2,919,1.387609928517667,,0.0,0.0,0.0,0.0,919,167,1.387609928517667,1.387609928517667,13
chain,nlg,additive,1350438117,L0,909,1.426932879740191,1.4231787079168623,0.0037541718233287114,0.0,0.0,0.0,909,177,1.426932879740191,1.426932879740191,14
chain,nlg,additive,1350438117,L1-oracle,909,1.4061000334071965,,0.0,0.0,0.0,0.0,909,177,1.4061000334071965,1.4061000334071965,14
chain,nlg,additive,1350438117,L1-discovered,909,1.4061000334071965,,0.0,0.0,0.0,0.0,909,177,1.4061000334071965,1.4061000334071965,14
chain,nlg,additive,1350438117,L2,909,1.3796273566355814,,0.0,0.0,0.0,0.0,909,177,1.3796273566355814,1.3796273566355814,14
chain,nlg,additive,801569728,L0,904,1.42989961618204,1.425600191776197,0.0042994244058431885,0.0,0.0,0.0,904,135,1.42989961618204,1.42989961618204,15
chain,nlg,additive,801569728,L1-oracle,904,1.4427884434170781,,0.0,0.0,0.0,0.0,904,135,1.4427884434170781,1.4427884434170781,15
chain,nlg,additive,801569728,L1-discovered,904,1.4427884434170781,,0.0,0.0,0.0,0.0,904,135,1.4427884434170781,1.4427884434170781,15
chain,nlg,additive,801569728,L2,904,1.3919979939490998,,0.0,0.0,0.0,0.0,904,135,1.3919979939490998,1.3919979939490998,15
chain,nlg,additive,3819681627,L0,906,1.412975416814638,1.4068529196718718,0.006122497142766248,0.0,0.0,0.0,906,148,1.412975416814638,1.412975416814638,16
chain,nlg,additive,3819681627,L1-oracle,906,1.3939553320269988,,0.0,0.07255936675461738,0.006756756756756799,-0.06580260999786058,906,148,1.3939553320269988,1.3842714920537524,16
chain,nlg,additive,3819681627,L1-discovered,906,1.3933064272482678,,0.0,0.07255936675461738,0.006756756756756799,-0.06580260999786058,906,148,1.3933064272482678,1.3836603556193972,16
chain,nlg,additive,3819681627,L2,906,1.3881458471913821,,0.0,0.0,0.0,0.0,906,148,1.3881458471913821,1.3881458471913821,16
chain,nlg,additive,2774431793,L0,926,1.4276586752775227,1.4191733242172093,0.00848535106031334,0.0,0.0,0.0,926,165,1.4276586752775227,1.4276586752775227,17
chain,nlg,additive,2774431793,L1-oracle,926,1.366731863384297,,0.0,0.2483574244415243,0.08484848484848484,-0.16350893959303947,926,165,1.366731863384297,1.3898555726874908,17
chain,nlg,additive,2774431793,L1-discovered,926,1.366731863384297,,0.0,0.2483574244415243,0.08484848484848484,-0.16350893959303947,926,165,1.366731863384297,1.3898555726874908,17
chain,nlg,additive,2774431793,L2,926,1.376207741799598,,0.0,0.0,0.0,0.0,926,165,1.376207741799598,1.376207741799598,17
chain,nlg,additive,794650984,L0,923,1.3656956559082123,1.36018171178481,0.005513944123402226,0.0,0.0,0.0,923,159,1.3656956559082123,1.3656956559082123,18
chain,nlg,additive,794650984,L1-oracle,923,1.2413269472228285,,0.0,0.7028795811518325,0.08805031446540879,-0.6148292666864237,923,159,1.2413269472228285,1.0324598295945449,18
chain,nlg,additive,794650984,L1-discovered,923,1.2413269472228285,,0.0,0.7028795811518325,0.08805031446540879,-0.6148292666864237,923,159,1.2413269472228285,1.0324598295945449,18
chain,nlg,additive,794650984,L2,923,1.2647872831887996,,0.0,0.0,0.0,0.0,923,159,1.2647872831887996,1.2647872831887996,18
chain,nlg,additive,3338799195,L0,900,1.4082563078683874,1.399741901776554,0.008514406091833404,0.0,0.0,0.0,900,152,1.4082563078683874,1.4082563078683874,19
chain,nlg,additive,3338799195,L1-oracle,900,1.356159413227753,,0.0,0.07219251336898391,0.0,-0.07219251336898391,900,152,1.356159413227753,1.345740573577767,19
chain,nlg,additive,3338799195,L1-discovered,900,1.356159413227753,,0.0,0.07219251336898391,0.0,-0.07219251336898391,900,152,1.356159413227753,1.345740573577767,19
chain,nlg,additive,3338799195,L2,900,1.348923991700145,,0.0,0.0,0.0,0.0,900,152,1.348923991700145,1.348923991700145,19
chain,nlg,effect_modifying,3134173889,L0,931,1.395988442538962,1.385433160830332,0.010555281708629849,0.0,0.0,0.0,931,170,1.395988442538962,1.395988442538962,0
chain,nlg,effect_modifying,3134173889,L1-oracle,931,1.456138305538538,,0.0,0.0,0.0,0.0,931,170,1.456138305538538,1.456138305538538,0
chain,nlg,effect_modifying,3134173889,L1-discovered,931,1.384329731330633,,0.0,0.7910643889618922,0.0,-0.7910643889618922,931,170,1.384329731330633,1.3401429335764692,0
chain,nlg,effect_modifying,3134173889,L2,931,1.470735031478823,,0.0,0.0,0.0,0.0,931,170,1.470735031478823,1.470735031478823,0
chain,nlg,effect_modifying,3888140183,L0,899,1.4195293839382934,1.4170380875675064,0.002491296370787044,0.0,0.0,0.0,899,182,1.4195293839382934,1.4195293839382934,1
chain,nlg,effect_modifying,3888140183,L1-oracle,899,1.4818778980442573,,0.0,0.0,0.04395604395604391,0.04395604395604391,899,182,1.4818778980442573,1.4995456181168634,1
chain,nlg,effect_modifying,3888140183,L1-discovered,899,1.4280491012088012,,0.0,0.15620641562064153,0.0,-0.15620641562064153,899,182,1.4280491012088012,1.4693531810700275,1
chain,nlg,effect_modifying,3888140183,L2,899,1.4708056161009184,,0.0,0.0,0.0,0.0,899,182,1.4708056161009184,1.4708056161009184,1
chain,nlg,effect_modifying,242446310,L0,943,1.415567838898059,1.4149651464024728,0.000602692495586199,0.0,0.0,0.0,943,200,1.415567838898059,1.415567838898059,2
chain,nlg,effect_modifying,242446310,L1-oracle,943,1.4217207497834325,,0.0,0.737550471063257,0.04500000000000004,-0.6925504710632571,943,200,1.4217207497834325,1.4001443231431754,2
chain,nlg,effect_modifying,242446310,L1-discovered,943,1.3626111964517802,,0.0,0.9084791386271871,0.11499999999999999,-0.7934791386271871,943,200,1.3626111964517802,1.3991180445588243,2
chain,nlg,effect_modifying,242446310,L2,943,1.458497161992418,,0.0,0.0,0.0,0.0,943,200,1.458497161992418,1.458497161992418,2
chain,nlg,effect_modifying,1421188080,L0,942,1.4320015502989292,1.4286986144080913,0.0033029358908378548,0.0,0.0,0.0,942,210,1.4320015502989292,1.4320015502989292,3
chain,nlg,effect_modifying,1421188080,L1-oracle,942,1.3814157022323563,,0.0,0.9726775956284153,0.0714285714285714,-0.9012490241998439,942,210,1.3814157022323563,0.6732816020428883,3
chain,nlg,effect_modifying,1421188080,L1-discovered,942,1.3341768146428241,,0.0,0.98224043715847,0.1523809523809524,-0.8298594847775176,942,210,1.3341768146428241,0.6324066863300939,3
chain,nlg,effect_modifying,1421188080,L2,942,1.4394398316085653,,0.0,0.0,0.0,0.0,942,210,1.4394398316085653,1.4394398316085653,3
chain,nlg,effect_modifying,2507512415,L0,919,1.362675348831416,1.3569859176673416,0.005689431164074499,0.0,0.0,0.0,919,174,1.362675348831416,1.362675348831416,4
chain,nlg,effect_modifying,2507512415,L1-oracle,919,1.3364897687476438,,0.0,0.6335570469798657,0.028735632183908066,-0.6048214147959576,919,174,1.3364897687476438,1.3062029668700932,4
chain,nlg,effect_modifying,2507512415,L1-discovered,919,1.2832651782828697,,0.0,0.7771812080536913,0.08620689655172409,-0.6909743115019672,919,174,1.2832651782828697,1.4105183561275763,4
chain,nlg,effect_modifying,2507512415,L2,919,1.3709278689678053,,0.0,0.0,0.0,0.0,919,174,1.3709278689678053,1.3709278689678053,4
chain,nlg,effect_modifying,2830493979,L0,936,1.4560196275480173,1.4527357030800845,0.0032839244679327972,0.0,0.0,0.0,936,204,1.4560196275480173,1.4560196275480173,5
chain,nlg,effect_modifying,2830493979,L1-oracle,936,1.5119454750927805,,0.0,0.0,0.0,0.0,936,204,1.5119454750927805,1.5119454750927805,5
chain,nlg,effect_modifying,2830493979,L1-discovered,936,1.461805100552858,,0.0,0.2595628415300546,0.0,-0.2595628415300546,936,204,1.461805100552858,1.5445250034101004,5
chain,nlg,effect_modifying,2830493979,L2,936,1.4889674431308437,,0.0,0.0,0.0,0.0,936,204,1.4889674431308437,1.4889674431308437,5
chain,nlg,effect_modifying,1162261060,L0,920,1.3793773524303967,1.3764365893716368,0.0029407630587598987,0.0,0.0,0.0,920,168,1.3793773524303967,1.3793773524303967,6
chain,nlg,effect_modifying,1162261060,L1-oracle,920,1.4474411901737883,,0.0,0.0,0.0,0.0,920,168,1.4474411901737883,1.4474411901737883,6
chain,nlg,effect_modifying,1162261060,L1-discovered,920,1.3701454691286397,,0.0,0.7672872340425532,0.0,-0.7672872340425532,920,168,1.3701454691286397,1.3701307972729675,6
chain,nlg,effect_modifying,1162261060,L2,920,1.4378498201142904,,0.0,0.0,0.0,0.0,920,168,1.4378498201142904,1.4378498201142904,6
chain,nlg,effect_modifying,3312119525,L0,933,1.222754939087399,1.2145717841775763,0.008183154909822798,0.0,0.0,0.0,933,175,1.222754939087399,1.222754939087399,7
chain,nlg,effect_modifying,3312119525,L1-oracle,933,1.2153418202061104,,0.0,0.0,0.0,0.0,933,175,1.2153418202061104,1.2153418202061104,7
chain,nlg,effect_modifying,3312119525,L1-discovered,933,1.1603091464584216,,0.0,0.014511873350923521,0.0,-0.014511873350923521,933,175,1.1603091464584216,1.1701531567692556,7
chain,nlg,effect_modifying,3312119525,L2,933,1.2149227416718111,,0.0,0.0,0.0,0.0,933,175,1.2149227416718111,1.2149227416718111,7
chain,nlg,effect_modifying,3527135551,L0,925,1.326298978605155,1.3181124123585,0.008186566246655147,0.0,0.0,0.0,925,134,1.326298978605155,1.326298978605155,8
chain,nlg,effect_modifying,3527135551,L1-oracle,925,1.3803679864761884,,0.0,0.09860935524652337,0.007462686567164201,-0.09114666867935917,925,134,1.3803679864761884,1.3793113651239977,8
chain,nlg,effect_modifying,3527135551,L1-discovered,925,1.3133808926213835,,0.0,0.7206068268015171,0.02238805970149249,-0.6982187671000246,925,134,1.3133808926213835,1.2617310986154133,8
chain,nlg,effect_modifying,3527135551,L2,925,1.3864331997081334,,0.0,0.0,0.0,0.0,925,134,1.3864331997081334,1.3864331997081334,8
chain,nlg,effect_modifying,2727678368,L0,926,1.4895828680970797,1.4871360061218197,0.0024468619752600063,0.0,0.0,0.0,926,215,1.4895828680970797,1.4895828680970797,9
chain,nlg,effect_modifying,2727678368,L1-oracle,926,1.5354785845176306,,0.0,0.0,0.0,0.0,926,215,1.5354785845176306,1.5354785845176306,9
chain,nlg,effect_modifying,2727678368,L1-discovered,926,1.4889885478426517,,0.0,0.4106891701828411,0.0,-0.4106891701828411,926,215,1.4889885478426517,1.541629276524003,9
chain,nlg,effect_modifying,2727678368,L2,926,1.5465297300437018,,0.0,0.0,0.0,0.0,926,215,1.5465297300437018,1.5465297300437018,9
chain,nlg,effect_modifying,2186263937,L0,915,1.368519306272226,1.3664956280622738,0.0020236782099523065,0.0,0.0,0.0,915,185,1.368519306272226,1.368519306272226,10
chain,nlg,effect_modifying,2186263937,L1-oracle,915,1.4400882214335429,,0.0,0.006849315068493178,0.11891891891891893,0.11206960385042575,915,185,1.4400882214335429,1.457253943974639,10
chain,nlg,effect_modifying,2186263937,L1-discovered,915,1.3580775982652789,,0.0,0.6904109589041096,0.0,-0.6904109589041096,915,185,1.3580775982652789,1.269991735773978,10
chain,nlg,effect_modifying,2186263937,L2,915,1.4324669906716005,,0.0,0.0,0.0,0.0,915,185,1.4324669906716005,1.4324669906716005,10
chain,nlg,effect_modifying,3073006032,L0,913,1.3819892153064117,1.3725761219224506,0.009413093383961124,0.0,0.0,0.0,913,187,1.3819892153064117,1.3819892153064117,11
chain,nlg,effect_modifying,3073006032,L1-oracle,913,1.424908350389865,,0.0,0.43250688705234164,0.048128342245989275,-0.38437854480635236,913,187,1.424908350389865,1.3312115468230319,11
chain,nlg,effect_modifying,3073006032,L1-discovered,913,1.3063327550411574,,0.0,0.9641873278236914,0.0267379679144385,-0.9374493599092529,913,187,1.3063327550411574,1.0655150132254256,11
chain,nlg,effect_modifying,3073006032,L2,913,1.442582515857274,,0.0,0.0,0.0,0.0,913,187,1.442582515857274,1.442582515857274,11
chain,nlg,effect_modifying,2400372293,L0,927,1.3979620422847159,1.3924264622188565,0.005535580065859413,0.0,0.0,0.0,927,196,1.3979620422847159,1.3979620422847159,12
chain,nlg,effect_modifying,2400372293,L1-oracle,927,1.4562427694102862,,0.0,0.009575923392612817,0.010204081632653073,0.0006281582400402552,927,196,1.4562427694102862,1.4638878384032463,12
chain,nlg,effect_modifying,2400372293,L1-discovered,927,1.3613764355995008,,0.0,0.9316005471956225,0.020408163265306145,-0.9111923839303163,927,196,1.3613764355995008,1.0672535239903371,12
chain,nlg,effect_modifying,2400372293,L2,927,1.4567347185012762,,0.0,0.0,0.0,0.0,927,196,1.4567347185012762,1.4567347185012762,12
chain,nlg,effect_modifying,14143617,L0,925,1.3520825466418442,1.340633245397452,0.01144930124439214,0.0,0.0,0.0,925,173,1.3520825466418442,1.3520825466418442,13
chain,nlg,effect_modifying,14143617,L1-oracle,925,1.4033413854716943,,0.0,0.0013297872340425343,0.0,-0.0013297872340425343,925,173,1.4033413854716943,1.4043691042434856,13
chain,nlg,effect_modifying,14143617,L1-discovered,925,1.2998086976420082,,0.0,0.973404255319149,0.0,-0.973404255319149,925,173,1.2998086976420082,0.9005685161494246,13
chain,nlg,effect_modifying,14143617,L2,925,1.4033541353708958,,0.0,0.0,0.0,0.0,925,173,1.4033541353708958,1.4033541353708958,13
chain,nlg,effect_modifying,1350438117,L0,916,1.371787795983611,1.3697111301823708,0.0020766658012401074,0.0,0.0,0.0,916,184,1.371787795983611,1.371787795983611,14
chain,nlg,effect_modifying,1350438117,L1-oracle,916,1.4072686883070795,,0.0,0.0,0.0,0.0,916,184,1.4072686883070795,1.4072686883070795,14
chain,nlg,effect_modifying,1350438117,L1-discovered,916,1.3788582223915122,,0.0,0.001366120218579181,0.0,-0.001366120218579181,916,184,1.3788582223915122,1.380263907854363,14
chain,nlg,effect_modifying,1350438117,L2,916,1.3924036928431072,,0.0,0.0,0.0,0.0,916,184,1.3924036928431072,1.3924036928431072,14
chain,nlg,effect_modifying,801569728,L0,919,1.336173911990744,1.3326241450228924,0.0035497669678516974,0.0,0.0,0.0,919,149,1.336173911990744,1.336173911990744,15
chain,nlg,effect_modifying,801569728,L1-oracle,919,1.381308863415706,,0.0,0.0,0.0,0.0,919,149,1.381308863415706,1.381308863415706,15
chain,nlg,effect_modifying,801569728,L1-discovered,919,1.3408333489023563,,0.0,0.04675324675324677,0.0,-0.04675324675324677,919,149,1.3408333489023563,1.3692855304786824,15
chain,nlg,effect_modifying,801569728,L2,919,1.3449695044768109,,0.0,0.0,0.0,0.0,919,149,1.3449695044768109,1.3449695044768109,15
chain,nlg,effect_modifying,3819681627,L0,925,1.3377911273565508,1.3317782859722933,0.006012841384257506,0.0,0.0,0.0,925,166,1.3377911273565508,1.3377911273565508,16
chain,nlg,effect_modifying,3819681627,L1-oracle,925,1.4156189966685797,,0.0,0.0,0.01807228915662651,0.01807228915662651,925,166,1.4156189966685797,1.41616216564418,16
chain,nlg,effect_modifying,3819681627,L1-discovered,925,1.3115612384523119,,0.0,0.8616600790513834,0.0,-0.8616600790513834,925,166,1.3115612384523119,1.2462565288222467,16
chain,nlg,effect_modifying,3819681627,L2,925,1.3865826208974692,,0.0,0.0,0.0,0.0,925,166,1.3865826208974692,1.3865826208974692,16
chain,nlg,effect_modifying,2774431793,L0,933,1.3781720094100298,1.3733130249029195,0.004858984507110309,0.0,0.0,0.0,933,172,1.3781720094100298,1.3781720094100298,17
chain,nlg,effect_modifying,2774431793,L1-oracle,933,1.4463539888756127,,0.0,0.2825229960578186,0.08720930232558144,-0.19531369373223717,933,172,1.4463539888756127,1.5698376163392498,17
chain,nlg,effect_modifying,2774431793,L1-discovered,933,1.3616703216662522,,0.0,0.8725361366622865,0.08720930232558144,-0.785326834336705,933,172,1.3616703216662522,1.381441942204434,17
chain,nlg,effect_modifying,2774431793,L2,933,1.4459372353267128,,0.0,0.0,0.0,0.0,933,172,1.4459372353267128,1.4459372353267128,17
chain,nlg,effect_modifying,794650984,L0,936,1.3023677700024194,1.2987850524634657,0.0035827175389537835,0.0,0.0,0.0,936,172,1.3023677700024194,1.3023677700024194,18
chain,nlg,effect_modifying,794650984,L1-oracle,936,1.2464635980382286,,0.0,0.7251308900523561,0.05813953488372092,-0.6669913551686351,936,172,1.2464635980382286,1.0998263455460464,18
chain,nlg,effect_modifying,794650984,L1-discovered,936,1.2172139871509546,,0.0,0.7251308900523561,0.11627906976744184,-0.6088518202849142,936,172,1.2172139871509546,1.1033675853496836,18
chain,nlg,effect_modifying,794650984,L2,936,1.2714670769595338,,0.0,0.0,0.0,0.0,936,172,1.2714670769595338,1.2714670769595338,18
chain,nlg,effect_modifying,3338799195,L0,920,1.2536483769284903,1.2418772172953072,0.011771159633183093,0.0,0.0,0.0,920,172,1.2536483769284903,1.2536483769284903,19
chain,nlg,effect_modifying,3338799195,L1-oracle,920,1.269184415474888,,0.0,0.0,0.0,0.0,920,172,1.269184415474888,1.269184415474888,19
chain,nlg,effect_modifying,3338799195,L1-discovered,920,1.1833539150020793,,0.0,0.6336898395721925,0.0,-0.6336898395721925,920,172,1.1833539150020793,1.3458010257553736,19
chain,nlg,effect_modifying,3338799195,L2,920,1.2596186281640513,,0.0,0.0,0.0,0.0,920,172,1.2596186281640513,1.2596186281640513,19
